EMPRESA;REGIAO;DATACENTER;ZONA;SERVIDOR;CPU;RAM_TOTAL;RAM_USADA;RAM_PERCENT;DISCO_TOTAL;DISCO_USADO;DISCO_PERCENT;LATENCIA;PACOTES_ENVIADOS;PACOTES_RECEBIDOS;PACOTES_PERDIDOS;QTD_PR;PROCESSO1_CPU;PORCENTAGEM_PROCESSO1_CPU;PROCESSO2_CPU;PORCENTAGEM_PROCESSO2_CPU;PROCESSO3_CPU;PORCENTAGEM_PROCESSO3_CPU;PROCESSO1_RAM;PORCENTAGEM_PROCESSO1_RAM;PROCESSO2_RAM;PORCENTAGEM_PROCESSO2_RAM;PROCESSO3_RAM;PORCENTAGEM_PROCESSO3_RAM;QTD_NUCLEOS;USO_USER;USO_SISTEM;BOOTTIME;DATA_HORA;DIA_SEMANA;JOGADORES_ATIVOS
SteamData;São Paulo;DC-SP01;ZonaB;SRV-DB-01;45.67;34359738368;12432321031;36.18;536870912000;402643119392;75.0;101.0;171805;87870;21;269;chrome.exe;15.86;python.exe;5.21;discord.exe;11.81;chrome.exe;2718049763;discord.exe;1382266459;python.exe;945814893;8;55.36;26.58;1777822389;2026-05-26 15:33:09;Tuesday;792962
SteamData;Rio de Janeiro;DC-RJ01;ZonaC;SRV-WEB-01;56.97;34359738368;29395051525;85.55;536870912000;381492503850;71.06;20.44;192567;223174;25;282;chrome.exe;28.17;python.exe;14.62;discord.exe;10.91;chrome.exe;3580088595;discord.exe;1189718737;python.exe;688771442;16;65.78;19.02;1778167989;2026-05-26 15:33:09;Tuesday;663356
SteamData;Porto Alegre;DC-POA01;ZonaC;SRV-WEB-01;68.44;34359738368;23952419092;69.71;536870912000;235835766873;43.93;88.59;128730;331111;17;194;chrome.exe;14.81;python.exe;18.35;discord.exe;7.89;chrome.exe;3888095366;discord.exe;652508738;python.exe;931502440;32;66.03;9.89;1778340789;2026-05-26 15:33:09;Tuesday;843903
SteamData;São Paulo;DC-SP01;ZonaC;SRV-WEB-01;25.36;34359738368;28034307605;81.59;536870912000;347604159935;64.75;74.34;145777;141475;25;355;chrome.exe;31.32;python.exe;22.25;discord.exe;5.6;chrome.exe;2671779324;discord.exe;1362171230;python.exe;838084105;16;62.38;9.21;1778686389;2026-05-26 15:53:09;Tuesday;566123
SteamData;Rio de Janeiro;DC-RJ01;ZonaA;SRV-API-01;43.23;34359738368;23443128064;68.23;536870912000;335116371580;62.42;48.35;61131;276456;26;173;chrome.exe;37.84;python.exe;7.5;discord.exe;8.11;chrome.exe;3849285189;discord.exe;1869628320;python.exe;629416046;8;54.52;25.33;1778945589;2026-05-26 15:53:09;Tuesday;665246
SteamData;Porto Alegre;DC-POA01;ZonaA;SRV-WEB-01;89.46;34359738368;27260267795;79.34;536870912000;266599776406;49.66;66.79;150380;144498;5;378;chrome.exe;38.71;python.exe;23.02;discord.exe;8.48;chrome.exe;3678961707;discord.exe;620871010;python.exe;514994565;16;18.53;19.89;1780068789;2026-05-26 15:53:09;Tuesday;569964
SteamData;São Paulo;DC-SP01;ZonaC;SRV-API-01;40.67;34359738368;26064096821;75.86;536870912000;406822183792;75.78;21.2;81825;345297;6;200;chrome.exe;11.83;python.exe;14.71;discord.exe;4.95;chrome.exe;1281036089;discord.exe;1700985168;python.exe;821136812;32;59.99;27.8;1778254389;2026-05-26 16:13:09;Tuesday;886583
SteamData;Rio de Janeiro;DC-RJ01;ZonaA;SRV-DB-01;55.99;34359738368;14622043836;42.56;536870912000;311141320092;57.95;59.13;223638;192813;25;177;chrome.exe;20.31;python.exe;21.57;discord.exe;13.69;chrome.exe;2570222031;discord.exe;503136170;python.exe;789057561;32;51.48;13.25;1779982389;2026-05-26 16:13:09;Tuesday;771806
SteamData;Porto Alegre;DC-POA01;ZonaA;SRV-WEB-01;53.51;34359738368;14754059828;42.94;536870912000;329157352539;61.31;83.95;143908;362342;24;288;chrome.exe;26.37;python.exe;19.68;discord.exe;10.11;chrome.exe;2997741041;discord.exe;1023337350;python.exe;946223937;8;42.56;29.23;1779377589;2026-05-26 16:13:09;Tuesday;724352
SteamData;São Paulo;DC-SP01;ZonaA;SRV-API-01;29.77;34359738368;26191538779;76.23;536870912000;258759267332;48.2;59.8;275200;302378;15;320;chrome.exe;35.95;python.exe;21.0;discord.exe;11.03;chrome.exe;1289104062;discord.exe;1833156344;python.exe;668589741;16;40.6;12.31;1779377589;2026-05-26 16:33:09;Tuesday;765559
SteamData;Rio de Janeiro;DC-RJ01;ZonaA;SRV-API-01;52.87;34359738368;12300416866;35.8;536870912000;290160528882;54.05;33.43;274707;162377;8;367;chrome.exe;10.77;python.exe;6.28;discord.exe;10.4;chrome.exe;3414123671;discord.exe;1922209162;python.exe;647739126;32;68.37;7.96;1779463989;2026-05-26 16:33:09;Tuesday;547172
SteamData;Porto Alegre;DC-POA01;ZonaB;SRV-DB-01;38.41;34359738368;14728775013;42.87;536870912000;261777520860;48.76;52.27;115681;211295;14;238;chrome.exe;26.6;python.exe;19.86;discord.exe;5.73;chrome.exe;1418385398;discord.exe;1300421736;python.exe;897328923;8;27.44;13.28;1779377589;2026-05-26 16:33:09;Tuesday;672136
SteamData;São Paulo;DC-SP01;ZonaB;SRV-API-01;47.8;34359738368;26069154912;75.87;536870912000;408775528044;76.14;80.77;120432;326064;15;241;chrome.exe;37.69;python.exe;6.52;discord.exe;2.25;chrome.exe;1565020952;discord.exe;1560192418;python.exe;536466339;8;24.21;9.15;1779463989;2026-05-26 16:53:09;Tuesday;580005
SteamData;Rio de Janeiro;DC-RJ01;ZonaC;SRV-DB-01;53.17;34359738368;12563930188;36.57;536870912000;398610485711;74.25;14.3;139351;196874;19;253;chrome.exe;31.9;python.exe;19.09;discord.exe;2.49;chrome.exe;2356656801;discord.exe;1663882824;python.exe;322236618;16;49.76;16.94;1780155189;2026-05-26 16:53:09;Tuesday;564859
SteamData;Porto Alegre;DC-POA01;ZonaC;SRV-API-01;25.61;34359738368;27258335023;79.33;536870912000;393393839158;73.28;43.69;154283;197928;25;371;chrome.exe;39.03;python.exe;19.87;discord.exe;8.53;chrome.exe;2738060193;discord.exe;1637468391;python.exe;359268171;8;62.39;23.89;1778427189;2026-05-26 16:53:09;Tuesday;726027
SteamData;São Paulo;DC-SP01;ZonaB;SRV-WEB-01;86.66;34359738368;15030010546;43.74;536870912000;269532984280;50.2;97.15;56090;355619;11;286;chrome.exe;14.46;python.exe;11.28;discord.exe;6.0;chrome.exe;3677533511;discord.exe;1497334702;python.exe;652277991;8;44.21;14.01;1779723189;2026-05-26 17:13:09;Tuesday;810811
SteamData;Rio de Janeiro;DC-RJ01;ZonaA;SRV-WEB-01;89.82;34359738368;22557486370;65.65;536870912000;274382667359;51.11;79.77;83563;271754;12;318;chrome.exe;34.11;python.exe;11.46;discord.exe;13.52;chrome.exe;2647372721;discord.exe;826686259;python.exe;357860173;16;24.94;15.4;1778427189;2026-05-26 17:13:09;Tuesday;557213
SteamData;Porto Alegre;DC-POA01;ZonaB;SRV-DB-01;81.5;34359738368;26468467204;77.03;536870912000;392495862873;73.11;118.51;155639;287421;7;167;chrome.exe;38.19;python.exe;22.8;discord.exe;2.71;chrome.exe;2052717288;discord.exe;1814649880;python.exe;433259677;8;21.84;26.41;1778859189;2026-05-26 17:13:09;Tuesday;699285
SteamData;São Paulo;DC-SP01;ZonaA;SRV-API-01;31.43;34359738368;21905092356;63.75;536870912000;204658227258;38.12;100.0;75460;178917;4;163;chrome.exe;18.97;python.exe;5.94;discord.exe;4.04;chrome.exe;2445885231;discord.exe;1395366517;python.exe;435683639;8;61.93;19.87;1779291189;2026-05-26 17:33:09;Tuesday;795023
SteamData;Rio de Janeiro;DC-RJ01;ZonaC;SRV-WEB-01;49.02;34359738368;23310081486;67.84;536870912000;279656632837;52.09;90.45;132128;142314;29;330;chrome.exe;13.34;python.exe;7.78;discord.exe;5.42;chrome.exe;2592116185;discord.exe;1923737241;python.exe;352977047;16;56.56;25.02;1778340789;2026-05-26 17:33:09;Tuesday;596387
SteamData;Porto Alegre;DC-POA01;ZonaB;SRV-API-01;51.48;34359738368;13029129125;37.92;536870912000;219112364883;40.81;115.09;88804;254065;0;360;chrome.exe;35.8;python.exe;22.36;discord.exe;5.47;chrome.exe;3991750758;discord.exe;1238382106;python.exe;948786461;16;12.95;26.97;1778427189;2026-05-26 17:33:09;Tuesday;643558
SteamData;São Paulo;DC-SP01;ZonaB;SRV-API-01;47.27;34359738368;22952692746;66.8;536870912000;260083408569;48.44;60.23;96626;341669;30;192;chrome.exe;24.49;python.exe;10.88;discord.exe;5.97;chrome.exe;2678024350;discord.exe;693662943;python.exe;545172422;32;18.19;25.23;1778081589;2026-05-26 17:53:09;Tuesday;659609
SteamData;Rio de Janeiro;DC-RJ01;ZonaA;SRV-API-01;36.21;34359738368;25604114749;74.52;536870912000;449817089700;83.78;71.55;249235;216383;5;190;chrome.exe;21.84;python.exe;10.08;discord.exe;13.51;chrome.exe;2017190016;discord.exe;1419702829;python.exe;368521301;32;48.03;11.16;1778599989;2026-05-26 17:53:09;Tuesday;729639
SteamData;Porto Alegre;DC-POA01;ZonaA;SRV-WEB-01;62.41;34359738368;12289826046;35.77;536870912000;404307479462;75.31;67.66;144190;126363;27;236;chrome.exe;38.29;python.exe;22.93;discord.exe;13.58;chrome.exe;3353003305;discord.exe;747115104;python.exe;835117680;16;41.34;11.91;1779204789;2026-05-26 17:53:09;Tuesday;811304
SteamData;São Paulo;DC-SP01;ZonaC;SRV-DB-01;72.61;34359738368;27736754688;80.72;536870912000;252826426167;47.09;46.66;111331;192428;2;348;chrome.exe;18.73;python.exe;22.54;discord.exe;8.78;chrome.exe;2135370405;discord.exe;1649999445;python.exe;342472596;16;57.24;24.54;1778167989;2026-05-26 18:13:09;Tuesday;511309
SteamData;Rio de Janeiro;DC-RJ01;ZonaA;SRV-API-01;82.85;34359738368;20295771178;59.07;536870912000;328092768357;61.11;92.39;76073;125151;20;246;chrome.exe;13.7;python.exe;18.7;discord.exe;10.42;chrome.exe;2420105657;discord.exe;1036208487;python.exe;466281572;16;32.29;6.05;1778945589;2026-05-26 18:13:09;Tuesday;522355
SteamData;Porto Alegre;DC-POA01;ZonaB;SRV-WEB-01;84.42;34359738368;17917419675;52.15;536870912000;339612688681;63.26;90.61;125245;391397;14;159;chrome.exe;29.37;python.exe;22.64;discord.exe;2.78;chrome.exe;1903953844;discord.exe;1883684495;python.exe;472640735;8;30.4;10.52;1780241589;2026-05-26 18:13:09;Tuesday;807126
SteamData;São Paulo;DC-SP01;ZonaB;SRV-API-01;31.6;34359738368;22694208731;66.05;536870912000;286731749575;53.41;84.77;298538;126459;0;151;chrome.exe;33.0;python.exe;18.29;discord.exe;12.74;chrome.exe;2366140820;discord.exe;976927357;python.exe;472620600;8;11.67;24.35;1779463989;2026-05-26 18:33:09;Tuesday;662661
SteamData;Rio de Janeiro;DC-RJ01;ZonaB;SRV-DB-01;61.78;34359738368;25233398804;73.44;536870912000;441388312624;82.21;23.57;102567;120427;27;173;chrome.exe;12.47;python.exe;11.49;discord.exe;4.17;chrome.exe;2993371474;discord.exe;1027268935;python.exe;710596382;8;46.03;7.54;1778859189;2026-05-26 18:33:09;Tuesday;824348
SteamData;Porto Alegre;DC-POA01;ZonaC;SRV-API-01;49.6;34359738368;13332906463;38.8;536870912000;213164229804;39.7;38.4;180193;99931;6;359;chrome.exe;15.48;python.exe;18.88;discord.exe;5.57;chrome.exe;2170704341;discord.exe;857175164;python.exe;366475850;16;66.18;16.99;1778081589;2026-05-26 18:33:09;Tuesday;775262
SteamData;São Paulo;DC-SP01;ZonaA;SRV-WEB-01;53.71;34359738368;18408500397;53.58;536870912000;385228878007;71.75;44.06;127577;243754;27;211;chrome.exe;15.02;python.exe;12.58;discord.exe;12.07;chrome.exe;1067376177;discord.exe;602330235;python.exe;962831201;16;38.55;23.43;1780155189;2026-05-26 18:53:09;Tuesday;719891
SteamData;Rio de Janeiro;DC-RJ01;ZonaC;SRV-API-01;94.88;34359738368;15612699335;45.44;536870912000;299555421080;55.8;82.4;217327;267123;1;282;chrome.exe;14.55;python.exe;21.57;discord.exe;10.13;chrome.exe;1549290533;discord.exe;1006112933;python.exe;963193062;32;50.89;25.8;1779031989;2026-05-26 18:53:09;Tuesday;526637
SteamData;Porto Alegre;DC-POA01;ZonaC;SRV-DB-01;35.45;34359738368;16768775804;48.8;536870912000;236553601910;44.06;97.26;134426;350262;12;225;chrome.exe;39.29;python.exe;12.51;discord.exe;14.59;chrome.exe;2429988630;discord.exe;1900650327;python.exe;573773323;32;14.16;28.27;1779204789;2026-05-26 18:53:09;Tuesday;791709
SteamData;São Paulo;DC-SP01;ZonaA;SRV-WEB-01;62.51;34359738368;29059437994;84.57;536870912000;340429169750;63.41;67.43;199310;210211;16;353;chrome.exe;35.48;python.exe;20.16;discord.exe;5.76;chrome.exe;3550529674;discord.exe;856640054;python.exe;999224891;32;66.01;29.41;1778167989;2026-05-26 19:13:09;Tuesday;562630
SteamData;Rio de Janeiro;DC-RJ01;ZonaB;SRV-DB-01;36.49;34359738368;17303485592;50.36;536870912000;295053515891;54.96;51.02;224925;323896;24;166;chrome.exe;36.55;python.exe;15.93;discord.exe;11.14;chrome.exe;2729658644;discord.exe;1828683571;python.exe;892884653;8;50.16;11.68;1779723189;2026-05-26 19:13:09;Tuesday;740825
SteamData;Porto Alegre;DC-POA01;ZonaC;SRV-API-01;47.46;34359738368;12404599395;36.1;536870912000;317780086835;59.19;99.04;215780;81333;6;282;chrome.exe;39.79;python.exe;14.2;discord.exe;6.65;chrome.exe;1394310127;discord.exe;601244761;python.exe;780048668;8;12.98;13.02;1778254389;2026-05-26 19:13:09;Tuesday;835429
SteamData;São Paulo;DC-SP01;ZonaC;SRV-API-01;85.95;34359738368;18372360685;53.47;536870912000;339481905412;63.23;39.55;95907;51658;4;156;chrome.exe;16.71;python.exe;23.95;discord.exe;4.5;chrome.exe;1450856158;discord.exe;539355553;python.exe;991409676;8;69.98;23.35;1778340789;2026-05-26 19:33:09;Tuesday;725758
SteamData;Rio de Janeiro;DC-RJ01;ZonaB;SRV-API-01;68.13;34359738368;27717678314;80.67;536870912000;331645490275;61.77;105.17;83997;357532;13;294;chrome.exe;14.34;python.exe;13.6;discord.exe;12.44;chrome.exe;1496100205;discord.exe;1471958122;python.exe;475968679;8;28.93;13.36;1778513589;2026-05-26 19:33:09;Tuesday;590412
SteamData;Porto Alegre;DC-POA01;ZonaB;SRV-DB-01;76.7;34359738368;18626036164;54.21;536870912000;366979340521;68.36;67.88;284901;163181;6;151;chrome.exe;38.6;python.exe;9.76;discord.exe;11.51;chrome.exe;2077071474;discord.exe;1389687768;python.exe;893937084;16;30.94;6.69;1778167989;2026-05-26 19:33:09;Tuesday;684151
SteamData;São Paulo;DC-SP01;ZonaA;SRV-DB-01;73.97;34359738368;17524144467;51.0;536870912000;358853294810;66.84;14.73;56318;386107;12;254;chrome.exe;20.14;python.exe;23.79;discord.exe;12.63;chrome.exe;2948727026;discord.exe;1704533886;python.exe;709743968;8;61.93;19.72;1778686389;2026-05-26 19:53:09;Tuesday;759710
SteamData;Rio de Janeiro;DC-RJ01;ZonaB;SRV-WEB-01;80.11;34359738368;19028537280;55.38;536870912000;367951461083;68.54;40.08;196336;172165;12;175;chrome.exe;35.56;python.exe;22.06;discord.exe;10.48;chrome.exe;3418580694;discord.exe;1628197943;python.exe;354327629;16;35.4;12.32;1778686389;2026-05-26 19:53:09;Tuesday;593974
SteamData;Porto Alegre;DC-POA01;ZonaC;SRV-WEB-01;25.31;34359738368;19514289063;56.79;536870912000;410111717153;76.39;80.08;296356;236895;16;351;chrome.exe;15.99;python.exe;10.83;discord.exe;4.62;chrome.exe;3187725884;discord.exe;770290191;python.exe;870092198;16;48.04;29.07;1777735989;2026-05-26 19:53:09;Tuesday;691133
SteamData;São Paulo;DC-SP01;ZonaC;SRV-WEB-01;26.68;34359738368;24162785057;70.32;536870912000;412292738161;76.8;63.85;55612;318687;6;250;chrome.exe;29.51;python.exe;21.84;discord.exe;10.15;chrome.exe;3042156384;discord.exe;1695258295;python.exe;666924658;8;16.79;12.97;1778772789;2026-05-26 20:13:09;Tuesday;636599
SteamData;Rio de Janeiro;DC-RJ01;ZonaA;SRV-DB-01;55.37;34359738368;24203645682;70.44;536870912000;307816734100;57.34;107.35;85782;333761;9;384;chrome.exe;26.4;python.exe;16.42;discord.exe;14.34;chrome.exe;3733857073;discord.exe;1589887700;python.exe;843784816;32;52.29;8.15;1780241589;2026-05-26 20:13:09;Tuesday;797210
SteamData;Porto Alegre;DC-POA01;ZonaC;SRV-DB-01;81.27;34359738368;12606728985;36.69;536870912000;274380901382;51.11;56.53;103656;376346;21;166;chrome.exe;24.98;python.exe;20.53;discord.exe;13.79;chrome.exe;2323047080;discord.exe;1377268333;python.exe;947913369;16;15.22;16.44;1778599989;2026-05-26 20:13:09;Tuesday;677201
SteamData;São Paulo;DC-SP01;ZonaA;SRV-API-01;42.18;34359738368;28207968821;82.1;536870912000;413845713262;77.08;117.9;293034;139111;10;334;chrome.exe;17.43;python.exe;17.11;discord.exe;8.66;chrome.exe;3943039178;discord.exe;1820840579;python.exe;778927444;32;66.11;18.53;1779291189;2026-05-26 20:33:09;Tuesday;613746
SteamData;Rio de Janeiro;DC-RJ01;ZonaA;SRV-WEB-01;34.75;34359738368;12463981573;36.27;536870912000;350819414462;65.35;93.6;190355;138915;10;166;chrome.exe;36.39;python.exe;13.37;discord.exe;14.48;chrome.exe;2209719125;discord.exe;1416668865;python.exe;539907916;8;43.15;8.64;1779982389;2026-05-26 20:33:09;Tuesday;684465
SteamData;Porto Alegre;DC-POA01;ZonaA;SRV-WEB-01;40.21;34359738368;18046304243;52.52;536870912000;365571418031;68.09;64.79;179302;350810;22;381;chrome.exe;37.57;python.exe;22.13;discord.exe;14.69;chrome.exe;2995032642;discord.exe;1793784790;python.exe;534193205;8;60.3;16.26;1779291189;2026-05-26 20:33:09;Tuesday;794990
SteamData;São Paulo;DC-SP01;ZonaB;SRV-API-01;40.81;34359738368;22017932198;64.08;536870912000;343927528042;64.06;13.52;255304;208535;25;228;chrome.exe;36.04;python.exe;18.57;discord.exe;4.93;chrome.exe;1661534039;discord.exe;821876675;python.exe;350919753;32;41.04;13.69;1779809589;2026-05-26 20:53:09;Tuesday;697553
SteamData;Rio de Janeiro;DC-RJ01;ZonaA;SRV-DB-01;74.11;34359738368;13526101657;39.37;536870912000;240805114055;44.85;59.26;297897;205110;22;344;chrome.exe;23.52;python.exe;12.33;discord.exe;2.19;chrome.exe;3689377059;discord.exe;1559878882;python.exe;714415245;32;52.91;13.71;1778945589;2026-05-26 20:53:09;Tuesday;563752
SteamData;Porto Alegre;DC-POA01;ZonaA;SRV-API-01;90.56;34359738368;17032286979;49.57;536870912000;379006752039;70.6;41.97;144933;300429;12;193;chrome.exe;10.13;python.exe;23.65;discord.exe;5.09;chrome.exe;3489739076;discord.exe;1029290136;python.exe;370137793;16;13.97;23.52;1778686389;2026-05-26 20:53:09;Tuesday;893096
SteamData;São Paulo;DC-SP01;ZonaB;SRV-WEB-01;68.76;34359738368;13413456707;39.04;536870912000;260739325955;48.57;99.36;70398;313221;16;366;chrome.exe;11.01;python.exe;8.6;discord.exe;8.0;chrome.exe;2807720372;discord.exe;1165840851;python.exe;501040068;8;56.38;23.0;1779636789;2026-05-26 21:13:09;Tuesday;666518
SteamData;Rio de Janeiro;DC-RJ01;ZonaA;SRV-WEB-01;38.01;34359738368;27341674750;79.57;536870912000;305357618221;56.88;32.43;116977;312192;15;152;chrome.exe;31.71;python.exe;7.18;discord.exe;5.39;chrome.exe;1047367232;discord.exe;1366807135;python.exe;728136008;16;50.75;10.92;1777995189;2026-05-26 21:13:09;Tuesday;694435
SteamData;Porto Alegre;DC-POA01;ZonaC;SRV-DB-01;44.13;34359738368;20249699158;58.93;536870912000;423247139751;78.84;56.8;169782;324932;30;158;chrome.exe;39.93;python.exe;11.65;discord.exe;5.32;chrome.exe;2714892338;discord.exe;1999573903;python.exe;709879880;16;10.71;9.33;1777822389;2026-05-26 21:13:09;Tuesday;761155
SteamData;São Paulo;DC-SP01;ZonaB;SRV-API-01;86.48;34359738368;21856071852;63.61;536870912000;267884306951;49.9;24.88;105183;271693;28;212;chrome.exe;39.41;python.exe;6.95;discord.exe;12.95;chrome.exe;1180343191;discord.exe;1493906542;python.exe;323503544;16;48.63;24.4;1779377589;2026-05-26 21:33:09;Tuesday;583426
SteamData;Rio de Janeiro;DC-RJ01;ZonaC;SRV-WEB-01;36.33;34359738368;23541040782;68.51;536870912000;353992515685;65.94;31.55;290165;80542;24;236;chrome.exe;22.19;python.exe;11.35;discord.exe;3.85;chrome.exe;1614018472;discord.exe;679970189;python.exe;792952975;16;61.47;21.31;1780155189;2026-05-26 21:33:09;Tuesday;678210
SteamData;Porto Alegre;DC-POA01;ZonaC;SRV-WEB-01;46.5;34359738368;26879352975;78.23;536870912000;307701558398;57.31;37.69;197252;74119;29;339;chrome.exe;36.97;python.exe;15.63;discord.exe;4.89;chrome.exe;2658879241;discord.exe;1011947730;python.exe;395234231;16;46.44;11.14;1779809589;2026-05-26 21:33:09;Tuesday;813820
SteamData;São Paulo;DC-SP01;ZonaA;SRV-DB-01;49.38;34359738368;24968103711;72.67;536870912000;212814938705;39.64;38.28;58927;173983;23;359;chrome.exe;15.49;python.exe;15.2;discord.exe;5.31;chrome.exe;2216503427;discord.exe;1776298735;python.exe;495629026;8;59.15;13.77;1778081589;2026-05-26 21:53:09;Tuesday;680655
SteamData;Rio de Janeiro;DC-RJ01;ZonaA;SRV-DB-01;82.07;34359738368;23329793106;67.9;536870912000;439963532023;81.95;71.7;247822;96606;6;301;chrome.exe;12.75;python.exe;10.0;discord.exe;14.48;chrome.exe;2502868831;discord.exe;1535148844;python.exe;989123491;16;36.72;29.74;1780155189;2026-05-26 21:53:09;Tuesday;802237
SteamData;Porto Alegre;DC-POA01;ZonaC;SRV-DB-01;39.88;34359738368;23105558456;67.25;536870912000;324170112828;60.38;98.01;89122;387050;29;174;chrome.exe;29.66;python.exe;18.28;discord.exe;6.78;chrome.exe;2864516692;discord.exe;782279627;python.exe;677848569;16;41.83;14.47;1778427189;2026-05-26 21:53:09;Tuesday;854237
SteamData;São Paulo;DC-SP01;ZonaC;SRV-WEB-01;44.11;34359738368;15292373149;44.51;536870912000;288062484328;53.66;30.84;102431;223346;30;260;chrome.exe;32.81;python.exe;15.79;discord.exe;2.35;chrome.exe;2486510753;discord.exe;1311508675;python.exe;413434097;8;11.85;10.74;1778427189;2026-05-26 22:13:09;Tuesday;826434
SteamData;Rio de Janeiro;DC-RJ01;ZonaC;SRV-DB-01;75.12;34359738368;19046136978;55.43;536870912000;342195342999;63.74;116.17;84489;110458;7;276;chrome.exe;21.5;python.exe;14.22;discord.exe;2.94;chrome.exe;2176072060;discord.exe;1481940985;python.exe;307630324;8;66.47;24.46;1778081589;2026-05-26 22:13:09;Tuesday;647109
SteamData;Porto Alegre;DC-POA01;ZonaA;SRV-API-01;80.72;34359738368;18587515066;54.1;536870912000;301564746282;56.17;68.54;115147;122905;2;219;chrome.exe;38.37;python.exe;14.7;discord.exe;5.68;chrome.exe;3770052661;discord.exe;1860142878;python.exe;765664642;32;31.76;9.71;1780155189;2026-05-26 22:13:09;Tuesday;579389
SteamData;São Paulo;DC-SP01;ZonaC;SRV-WEB-01;48.5;34359738368;12460027727;36.26;536870912000;232378513714;43.28;78.75;129616;261535;9;165;chrome.exe;30.45;python.exe;22.69;discord.exe;6.5;chrome.exe;1204833757;discord.exe;1138991389;python.exe;335141830;16;37.32;23.42;1778340789;2026-05-26 22:33:09;Tuesday;852669
SteamData;Rio de Janeiro;DC-RJ01;ZonaC;SRV-API-01;64.21;34359738368;20839983289;60.65;536870912000;286062466417;53.28;24.72;116585;222135;22;228;chrome.exe;14.92;python.exe;14.21;discord.exe;4.39;chrome.exe;2370813952;discord.exe;1170672866;python.exe;771247818;16;21.05;13.71;1777995189;2026-05-26 22:33:09;Tuesday;691561
SteamData;Porto Alegre;DC-POA01;ZonaC;SRV-API-01;33.17;34359738368;18908233180;55.03;536870912000;271965582010;50.66;55.19;172067;113697;22;264;chrome.exe;13.33;python.exe;6.38;discord.exe;12.84;chrome.exe;3948264667;discord.exe;1823738787;python.exe;608952308;16;58.48;11.2;1777908789;2026-05-26 22:33:09;Tuesday;638146
SteamData;São Paulo;DC-SP01;ZonaB;SRV-WEB-01;56.54;34359738368;22462985210;65.38;536870912000;282910407294;52.7;103.34;121768;141477;22;232;chrome.exe;23.41;python.exe;7.48;discord.exe;4.75;chrome.exe;3353477021;discord.exe;854157501;python.exe;385805957;16;64.99;19.8;1780241589;2026-05-26 22:53:09;Tuesday;516625
SteamData;Rio de Janeiro;DC-RJ01;ZonaC;SRV-WEB-01;51.65;34359738368;25667427251;74.7;536870912000;296243245604;55.18;56.14;200734;287515;4;331;chrome.exe;20.7;python.exe;9.74;discord.exe;14.84;chrome.exe;1791972497;discord.exe;989863608;python.exe;907843781;8;53.13;7.74;1778167989;2026-05-26 22:53:09;Tuesday;659006
SteamData;Porto Alegre;DC-POA01;ZonaC;SRV-WEB-01;59.83;34359738368;13029189663;37.92;536870912000;375838886330;70.01;61.2;219336;144197;16;289;chrome.exe;16.56;python.exe;8.49;discord.exe;14.78;chrome.exe;3820324311;discord.exe;1362990883;python.exe;819920880;16;39.09;5.16;1778081589;2026-05-26 22:53:09;Tuesday;890885
SteamData;São Paulo;DC-SP01;ZonaC;SRV-DB-01;41.68;34359738368;15204871072;44.25;536870912000;268371992513;49.99;16.83;181081;66661;25;390;chrome.exe;29.97;python.exe;18.17;discord.exe;8.49;chrome.exe;2528337116;discord.exe;1155769156;python.exe;349767371;16;33.39;13.96;1779895989;2026-05-26 23:13:09;Tuesday;886999
SteamData;Rio de Janeiro;DC-RJ01;ZonaA;SRV-WEB-01;34.63;34359738368;26059956001;75.84;536870912000;403979935517;75.25;69.91;98518;64525;20;249;chrome.exe;10.25;python.exe;13.32;discord.exe;7.78;chrome.exe;1486378110;discord.exe;688435526;python.exe;516642466;16;34.65;22.47;1778599989;2026-05-26 23:13:09;Tuesday;749885
SteamData;Porto Alegre;DC-POA01;ZonaB;SRV-DB-01;91.66;34359738368;20821580839;60.6;536870912000;369941923120;68.91;57.42;204107;389212;3;309;chrome.exe;35.99;python.exe;8.46;discord.exe;13.25;chrome.exe;1182561901;discord.exe;1034741447;python.exe;928336811;16;66.52;17.44;1777735989;2026-05-26 23:13:09;Tuesday;571994
SteamData;São Paulo;DC-SP01;ZonaA;SRV-API-01;34.96;34359738368;17063260782;49.66;536870912000;264119545524;49.2;17.51;59691;176896;21;202;chrome.exe;26.68;python.exe;8.58;discord.exe;13.22;chrome.exe;2662149153;discord.exe;946759542;python.exe;460432757;32;40.3;26.5;1779204789;2026-05-26 23:33:09;Tuesday;767733
SteamData;Rio de Janeiro;DC-RJ01;ZonaA;SRV-API-01;57.9;34359738368;28248183153;82.21;536870912000;265488260790;49.45;85.73;77962;172667;26;262;chrome.exe;34.66;python.exe;20.63;discord.exe;7.32;chrome.exe;3567640695;discord.exe;1299071692;python.exe;454972677;32;27.72;13.52;1779377589;2026-05-26 23:33:09;Tuesday;689378
SteamData;Porto Alegre;DC-POA01;ZonaA;SRV-WEB-01;87.02;34359738368;16547381442;48.16;536870912000;316210785974;58.9;35.88;243368;352364;26;363;chrome.exe;20.07;python.exe;24.62;discord.exe;3.19;chrome.exe;3999354857;discord.exe;971854206;python.exe;652459120;16;41.34;28.42;1779031989;2026-05-26 23:33:09;Tuesday;547510
SteamData;São Paulo;DC-SP01;ZonaA;SRV-WEB-01;63.91;34359738368;18053485959;52.54;536870912000;256284195537;47.74;11.1;126043;194049;28;176;chrome.exe;11.56;python.exe;7.17;discord.exe;13.87;chrome.exe;2837207460;discord.exe;1927429195;python.exe;327129716;8;62.35;28.59;1779723189;2026-05-26 23:53:09;Tuesday;685916
SteamData;Rio de Janeiro;DC-RJ01;ZonaB;SRV-API-01;54.89;34359738368;17645102522;51.35;536870912000;251142449577;46.78;84.3;150359;140428;24;280;chrome.exe;29.2;python.exe;21.92;discord.exe;8.66;chrome.exe;1675698434;discord.exe;645696501;python.exe;652389282;32;13.91;12.59;1777822389;2026-05-26 23:53:09;Tuesday;857519
SteamData;Porto Alegre;DC-POA01;ZonaB;SRV-WEB-01;36.28;34359738368;19097380179;55.58;536870912000;415208635601;77.34;109.28;123863;326832;27;215;chrome.exe;11.35;python.exe;21.71;discord.exe;13.04;chrome.exe;1727373615;discord.exe;1051646955;python.exe;745862126;32;39.83;9.95;1779377589;2026-05-26 23:53:09;Tuesday;522421
SteamData;São Paulo;DC-SP01;ZonaA;SRV-WEB-01;37.16;34359738368;23061680681;67.12;536870912000;406658594107;75.75;16.38;110628;372090;14;165;chrome.exe;37.49;python.exe;6.83;discord.exe;2.35;chrome.exe;3332493248;discord.exe;830673520;python.exe;484523245;32;17.65;26.98;1779463989;2026-05-27 00:13:09;Wednesday;553832
SteamData;Rio de Janeiro;DC-RJ01;ZonaC;SRV-API-01;40.28;34359738368;29492813731;85.84;536870912000;222028656020;41.36;23.4;130293;146049;20;264;chrome.exe;11.68;python.exe;6.71;discord.exe;7.74;chrome.exe;3987735021;discord.exe;861148847;python.exe;411220386;8;34.65;16.56;1778859189;2026-05-27 00:13:09;Wednesday;516071
SteamData;Porto Alegre;DC-POA01;ZonaB;SRV-DB-01;47.12;34359738368;13107631685;38.15;536870912000;274745427317;51.18;85.93;86955;164541;4;330;chrome.exe;33.93;python.exe;19.43;discord.exe;12.43;chrome.exe;3462447152;discord.exe;1834213506;python.exe;478275083;16;53.98;9.92;1779636789;2026-05-27 00:13:09;Wednesday;759531
SteamData;São Paulo;DC-SP01;ZonaB;SRV-WEB-01;63.15;34359738368;17125224406;49.84;536870912000;396878363945;73.92;115.59;112297;68389;19;284;chrome.exe;10.86;python.exe;13.96;discord.exe;2.17;chrome.exe;3976890476;discord.exe;523937453;python.exe;995406923;16;63.27;19.1;1779031989;2026-05-27 00:33:09;Wednesday;828355
SteamData;Rio de Janeiro;DC-RJ01;ZonaA;SRV-DB-01;79.19;34359738368;13440968994;39.12;536870912000;325234033664;60.58;75.37;245534;289852;8;385;chrome.exe;18.0;python.exe;6.6;discord.exe;5.1;chrome.exe;1941511567;discord.exe;955944235;python.exe;439242115;32;68.6;24.91;1779723189;2026-05-27 00:33:09;Wednesday;892714
SteamData;Porto Alegre;DC-POA01;ZonaA;SRV-DB-01;69.71;34359738368;26508643816;77.15;536870912000;262492143935;48.89;22.08;294881;315202;23;355;chrome.exe;26.6;python.exe;20.55;discord.exe;7.05;chrome.exe;2022437358;discord.exe;915120834;python.exe;862591190;16;52.61;12.08;1778427189;2026-05-27 00:33:09;Wednesday;874091
SteamData;São Paulo;DC-SP01;ZonaA;SRV-DB-01;41.39;34359738368;21057660599;61.29;536870912000;414672106009;77.24;113.91;143107;156739;8;203;chrome.exe;30.2;python.exe;5.12;discord.exe;8.05;chrome.exe;1504163415;discord.exe;1197595278;python.exe;324055620;16;28.39;25.72;1779636789;2026-05-27 00:53:09;Wednesday;736903
SteamData;Rio de Janeiro;DC-RJ01;ZonaB;SRV-WEB-01;66.72;34359738368;21645816524;63.0;536870912000;296889739891;55.3;99.64;230969;129182;23;353;chrome.exe;37.35;python.exe;13.81;discord.exe;12.52;chrome.exe;1495023384;discord.exe;1954554719;python.exe;822489207;16;56.02;22.58;1779982389;2026-05-27 00:53:09;Wednesday;634672
SteamData;Porto Alegre;DC-POA01;ZonaB;SRV-DB-01;27.68;34359738368;16047061912;46.7;536870912000;254050535619;47.32;13.14;52145;172138;15;347;chrome.exe;28.37;python.exe;6.75;discord.exe;9.94;chrome.exe;3848224417;discord.exe;1514318095;python.exe;535518022;32;49.15;21.63;1778427189;2026-05-27 00:53:09;Wednesday;688682
SteamData;São Paulo;DC-SP01;ZonaA;SRV-DB-01;78.13;34359738368;12995765453;37.82;536870912000;397882771724;74.11;110.61;169779;188546;13;392;chrome.exe;31.58;python.exe;18.0;discord.exe;14.19;chrome.exe;1536834893;discord.exe;949575252;python.exe;879602949;16;16.06;22.56;1779723189;2026-05-27 01:13:09;Wednesday;851905
SteamData;Rio de Janeiro;DC-RJ01;ZonaB;SRV-WEB-01;67.17;34359738368;24209104371;70.46;536870912000;287096481403;53.48;20.88;242146;129314;15;276;chrome.exe;33.83;python.exe;14.32;discord.exe;10.15;chrome.exe;2607753295;discord.exe;519322790;python.exe;397564653;8;31.73;14.32;1778340789;2026-05-27 01:13:09;Wednesday;735627
SteamData;Porto Alegre;DC-POA01;ZonaB;SRV-DB-01;88.78;34359738368;19561437515;56.93;536870912000;202947938914;37.8;106.68;79797;298282;25;254;chrome.exe;15.18;python.exe;22.03;discord.exe;6.68;chrome.exe;2331480439;discord.exe;1337710544;python.exe;760146639;16;30.01;11.99;1778340789;2026-05-27 01:13:09;Wednesday;814046
SteamData;São Paulo;DC-SP01;ZonaB;SRV-API-01;92.94;34359738368;12470112161;36.29;536870912000;308075864021;57.38;42.22;263400;390353;30;158;chrome.exe;23.79;python.exe;18.0;discord.exe;4.6;chrome.exe;2937193396;discord.exe;630297760;python.exe;548681456;32;65.95;7.66;1779982389;2026-05-27 01:33:09;Wednesday;864702
SteamData;Rio de Janeiro;DC-RJ01;ZonaA;SRV-DB-01;26.41;34359738368;15978188881;46.5;536870912000;327947103939;61.08;115.72;58771;238166;12;327;chrome.exe;39.02;python.exe;14.34;discord.exe;3.02;chrome.exe;3190674464;discord.exe;1057586354;python.exe;330544181;32;34.76;14.83;1779809589;2026-05-27 01:33:09;Wednesday;705208
SteamData;Porto Alegre;DC-POA01;ZonaA;SRV-WEB-01;67.64;34359738368;22267869276;64.81;536870912000;399420491309;74.4;50.79;264471;209170;19;155;chrome.exe;12.12;python.exe;5.41;discord.exe;4.89;chrome.exe;3241804739;discord.exe;1605160859;python.exe;809559308;16;65.57;16.07;1780155189;2026-05-27 01:33:09;Wednesday;754306
SteamData;São Paulo;DC-SP01;ZonaA;SRV-DB-01;29.29;34359738368;18460403847;53.73;536870912000;299541774360;55.79;13.98;185071;260565;22;344;chrome.exe;15.77;python.exe;14.56;discord.exe;10.43;chrome.exe;3642223496;discord.exe;1313446872;python.exe;667626982;16;42.2;7.66;1779291189;2026-05-27 01:53:09;Wednesday;758197
SteamData;Rio de Janeiro;DC-RJ01;ZonaA;SRV-API-01;57.2;34359738368;14021365396;40.81;536870912000;361829735426;67.4;119.51;153147;115785;26;236;chrome.exe;26.2;python.exe;18.55;discord.exe;12.08;chrome.exe;3972909206;discord.exe;912019386;python.exe;871830626;32;49.39;27.99;1779463989;2026-05-27 01:53:09;Wednesday;792182
SteamData;Porto Alegre;DC-POA01;ZonaA;SRV-API-01;79.34;34359738368;19612890969;57.08;536870912000;204850084699;38.16;86.27;259928;396709;16;170;chrome.exe;39.9;python.exe;6.52;discord.exe;14.11;chrome.exe;2689056765;discord.exe;1393610711;python.exe;907618320;8;40.56;14.99;1777995189;2026-05-27 01:53:09;Wednesday;849008
SteamData;São Paulo;DC-SP01;ZonaC;SRV-WEB-01;82.34;34359738368;14375950031;41.84;536870912000;382661203838;71.28;59.14;244012;348357;3;215;chrome.exe;34.63;python.exe;15.73;discord.exe;5.49;chrome.exe;3871121459;discord.exe;1806969520;python.exe;660464695;16;54.38;12.38;1777995189;2026-05-27 02:13:09;Wednesday;623479
SteamData;Rio de Janeiro;DC-RJ01;ZonaB;SRV-WEB-01;37.2;34359738368;13771131779;40.08;536870912000;299687943320;55.82;97.31;172387;156677;20;185;chrome.exe;33.18;python.exe;18.26;discord.exe;10.22;chrome.exe;2267988300;discord.exe;1878668414;python.exe;508708858;32;19.52;20.73;1778945589;2026-05-27 02:13:09;Wednesday;579583
SteamData;Porto Alegre;DC-POA01;ZonaB;SRV-API-01;67.69;34359738368;19990941591;58.18;536870912000;439721708940;81.9;30.8;279706;133051;11;187;chrome.exe;33.34;python.exe;24.75;discord.exe;5.9;chrome.exe;2802584962;discord.exe;1978781166;python.exe;950783340;8;19.49;18.97;1779463989;2026-05-27 02:13:09;Wednesday;684973
SteamData;São Paulo;DC-SP01;ZonaA;SRV-WEB-01;31.3;34359738368;16642750751;48.44;536870912000;282589192488;52.64;81.87;230507;211791;14;259;chrome.exe;39.83;python.exe;21.01;discord.exe;13.73;chrome.exe;1647747660;discord.exe;673965769;python.exe;927114232;16;14.98;24.15;1779204789;2026-05-27 02:33:09;Wednesday;623006
SteamData;Rio de Janeiro;DC-RJ01;ZonaA;SRV-WEB-01;71.26;34359738368;14597507877;42.48;536870912000;202479021849;37.71;40.32;171058;237320;29;277;chrome.exe;26.58;python.exe;21.86;discord.exe;8.7;chrome.exe;3419971551;discord.exe;1682789004;python.exe;335539272;8;58.62;14.98;1779031989;2026-05-27 02:33:09;Wednesday;609744
SteamData;Porto Alegre;DC-POA01;ZonaC;SRV-DB-01;86.55;34359738368;13924965113;40.53;536870912000;307387644142;57.26;40.96;92639;375563;24;330;chrome.exe;23.57;python.exe;22.32;discord.exe;6.89;chrome.exe;3254227568;discord.exe;1040040189;python.exe;335867589;16;37.94;15.39;1778945589;2026-05-27 02:33:09;Wednesday;852393
SteamData;São Paulo;DC-SP01;ZonaA;SRV-DB-01;81.59;34359738368;23431231681;68.19;536870912000;317885394116;59.21;106.32;180984;316044;21;171;chrome.exe;12.59;python.exe;7.47;discord.exe;12.53;chrome.exe;2957328146;discord.exe;1129041643;python.exe;312362946;8;64.92;8.86;1779031989;2026-05-27 02:53:09;Wednesday;869906
SteamData;Rio de Janeiro;DC-RJ01;ZonaA;SRV-DB-01;51.9;34359738368;23285494631;67.77;536870912000;269278817774;50.16;91.99;264450;251753;4;233;chrome.exe;12.93;python.exe;15.72;discord.exe;5.1;chrome.exe;2511174594;discord.exe;1354376429;python.exe;618014232;8;33.84;14.91;1779377589;2026-05-27 02:53:09;Wednesday;502917
SteamData;Porto Alegre;DC-POA01;ZonaB;SRV-API-01;61.36;34359738368;28511925008;82.98;536870912000;252608021355;47.05;16.38;190823;117691;14;307;chrome.exe;36.46;python.exe;23.72;discord.exe;13.3;chrome.exe;2020965111;discord.exe;1452996391;python.exe;411442922;32;18.35;28.23;1779550389;2026-05-27 02:53:09;Wednesday;515703
SteamData;São Paulo;DC-SP01;ZonaC;SRV-WEB-01;58.93;34359738368;24597215087;71.59;536870912000;407518283820;75.91;26.21;55828;234500;19;192;chrome.exe;26.99;python.exe;22.05;discord.exe;14.5;chrome.exe;2362706737;discord.exe;1895760593;python.exe;679173793;16;13.07;20.77;1777735989;2026-05-27 03:13:09;Wednesday;752992
SteamData;Rio de Janeiro;DC-RJ01;ZonaA;SRV-WEB-01;59.3;34359738368;24518015772;71.36;536870912000;334669058072;62.34;63.02;100556;167957;4;211;chrome.exe;35.88;python.exe;20.96;discord.exe;4.13;chrome.exe;3363224551;discord.exe;967054591;python.exe;632770302;16;26.5;11.17;1779118389;2026-05-27 03:13:09;Wednesday;574941
SteamData;Porto Alegre;DC-POA01;ZonaB;SRV-API-01;81.25;34359738368;12004265131;34.94;536870912000;361458474758;67.33;118.21;219788;368015;17;151;chrome.exe;32.93;python.exe;23.66;discord.exe;13.56;chrome.exe;3552369351;discord.exe;1048317194;python.exe;782368596;32;18.93;8.3;1777735989;2026-05-27 03:13:09;Wednesday;805708
SteamData;São Paulo;DC-SP01;ZonaC;SRV-DB-01;44.33;34359738368;26856665067;78.16;536870912000;331775315793;61.8;80.47;57733;174195;29;284;chrome.exe;22.82;python.exe;22.52;discord.exe;3.66;chrome.exe;1107062369;discord.exe;1104042950;python.exe;361980321;8;32.06;22.52;1778427189;2026-05-27 03:33:09;Wednesday;553201
SteamData;Rio de Janeiro;DC-RJ01;ZonaA;SRV-DB-01;45.31;34359738368;26148171765;76.1;536870912000;378038762992;70.42;77.6;210054;164378;8;251;chrome.exe;26.02;python.exe;11.95;discord.exe;4.35;chrome.exe;3066515102;discord.exe;737107857;python.exe;394558519;8;49.62;26.07;1779723189;2026-05-27 03:33:09;Wednesday;720094
SteamData;Porto Alegre;DC-POA01;ZonaA;SRV-DB-01;88.71;34359738368;15667851237;45.6;536870912000;357099703204;66.52;28.51;75892;262345;17;359;chrome.exe;17.95;python.exe;12.14;discord.exe;2.83;chrome.exe;1479486962;discord.exe;1156483321;python.exe;856183299;32;25.53;22.94;1778945589;2026-05-27 03:33:09;Wednesday;656869
SteamData;São Paulo;DC-SP01;ZonaA;SRV-API-01;72.12;34359738368;25386203211;73.88;536870912000;243918450406;45.43;24.25;117666;119577;26;243;chrome.exe;38.7;python.exe;10.47;discord.exe;3.22;chrome.exe;1655521840;discord.exe;1072323113;python.exe;648137728;16;39.99;27.76;1778772789;2026-05-27 03:53:09;Wednesday;603280
SteamData;Rio de Janeiro;DC-RJ01;ZonaB;SRV-DB-01;62.63;34359738368;22759531053;66.24;536870912000;424534824106;79.08;24.93;261251;82562;13;347;chrome.exe;19.15;python.exe;9.8;discord.exe;7.75;chrome.exe;3237405678;discord.exe;949079660;python.exe;514504067;16;52.53;13.57;1777995189;2026-05-27 03:53:09;Wednesday;535772
SteamData;Porto Alegre;DC-POA01;ZonaA;SRV-API-01;78.69;34359738368;29789618503;86.7;536870912000;326999037023;60.91;64.63;65528;137114;12;327;chrome.exe;24.18;python.exe;7.31;discord.exe;2.55;chrome.exe;2026392128;discord.exe;1299580548;python.exe;980357538;32;43.15;12.99;1778945589;2026-05-27 03:53:09;Wednesday;849810
SteamData;São Paulo;DC-SP01;ZonaA;SRV-DB-01;40.22;34359738368;28938839128;84.22;536870912000;359954654233;67.05;56.85;242906;60407;1;275;chrome.exe;14.32;python.exe;21.19;discord.exe;6.96;chrome.exe;2548349810;discord.exe;1509886611;python.exe;841113042;8;38.75;28.1;1777995189;2026-05-27 04:13:09;Wednesday;556596
SteamData;Rio de Janeiro;DC-RJ01;ZonaB;SRV-API-01;44.02;34359738368;13080348876;38.07;536870912000;236770624643;44.1;49.17;55589;257039;4;376;chrome.exe;22.28;python.exe;7.04;discord.exe;10.47;chrome.exe;3348767584;discord.exe;514173145;python.exe;711903365;8;38.83;5.69;1778427189;2026-05-27 04:13:09;Wednesday;512332
SteamData;Porto Alegre;DC-POA01;ZonaA;SRV-WEB-01;90.77;34359738368;25829537755;75.17;536870912000;368291746213;68.6;48.43;110719;291920;23;230;chrome.exe;17.83;python.exe;19.9;discord.exe;5.65;chrome.exe;1037445738;discord.exe;533130469;python.exe;404342669;8;50.68;26.49;1779377589;2026-05-27 04:13:09;Wednesday;501724
SteamData;São Paulo;DC-SP01;ZonaB;SRV-API-01;37.37;34359738368;14829193426;43.16;536870912000;308059055137;57.38;12.38;105726;383055;21;163;chrome.exe;28.93;python.exe;11.96;discord.exe;6.11;chrome.exe;2922830790;discord.exe;1573595072;python.exe;943323698;8;34.65;5.1;1780068789;2026-05-27 04:33:09;Wednesday;855354
SteamData;Rio de Janeiro;DC-RJ01;ZonaB;SRV-API-01;56.67;34359738368;13356207803;38.87;536870912000;435821211842;81.18;68.23;281764;52403;8;208;chrome.exe;33.65;python.exe;13.1;discord.exe;14.4;chrome.exe;3630487877;discord.exe;1756448629;python.exe;870925295;16;42.79;23.68;1779377589;2026-05-27 04:33:09;Wednesday;894334
SteamData;Porto Alegre;DC-POA01;ZonaB;SRV-DB-01;50.82;34359738368;20159130137;58.67;536870912000;303500599006;56.53;51.84;280983;390065;13;160;chrome.exe;19.81;python.exe;21.29;discord.exe;6.89;chrome.exe;1164612939;discord.exe;922112031;python.exe;986914671;32;47.92;18.91;1777735989;2026-05-27 04:33:09;Wednesday;563028
SteamData;São Paulo;DC-SP01;ZonaB;SRV-DB-01;93.84;34359738368;19512161099;56.79;536870912000;284338577798;52.96;49.58;291538;188464;15;227;chrome.exe;13.81;python.exe;11.63;discord.exe;5.22;chrome.exe;2693876991;discord.exe;652248070;python.exe;300755564;32;59.33;29.4;1778081589;2026-05-27 04:53:09;Wednesday;605274
SteamData;Rio de Janeiro;DC-RJ01;ZonaA;SRV-WEB-01;67.29;34359738368;21594788783;62.85;536870912000;255198572553;47.53;61.75;91418;347998;8;210;chrome.exe;23.68;python.exe;17.99;discord.exe;2.6;chrome.exe;1021863504;discord.exe;1742486203;python.exe;478498076;16;31.46;11.05;1779550389;2026-05-27 04:53:09;Wednesday;819384
SteamData;Porto Alegre;DC-POA01;ZonaB;SRV-API-01;83.53;34359738368;23697944869;68.97;536870912000;285141014920;53.11;16.92;232103;222207;14;352;chrome.exe;22.06;python.exe;19.66;discord.exe;2.3;chrome.exe;1150831943;discord.exe;521149371;python.exe;428797173;8;37.55;14.39;1778427189;2026-05-27 04:53:09;Wednesday;714333
SteamData;São Paulo;DC-SP01;ZonaB;SRV-WEB-01;53.48;34359738368;16910969262;49.22;536870912000;274326426197;51.1;75.3;136396;144753;24;374;chrome.exe;30.15;python.exe;19.87;discord.exe;13.93;chrome.exe;2964837742;discord.exe;1074001808;python.exe;901323832;32;35.53;28.44;1780155189;2026-05-27 05:13:09;Wednesday;719751
SteamData;Rio de Janeiro;DC-RJ01;ZonaC;SRV-DB-01;90.55;34359738368;27111679768;78.91;536870912000;276681006138;51.54;37.01;165464;64072;8;209;chrome.exe;25.77;python.exe;23.38;discord.exe;12.39;chrome.exe;2163422823;discord.exe;1862735922;python.exe;388033871;32;62.31;10.18;1778167989;2026-05-27 05:13:09;Wednesday;667320
SteamData;Porto Alegre;DC-POA01;ZonaA;SRV-WEB-01;55.69;34359738368;13529143800;39.37;536870912000;229175018460;42.69;54.98;115100;341852;6;388;chrome.exe;12.94;python.exe;21.52;discord.exe;10.58;chrome.exe;1705713860;discord.exe;682534401;python.exe;815942100;8;55.66;22.0;1778599989;2026-05-27 05:13:09;Wednesday;860786
SteamData;São Paulo;DC-SP01;ZonaC;SRV-WEB-01;83.46;34359738368;24911003039;72.5;536870912000;237695418724;44.27;103.34;89029;222664;1;179;chrome.exe;22.12;python.exe;21.52;discord.exe;14.52;chrome.exe;2310868191;discord.exe;1211847479;python.exe;310586439;16;65.12;25.98;1779204789;2026-05-27 05:33:09;Wednesday;501314
SteamData;Rio de Janeiro;DC-RJ01;ZonaA;SRV-API-01;75.29;34359738368;20003110542;58.22;536870912000;412705748427;76.87;96.6;271625;378876;14;308;chrome.exe;26.36;python.exe;7.86;discord.exe;8.69;chrome.exe;3632455197;discord.exe;544195320;python.exe;507122156;8;21.23;28.46;1779204789;2026-05-27 05:33:09;Wednesday;878823
SteamData;Porto Alegre;DC-POA01;ZonaA;SRV-API-01;85.1;34359738368;15146546775;44.08;536870912000;331910489253;61.82;90.43;61180;162844;20;364;chrome.exe;13.8;python.exe;13.65;discord.exe;8.8;chrome.exe;2078429116;discord.exe;975639191;python.exe;960807248;32;13.98;20.02;1777735989;2026-05-27 05:33:09;Wednesday;594286
SteamData;São Paulo;DC-SP01;ZonaB;SRV-WEB-01;57.0;34359738368;27031639514;78.67;536870912000;307888624957;57.35;113.15;226177;380338;6;243;chrome.exe;31.41;python.exe;17.24;discord.exe;9.46;chrome.exe;1634272000;discord.exe;1784292983;python.exe;526578592;32;11.73;7.02;1777735989;2026-05-27 05:53:09;Wednesday;759088
SteamData;Rio de Janeiro;DC-RJ01;ZonaA;SRV-DB-01;48.9;34359738368;14764531479;42.97;536870912000;361056892180;67.25;106.45;161023;91959;20;375;chrome.exe;29.94;python.exe;20.82;discord.exe;10.45;chrome.exe;1543897782;discord.exe;1249054354;python.exe;730125476;8;67.3;10.2;1778513589;2026-05-27 05:53:09;Wednesday;681207
SteamData;Porto Alegre;DC-POA01;ZonaC;SRV-DB-01;85.15;34359738368;21424475273;62.35;536870912000;412681899032;76.87;89.7;293573;261923;21;296;chrome.exe;14.57;python.exe;8.03;discord.exe;6.21;chrome.exe;1031352132;discord.exe;1929619882;python.exe;337806065;16;40.56;19.31;1779809589;2026-05-27 05:53:09;Wednesday;682718
SteamData;São Paulo;DC-SP01;ZonaA;SRV-API-01;92.92;34359738368;27892600667;81.18;536870912000;289723965904;53.97;16.25;164233;350287;27;171;chrome.exe;34.5;python.exe;5.02;discord.exe;13.26;chrome.exe;1618030455;discord.exe;1408328343;python.exe;627584344;16;14.82;12.37;1779377589;2026-05-27 06:13:09;Wednesday;797720
SteamData;Rio de Janeiro;DC-RJ01;ZonaB;SRV-DB-01;37.93;34359738368;25028439492;72.84;536870912000;408276958056;76.05;90.36;223158;354997;28;299;chrome.exe;30.3;python.exe;10.99;discord.exe;7.15;chrome.exe;2363860919;discord.exe;1637444826;python.exe;765923022;32;26.16;15.43;1779204789;2026-05-27 06:13:09;Wednesday;841419
SteamData;Porto Alegre;DC-POA01;ZonaC;SRV-API-01;70.58;34359738368;16385111207;47.69;536870912000;351503853030;65.47;12.72;128696;150074;30;390;chrome.exe;37.6;python.exe;20.75;discord.exe;7.11;chrome.exe;2409114737;discord.exe;516963112;python.exe;975917815;8;57.98;22.31;1780241589;2026-05-27 06:13:09;Wednesday;851188
SteamData;São Paulo;DC-SP01;ZonaA;SRV-API-01;62.76;34359738368;16699938891;48.6;536870912000;212319579820;39.55;78.23;192886;138956;26;191;chrome.exe;13.22;python.exe;14.08;discord.exe;12.12;chrome.exe;2029197983;discord.exe;1065203444;python.exe;924340316;32;69.35;5.47;1779982389;2026-05-27 06:33:09;Wednesday;752605
SteamData;Rio de Janeiro;DC-RJ01;ZonaA;SRV-API-01;73.63;34359738368;23514512525;68.44;536870912000;279337827691;52.03;78.97;62022;335231;26;224;chrome.exe;22.38;python.exe;16.71;discord.exe;3.04;chrome.exe;1991554901;discord.exe;1244925189;python.exe;818580305;16;63.63;9.17;1779636789;2026-05-27 06:33:09;Wednesday;861012
SteamData;Porto Alegre;DC-POA01;ZonaC;SRV-API-01;34.21;34359738368;15644892226;45.53;536870912000;285772614816;53.23;100.3;68227;212891;2;294;chrome.exe;23.43;python.exe;6.19;discord.exe;5.24;chrome.exe;3606595062;discord.exe;1482616451;python.exe;315630167;32;59.91;18.79;1778945589;2026-05-27 06:33:09;Wednesday;814532
SteamData;São Paulo;DC-SP01;ZonaA;SRV-WEB-01;66.65;34359738368;29088069986;84.66;536870912000;345202183921;64.3;59.98;111942;397216;2;198;chrome.exe;16.38;python.exe;9.52;discord.exe;13.88;chrome.exe;1316071078;discord.exe;1077553567;python.exe;694214754;8;24.35;16.96;1779550389;2026-05-27 06:53:09;Wednesday;582226
SteamData;Rio de Janeiro;DC-RJ01;ZonaC;SRV-API-01;52.73;34359738368;17982757581;52.34;536870912000;300354342828;55.95;119.17;236917;396004;29;195;chrome.exe;26.33;python.exe;21.7;discord.exe;7.97;chrome.exe;2234375891;discord.exe;1392303150;python.exe;556664737;16;58.7;19.24;1779204789;2026-05-27 06:53:09;Wednesday;818447
SteamData;Porto Alegre;DC-POA01;ZonaC;SRV-API-01;90.92;34359738368;16274054286;47.36;536870912000;235598521270;43.88;60.0;228201;228150;18;165;chrome.exe;28.06;python.exe;14.46;discord.exe;5.4;chrome.exe;1313438787;discord.exe;685181271;python.exe;504737085;16;31.95;17.3;1779204789;2026-05-27 06:53:09;Wednesday;834604
SteamData;São Paulo;DC-SP01;ZonaB;SRV-API-01;39.11;34359738368;29415115772;85.61;536870912000;230336201226;42.9;93.72;151851;241480;23;161;chrome.exe;18.46;python.exe;13.14;discord.exe;2.27;chrome.exe;3482394767;discord.exe;1262829718;python.exe;353791531;8;38.15;17.5;1779463989;2026-05-27 07:13:09;Wednesday;710864
SteamData;Rio de Janeiro;DC-RJ01;ZonaB;SRV-DB-01;68.76;34359738368;15980166097;46.51;536870912000;432317282517;80.53;91.37;166669;51487;1;198;chrome.exe;22.54;python.exe;7.19;discord.exe;5.81;chrome.exe;2967822467;discord.exe;756696984;python.exe;682152714;16;66.5;10.04;1778167989;2026-05-27 07:13:09;Wednesday;583053
SteamData;Porto Alegre;DC-POA01;ZonaC;SRV-WEB-01;32.2;34359738368;13595636139;39.57;536870912000;201885424995;37.6;102.15;238961;141339;6;337;chrome.exe;39.89;python.exe;10.4;discord.exe;11.53;chrome.exe;1521886679;discord.exe;1901419746;python.exe;384224803;8;11.56;25.3;1779291189;2026-05-27 07:13:09;Wednesday;891703
SteamData;São Paulo;DC-SP01;ZonaA;SRV-DB-01;40.84;34359738368;16597635945;48.31;536870912000;296006565988;55.14;46.39;86498;93689;23;249;chrome.exe;21.72;python.exe;14.59;discord.exe;9.29;chrome.exe;3279347077;discord.exe;806111399;python.exe;637167888;8;14.8;16.21;1779291189;2026-05-27 07:33:09;Wednesday;781691
SteamData;Rio de Janeiro;DC-RJ01;ZonaA;SRV-WEB-01;37.92;34359738368;21908928765;63.76;536870912000;241167374630;44.92;93.75;56970;372518;11;180;chrome.exe;17.02;python.exe;12.84;discord.exe;14.41;chrome.exe;2137179898;discord.exe;1481396313;python.exe;923383214;16;56.04;6.29;1778167989;2026-05-27 07:33:09;Wednesday;758703
SteamData;Porto Alegre;DC-POA01;ZonaC;SRV-WEB-01;85.87;34359738368;21186544676;61.66;536870912000;395296577789;73.63;112.18;115599;284651;25;320;chrome.exe;12.02;python.exe;24.68;discord.exe;9.56;chrome.exe;2509761532;discord.exe;1689804945;python.exe;412424052;8;35.41;11.1;1778945589;2026-05-27 07:33:09;Wednesday;613161
SteamData;São Paulo;DC-SP01;ZonaA;SRV-DB-01;70.36;34359738368;16766555362;48.8;536870912000;402382296186;74.95;42.99;71753;345670;5;235;chrome.exe;27.86;python.exe;22.99;discord.exe;14.34;chrome.exe;2297110159;discord.exe;1574572488;python.exe;536327971;8;53.82;6.1;1778167989;2026-05-27 07:53:09;Wednesday;627593
SteamData;Rio de Janeiro;DC-RJ01;ZonaB;SRV-API-01;92.37;34359738368;25195951002;73.33;536870912000;342863820427;63.86;74.33;52411;231580;4;296;chrome.exe;22.39;python.exe;10.02;discord.exe;8.49;chrome.exe;3340118358;discord.exe;861559700;python.exe;829995474;32;66.79;26.38;1779550389;2026-05-27 07:53:09;Wednesday;767176
SteamData;Porto Alegre;DC-POA01;ZonaA;SRV-WEB-01;28.22;34359738368;17710874466;51.55;536870912000;435691010004;81.15;61.95;190157;71791;12;209;chrome.exe;38.78;python.exe;7.9;discord.exe;13.95;chrome.exe;2823942315;discord.exe;1401103591;python.exe;605219642;16;28.83;26.54;1778340789;2026-05-27 07:53:09;Wednesday;511077
SteamData;São Paulo;DC-SP01;ZonaC;SRV-DB-01;61.37;34359738368;12066640783;35.12;536870912000;316172291101;58.89;36.77;217202;137061;14;150;chrome.exe;38.72;python.exe;9.71;discord.exe;12.82;chrome.exe;1926708855;discord.exe;1322163782;python.exe;917027298;32;36.5;8.7;1777908789;2026-05-27 08:13:09;Wednesday;798103
SteamData;Rio de Janeiro;DC-RJ01;ZonaC;SRV-WEB-01;40.06;34359738368;28502164801;82.95;536870912000;421280479072;78.47;105.8;275664;165917;5;394;chrome.exe;35.85;python.exe;17.45;discord.exe;5.67;chrome.exe;1281643487;discord.exe;1938637197;python.exe;636601732;32;34.39;9.7;1780068789;2026-05-27 08:13:09;Wednesday;687081
SteamData;Porto Alegre;DC-POA01;ZonaB;SRV-WEB-01;43.09;34359738368;17393332525;50.62;536870912000;309336871733;57.62;67.2;145140;290078;13;359;chrome.exe;13.22;python.exe;22.16;discord.exe;8.79;chrome.exe;1328223598;discord.exe;809093478;python.exe;368516961;8;44.16;9.3;1779463989;2026-05-27 08:13:09;Wednesday;554562
SteamData;São Paulo;DC-SP01;ZonaB;SRV-DB-01;31.75;34359738368;25050144738;72.91;536870912000;396233972521;73.8;48.52;101660;356226;26;261;chrome.exe;37.72;python.exe;17.46;discord.exe;9.77;chrome.exe;2559428509;discord.exe;720993694;python.exe;480145865;8;13.74;23.71;1778340789;2026-05-27 08:33:09;Wednesday;518101
SteamData;Rio de Janeiro;DC-RJ01;ZonaC;SRV-WEB-01;62.53;34359738368;17527110934;51.01;536870912000;430216722299;80.13;20.31;176467;244624;6;356;chrome.exe;14.99;python.exe;19.93;discord.exe;6.95;chrome.exe;3911859006;discord.exe;828455264;python.exe;736347925;32;39.2;25.74;1777822389;2026-05-27 08:33:09;Wednesday;593563
SteamData;Porto Alegre;DC-POA01;ZonaB;SRV-DB-01;44.94;34359738368;15296971694;44.52;536870912000;413992510855;77.11;74.88;271401;160366;7;209;chrome.exe;16.63;python.exe;14.27;discord.exe;3.01;chrome.exe;1167907397;discord.exe;1607639518;python.exe;856811458;32;42.36;11.45;1778081589;2026-05-27 08:33:09;Wednesday;550926
SteamData;São Paulo;DC-SP01;ZonaB;SRV-DB-01;62.28;34359738368;12587490456;36.63;536870912000;446766349332;83.22;11.7;105701;308134;21;248;chrome.exe;21.39;python.exe;24.73;discord.exe;2.56;chrome.exe;3195622551;discord.exe;965972019;python.exe;966004519;8;13.12;20.22;1778599989;2026-05-27 08:53:09;Wednesday;800661
SteamData;Rio de Janeiro;DC-RJ01;ZonaA;SRV-DB-01;57.23;34359738368;16322362478;47.5;536870912000;333248446516;62.07;69.35;72587;293147;25;364;chrome.exe;34.44;python.exe;9.81;discord.exe;13.85;chrome.exe;2665504739;discord.exe;1823687064;python.exe;577429709;16;53.51;11.74;1779550389;2026-05-27 08:53:09;Wednesday;575397
SteamData;Porto Alegre;DC-POA01;ZonaB;SRV-DB-01;39.99;34359738368;20719973345;60.3;536870912000;302409941003;56.33;63.97;165913;282503;7;255;chrome.exe;36.68;python.exe;23.63;discord.exe;6.1;chrome.exe;1861249984;discord.exe;1223814659;python.exe;397350603;32;37.14;6.57;1778167989;2026-05-27 08:53:09;Wednesday;738611
SteamData;São Paulo;DC-SP01;ZonaC;SRV-DB-01;88.9;34359738368;28205846838;82.09;536870912000;392352893172;73.08;45.77;224351;293982;9;398;chrome.exe;20.24;python.exe;11.5;discord.exe;11.3;chrome.exe;1109965928;discord.exe;566909718;python.exe;757062859;8;49.2;26.53;1778859189;2026-05-27 09:13:09;Wednesday;590625
SteamData;Rio de Janeiro;DC-RJ01;ZonaB;SRV-WEB-01;40.36;34359738368;21832235190;63.54;536870912000;244086274910;45.46;40.1;118402;335274;12;200;chrome.exe;31.22;python.exe;13.61;discord.exe;11.2;chrome.exe;3236097258;discord.exe;1538025081;python.exe;766859677;16;37.6;7.58;1778772789;2026-05-27 09:13:09;Wednesday;885116
SteamData;Porto Alegre;DC-POA01;ZonaB;SRV-WEB-01;39.84;34359738368;21424779349;62.35;536870912000;360942234450;67.23;28.75;88534;319169;0;323;chrome.exe;25.51;python.exe;14.2;discord.exe;10.11;chrome.exe;1417065595;discord.exe;1852293404;python.exe;728082049;16;27.54;25.64;1779636789;2026-05-27 09:13:09;Wednesday;823934
SteamData;São Paulo;DC-SP01;ZonaC;SRV-DB-01;35.14698751815631;34359738368;20600617750;59.96;536870912000;305831284263;56.97;114.43;240125;311518;23;331;chrome.exe;10.17;python.exe;11.55;discord.exe;14.19;chrome.exe;3463932088;discord.exe;906259979;python.exe;548658208;8;24.08;10.57;1779291189;2026-05-27 09:33:09;Wednesday;703289
SteamData;Rio de Janeiro;DC-RJ01;ZonaA;SRV-DB-01;51.979170204215094;34359738368;26913119921;78.33;536870912000;259307129861;48.3;57.24;217600;119509;30;361;chrome.exe;38.49;python.exe;12.63;discord.exe;14.62;chrome.exe;2456874009;discord.exe;1043333529;python.exe;880378194;16;55.73;14.81;1778945589;2026-05-27 09:33:09;Wednesday;626195
SteamData;Porto Alegre;DC-POA01;ZonaC;SRV-WEB-01;57.99429807645534;34359738368;26075735373;75.89;536870912000;286754953298;53.41;114.42;160954;225446;15;348;chrome.exe;29.53;python.exe;12.88;discord.exe;8.83;chrome.exe;3143288447;discord.exe;1491998403;python.exe;448714770;8;69.88;7.15;1778599989;2026-05-27 09:33:09;Wednesday;736377
SteamData;São Paulo;DC-SP01;ZonaB;SRV-DB-01;86.23690990512262;34359738368;27070289716;78.78;536870912000;433871486958;80.81;65.14;122856;375493;17;396;chrome.exe;17.29;python.exe;8.72;discord.exe;2.28;chrome.exe;1738561457;discord.exe;1011902085;python.exe;317199530;16;65.68;14.38;1779291189;2026-05-27 09:53:09;Wednesday;738862
SteamData;Rio de Janeiro;DC-RJ01;ZonaA;SRV-WEB-01;99.0;34359738368;21009248986;61.14;536870912000;351462511633;65.46;69.11;290139;182814;19;226;chrome.exe;38.41;python.exe;21.91;discord.exe;8.61;chrome.exe;1157309197;discord.exe;523943102;python.exe;880458793;8;43.2;18.99;1778513589;2026-05-27 09:53:09;Wednesday;871270
SteamData;Porto Alegre;DC-POA01;ZonaB;SRV-WEB-01;88.22594717829398;34359738368;26454859094;76.99;536870912000;414487659140;77.2;40.98;219941;83219;17;178;chrome.exe;16.92;python.exe;16.51;discord.exe;7.5;chrome.exe;3066020873;discord.exe;967820912;python.exe;331021363;16;27.79;10.02;1778167989;2026-05-27 09:53:09;Wednesday;710016
SteamData;São Paulo;DC-SP01;ZonaB;SRV-API-01;79.08560457209677;34359738368;28948157349;84.25;536870912000;275977747531;51.4;12.54;71826;399612;25;255;chrome.exe;34.41;python.exe;10.77;discord.exe;8.7;chrome.exe;3556123153;discord.exe;873215260;python.exe;823275867;16;64.7;23.76;1779204789;2026-05-27 10:13:09;Wednesday;695156
SteamData;Rio de Janeiro;DC-RJ01;ZonaB;SRV-DB-01;99.0;34359738368;14276710126;41.55;536870912000;305400412128;56.89;43.52;120177;220129;26;213;chrome.exe;19.55;python.exe;14.63;discord.exe;8.74;chrome.exe;2265389592;discord.exe;533646917;python.exe;598697193;16;68.36;29.82;1779463989;2026-05-27 10:13:09;Wednesday;892868
SteamData;Porto Alegre;DC-POA01;ZonaA;SRV-WEB-01;65.55627928667495;34359738368;18974789653;55.22;536870912000;228199036759;42.51;35.69;183811;73437;10;351;chrome.exe;21.52;python.exe;11.8;discord.exe;6.37;chrome.exe;3459403554;discord.exe;721680959;python.exe;539961447;8;11.83;25.57;1779377589;2026-05-27 10:13:09;Wednesday;742019
SteamData;São Paulo;DC-SP01;ZonaC;SRV-DB-01;60.80849696967107;34359738368;15575772854;45.33;536870912000;358167405276;66.71;114.66;105928;177117;24;338;chrome.exe;26.96;python.exe;15.46;discord.exe;13.6;chrome.exe;3930702397;discord.exe;828950181;python.exe;741482488;32;51.32;25.43;1778254389;2026-05-27 10:33:09;Wednesday;837089
SteamData;Rio de Janeiro;DC-RJ01;ZonaB;SRV-WEB-01;42.635508878712315;34359738368;28278295766;82.3;536870912000;375128708893;69.87;18.41;213367;272020;16;381;chrome.exe;22.65;python.exe;23.12;discord.exe;6.85;chrome.exe;1961937634;discord.exe;830329196;python.exe;425812660;8;12.8;25.2;1779550389;2026-05-27 10:33:09;Wednesday;568057
SteamData;Porto Alegre;DC-POA01;ZonaC;SRV-API-01;62.12817622891444;34359738368;24943191753;72.59;536870912000;292514669093;54.49;14.51;85620;116450;27;363;chrome.exe;27.34;python.exe;16.68;discord.exe;7.5;chrome.exe;3553549635;discord.exe;1287802749;python.exe;757728942;32;42.8;8.86;1779809589;2026-05-27 10:33:09;Wednesday;623216
SteamData;São Paulo;DC-SP01;ZonaC;SRV-WEB-01;49.84230390908867;34359738368;19413743022;56.5;536870912000;413275594311;76.98;109.61;160898;149934;6;309;chrome.exe;15.27;python.exe;20.88;discord.exe;5.82;chrome.exe;2758822235;discord.exe;926428508;python.exe;741438658;8;66.02;26.06;1779723189;2026-05-27 10:53:09;Wednesday;861436
SteamData;Rio de Janeiro;DC-RJ01;ZonaA;SRV-WEB-01;99.0;34359738368;25826440397;75.16;536870912000;371030595813;69.11;36.33;279362;221336;21;304;chrome.exe;30.3;python.exe;21.12;discord.exe;14.16;chrome.exe;2247816330;discord.exe;589023525;python.exe;675097454;16;27.96;25.19;1778427189;2026-05-27 10:53:09;Wednesday;811232
SteamData;Porto Alegre;DC-POA01;ZonaB;SRV-API-01;62.95642617361213;34359738368;28188308312;82.04;536870912000;448558336511;83.55;40.21;285719;98595;28;164;chrome.exe;29.6;python.exe;9.42;discord.exe;13.26;chrome.exe;1476937062;discord.exe;1028338358;python.exe;830351876;32;16.48;26.43;1779031989;2026-05-27 10:53:09;Wednesday;596202
SteamData;São Paulo;DC-SP01;ZonaB;SRV-API-01;99.0;34359738368;26284652385;76.5;536870912000;228755250276;42.61;29.77;195829;248729;12;360;chrome.exe;26.11;python.exe;13.82;discord.exe;13.57;chrome.exe;3066098047;discord.exe;711102122;python.exe;575409847;32;63.18;20.33;1779118389;2026-05-27 11:13:09;Wednesday;737476
SteamData;Rio de Janeiro;DC-RJ01;ZonaB;SRV-DB-01;95.56328237720174;34359738368;12042825141;35.05;536870912000;297651303995;55.44;100.67;226178;337552;16;349;chrome.exe;25.22;python.exe;22.24;discord.exe;9.98;chrome.exe;3732758653;discord.exe;1359552298;python.exe;342798040;32;34.41;10.35;1779031989;2026-05-27 11:13:09;Wednesday;646736
SteamData;Porto Alegre;DC-POA01;ZonaC;SRV-WEB-01;63.85300591879924;34359738368;18501559301;53.85;536870912000;298953621452;55.68;62.91;254936;111850;10;184;chrome.exe;10.57;python.exe;15.57;discord.exe;11.31;chrome.exe;3373251586;discord.exe;1246803441;python.exe;311472637;16;11.89;24.75;1777735989;2026-05-27 11:13:09;Wednesday;629914
SteamData;São Paulo;DC-SP01;ZonaA;SRV-WEB-01;99.0;34359738368;25249559985;73.49;536870912000;378649575071;70.53;98.79;249910;192246;7;345;chrome.exe;19.81;python.exe;7.04;discord.exe;14.86;chrome.exe;1212686907;discord.exe;1153215504;python.exe;992678797;32;21.93;11.94;1778340789;2026-05-27 11:33:09;Wednesday;849356
SteamData;Rio de Janeiro;DC-RJ01;ZonaA;SRV-API-01;73.77647900509601;34359738368;13174002183;38.34;536870912000;286524588311;53.37;14.67;270576;326934;26;399;chrome.exe;39.92;python.exe;7.92;discord.exe;12.71;chrome.exe;2717758036;discord.exe;1916513091;python.exe;482679471;8;54.93;21.77;1779291189;2026-05-27 11:33:09;Wednesday;569185
SteamData;Porto Alegre;DC-POA01;ZonaC;SRV-API-01;87.9412243699416;34359738368;29494145338;85.84;536870912000;388916901465;72.44;70.32;184640;209425;2;358;chrome.exe;15.77;python.exe;10.77;discord.exe;7.67;chrome.exe;2640935998;discord.exe;1686670220;python.exe;385738035;8;16.87;7.76;1779031989;2026-05-27 11:33:09;Wednesday;792880
SteamData;São Paulo;DC-SP01;ZonaA;SRV-DB-01;80.14016487932179;34359738368;20197369708;58.78;536870912000;376603874496;70.15;11.84;242997;96477;26;288;chrome.exe;35.14;python.exe;23.76;discord.exe;5.26;chrome.exe;1160326952;discord.exe;1491071314;python.exe;341114160;16;63.12;18.91;1778081589;2026-05-27 11:53:09;Wednesday;771468
SteamData;Rio de Janeiro;DC-RJ01;ZonaB;SRV-API-01;61.41712293787703;34359738368;23116061436;67.28;536870912000;209293488525;38.98;89.64;274146;207707;2;305;chrome.exe;25.01;python.exe;6.86;discord.exe;8.27;chrome.exe;3213311220;discord.exe;537782274;python.exe;617644971;8;43.89;23.07;1778859189;2026-05-27 11:53:09;Wednesday;669132
SteamData;Porto Alegre;DC-POA01;ZonaA;SRV-WEB-01;72.589258339759;34359738368;17592655762;51.2;536870912000;393550969625;73.3;94.43;203476;244921;14;238;chrome.exe;23.04;python.exe;11.36;discord.exe;2.93;chrome.exe;1345837943;discord.exe;683481033;python.exe;458992036;8;46.44;23.14;1778945589;2026-05-27 11:53:09;Wednesday;769839
SteamData;São Paulo;DC-SP01;ZonaC;SRV-DB-01;66.6349363830055;34359738368;25724861710;74.87;536870912000;409965660591;76.36;67.82;189994;92654;30;387;chrome.exe;19.02;python.exe;12.81;discord.exe;14.29;chrome.exe;3028234914;discord.exe;1694281989;python.exe;789075742;32;56.04;21.54;1780155189;2026-05-27 12:13:09;Wednesday;520085
SteamData;Rio de Janeiro;DC-RJ01;ZonaA;SRV-WEB-01;70.73291118382377;34359738368;22039601126;64.14;536870912000;212133015718;39.51;58.0;108924;64886;28;166;chrome.exe;22.46;python.exe;11.69;discord.exe;9.99;chrome.exe;1250746714;discord.exe;1762136995;python.exe;587258124;32;54.08;20.62;1779377589;2026-05-27 12:13:09;Wednesday;804251
SteamData;Porto Alegre;DC-POA01;ZonaB;SRV-API-01;76.95145022454831;34359738368;28272722450;82.28;536870912000;402400623879;74.95;98.82;278689;122222;10;279;chrome.exe;14.23;python.exe;21.92;discord.exe;3.75;chrome.exe;3849163073;discord.exe;1268703230;python.exe;931545073;32;44.51;14.21;1778945589;2026-05-27 12:13:09;Wednesday;530913
SteamData;São Paulo;DC-SP01;ZonaA;SRV-WEB-01;55.60142681228709;34359738368;26294586419;76.53;536870912000;446287704794;83.13;81.16;146018;89471;8;151;chrome.exe;16.42;python.exe;20.19;discord.exe;14.38;chrome.exe;3383920352;discord.exe;1984005314;python.exe;912149723;32;58.16;23.19;1778772789;2026-05-27 12:33:09;Wednesday;551546
SteamData;Rio de Janeiro;DC-RJ01;ZonaA;SRV-API-01;99.0;34359738368;13537438895;39.4;536870912000;394242418807;73.43;119.66;53642;208249;11;295;chrome.exe;23.73;python.exe;10.46;discord.exe;8.53;chrome.exe;2304970027;discord.exe;1970205286;python.exe;853237999;8;35.63;7.28;1779636789;2026-05-27 12:33:09;Wednesday;613551
SteamData;Porto Alegre;DC-POA01;ZonaA;SRV-WEB-01;76.18254430665031;34359738368;25663160345;74.69;536870912000;319812382744;59.57;30.77;69714;295918;7;176;chrome.exe;19.29;python.exe;9.08;discord.exe;3.67;chrome.exe;2063117105;discord.exe;1482110789;python.exe;734803495;16;63.23;14.38;1778945589;2026-05-27 12:33:09;Wednesday;636006
SteamData;São Paulo;DC-SP01;ZonaA;SRV-WEB-01;86.38525372532602;34359738368;17202595617;50.07;536870912000;325820057429;60.69;69.5;87764;206543;5;369;chrome.exe;27.19;python.exe;9.53;discord.exe;14.34;chrome.exe;3668765591;discord.exe;662688551;python.exe;664215679;32;19.99;21.96;1778599989;2026-05-27 12:53:09;Wednesday;747757
SteamData;Rio de Janeiro;DC-RJ01;ZonaA;SRV-API-01;50.66709773387309;34359738368;22665127623;65.96;536870912000;267871601255;49.89;105.38;195428;102394;11;316;chrome.exe;33.44;python.exe;9.92;discord.exe;12.41;chrome.exe;1694410055;discord.exe;1781834835;python.exe;822880293;8;58.15;18.34;1777995189;2026-05-27 12:53:09;Wednesday;889481
SteamData;Porto Alegre;DC-POA01;ZonaB;SRV-API-01;99.0;34359738368;17021684890;49.54;536870912000;325371678915;60.61;85.49;55329;219085;27;224;chrome.exe;19.84;python.exe;13.77;discord.exe;14.35;chrome.exe;2182243344;discord.exe;838489641;python.exe;767962388;8;19.05;17.76;1778081589;2026-05-27 12:53:09;Wednesday;658695
SteamData;São Paulo;DC-SP01;ZonaC;SRV-API-01;99.0;34359738368;15639578415;45.52;536870912000;374756450963;69.8;72.46;147510;65633;26;158;chrome.exe;22.65;python.exe;8.55;discord.exe;3.88;chrome.exe;3880217481;discord.exe;637886424;python.exe;872168727;32;16.45;17.45;1780155189;2026-05-27 13:13:09;Wednesday;610476
SteamData;Rio de Janeiro;DC-RJ01;ZonaC;SRV-API-01;54.17501675998065;34359738368;24232220403;70.53;536870912000;288912439185;53.81;97.65;153519;337194;25;158;chrome.exe;37.69;python.exe;13.32;discord.exe;6.47;chrome.exe;2903310144;discord.exe;1920501751;python.exe;480136562;32;43.73;17.09;1779463989;2026-05-27 13:13:09;Wednesday;595264
SteamData;Porto Alegre;DC-POA01;ZonaA;SRV-WEB-01;99.0;34359738368;24507311298;71.33;536870912000;293250427204;54.62;93.9;290336;323425;4;213;chrome.exe;11.47;python.exe;15.29;discord.exe;14.87;chrome.exe;2385183439;discord.exe;1810754846;python.exe;671656642;8;15.35;13.44;1779118389;2026-05-27 13:13:09;Wednesday;791200
SteamData;São Paulo;DC-SP01;ZonaB;SRV-DB-01;88.8285967435065;34359738368;17867420119;52.0;536870912000;369764553361;68.87;110.93;141192;135730;1;270;chrome.exe;38.7;python.exe;22.25;discord.exe;7.82;chrome.exe;1504370633;discord.exe;750589509;python.exe;661697467;16;27.27;25.67;1778254389;2026-05-27 13:33:09;Wednesday;516121
SteamData;Rio de Janeiro;DC-RJ01;ZonaB;SRV-DB-01;86.32185669418332;34359738368;18180337530;52.91;536870912000;307363274390;57.25;45.51;92052;100069;11;160;chrome.exe;28.72;python.exe;22.76;discord.exe;6.15;chrome.exe;3756157187;discord.exe;1305302988;python.exe;723003184;32;19.01;29.78;1779118389;2026-05-27 13:33:09;Wednesday;822819
SteamData;Porto Alegre;DC-POA01;ZonaC;SRV-DB-01;56.62811655645396;34359738368;18767894594;54.62;536870912000;440923468771;82.13;58.24;288603;98411;8;259;chrome.exe;20.3;python.exe;12.51;discord.exe;12.12;chrome.exe;3564836331;discord.exe;1671411659;python.exe;728848835;16;65.62;13.87;1778513589;2026-05-27 13:33:09;Wednesday;698032
SteamData;São Paulo;DC-SP01;ZonaB;SRV-API-01;84.6017754411071;34359738368;12316670673;35.85;536870912000;213541351733;39.78;63.17;265972;195876;18;349;chrome.exe;21.72;python.exe;13.77;discord.exe;9.82;chrome.exe;3106422607;discord.exe;887459917;python.exe;604383960;32;68.22;24.38;1778686389;2026-05-27 13:53:09;Wednesday;617604
SteamData;Rio de Janeiro;DC-RJ01;ZonaC;SRV-API-01;68.32294193313751;34359738368;20254848248;58.95;536870912000;209340936777;38.99;42.14;141770;247271;29;335;chrome.exe;24.1;python.exe;24.71;discord.exe;11.71;chrome.exe;1941290232;discord.exe;1649633775;python.exe;834360173;32;60.81;16.79;1779550389;2026-05-27 13:53:09;Wednesday;642023
SteamData;Porto Alegre;DC-POA01;ZonaA;SRV-WEB-01;86.10318105115435;34359738368;12822904357;37.32;536870912000;336728623251;62.72;112.66;134040;397501;30;232;chrome.exe;18.04;python.exe;11.35;discord.exe;6.96;chrome.exe;1139568819;discord.exe;1647065830;python.exe;363793196;8;30.32;27.93;1778167989;2026-05-27 13:53:09;Wednesday;735971
SteamData;São Paulo;DC-SP01;ZonaA;SRV-API-01;97.87862213283489;34359738368;13942059768;40.58;536870912000;377049877399;70.23;66.85;79540;193054;3;165;chrome.exe;22.46;python.exe;16.09;discord.exe;4.63;chrome.exe;2834153932;discord.exe;1699374703;python.exe;492662574;8;45.6;8.83;1777822389;2026-05-27 14:13:09;Wednesday;790076
SteamData;Rio de Janeiro;DC-RJ01;ZonaB;SRV-DB-01;99.0;34359738368;21113607884;61.45;536870912000;400156706857;74.53;85.43;223529;180847;23;383;chrome.exe;27.01;python.exe;15.71;discord.exe;6.88;chrome.exe;3882199441;discord.exe;577715665;python.exe;717346772;16;13.01;5.96;1777995189;2026-05-27 14:13:09;Wednesday;656354
SteamData;Porto Alegre;DC-POA01;ZonaC;SRV-API-01;47.80173621457986;34359738368;15012993087;43.69;536870912000;386922779875;72.07;74.14;187397;102644;1;234;chrome.exe;30.71;python.exe;13.07;discord.exe;3.5;chrome.exe;3699284433;discord.exe;708029683;python.exe;631822015;32;62.75;8.16;1778772789;2026-05-27 14:13:09;Wednesday;635001
SteamData;São Paulo;DC-SP01;ZonaB;SRV-WEB-01;79.68482923372031;34359738368;13406736968;39.02;536870912000;351956328636;65.56;14.8;124283;252904;28;296;chrome.exe;23.15;python.exe;24.16;discord.exe;10.46;chrome.exe;2557811301;discord.exe;617958528;python.exe;665537278;32;61.54;28.73;1779636789;2026-05-27 14:33:09;Wednesday;755163
SteamData;Rio de Janeiro;DC-RJ01;ZonaC;SRV-API-01;68.65099092431976;34359738368;26376921357;76.77;536870912000;365932922561;68.16;104.42;235860;129956;23;396;chrome.exe;34.82;python.exe;10.66;discord.exe;13.32;chrome.exe;1463295477;discord.exe;1464907951;python.exe;972420607;32;28.03;23.32;1779463989;2026-05-27 14:33:09;Wednesday;669614
SteamData;Porto Alegre;DC-POA01;ZonaA;SRV-API-01;99.0;34359738368;24962738342;72.65;536870912000;207822372811;38.71;119.04;202716;108162;9;242;chrome.exe;15.98;python.exe;14.98;discord.exe;2.55;chrome.exe;1067596987;discord.exe;1256253286;python.exe;537085107;16;26.15;22.58;1779809589;2026-05-27 14:33:09;Wednesday;735061
SteamData;São Paulo;DC-SP01;ZonaC;SRV-API-01;68.47198791835909;34359738368;24123714106;70.21;536870912000;252140713627;46.96;13.79;242640;143228;11;260;chrome.exe;10.48;python.exe;5.79;discord.exe;11.1;chrome.exe;1833747759;discord.exe;1739340551;python.exe;474660850;32;20.44;5.22;1779636789;2026-05-27 14:53:09;Wednesday;725712
SteamData;Rio de Janeiro;DC-RJ01;ZonaA;SRV-WEB-01;81.82303613946995;34359738368;29822366283;86.79;536870912000;414044297171;77.12;105.86;187328;167253;27;227;chrome.exe;28.94;python.exe;9.45;discord.exe;2.53;chrome.exe;3694600525;discord.exe;788449528;python.exe;927533595;16;20.66;7.36;1778772789;2026-05-27 14:53:09;Wednesday;788331
SteamData;Porto Alegre;DC-POA01;ZonaB;SRV-WEB-01;68.06378610105871;34359738368;29568788035;86.06;536870912000;367751096881;68.5;28.02;214315;55597;16;378;chrome.exe;32.38;python.exe;8.8;discord.exe;3.96;chrome.exe;2258846943;discord.exe;1815471861;python.exe;763842648;8;40.82;5.77;1779291189;2026-05-27 14:53:09;Wednesday;753836
SteamData;São Paulo;DC-SP01;ZonaB;SRV-API-01;99.0;34359738368;21599076882;62.86;536870912000;362939556710;67.6;44.54;254534;220972;30;175;chrome.exe;20.44;python.exe;13.18;discord.exe;12.05;chrome.exe;3786017495;discord.exe;1408940118;python.exe;324071982;32;47.14;18.34;1778772789;2026-05-27 15:13:09;Wednesday;571275
SteamData;Rio de Janeiro;DC-RJ01;ZonaA;SRV-DB-01;75.0577223214621;34359738368;17492154573;50.91;536870912000;214085305126;39.88;63.0;168754;294911;5;313;chrome.exe;31.29;python.exe;14.21;discord.exe;7.85;chrome.exe;1489695146;discord.exe;931719178;python.exe;794440699;16;58.03;17.39;1779809589;2026-05-27 15:13:09;Wednesday;689891
SteamData;Porto Alegre;DC-POA01;ZonaB;SRV-API-01;90.73302399695751;34359738368;17857029182;51.97;536870912000;378438955063;70.49;35.94;117725;188354;28;294;chrome.exe;27.15;python.exe;9.28;discord.exe;4.47;chrome.exe;3176834106;discord.exe;648383573;python.exe;505981829;8;68.74;22.77;1779463989;2026-05-27 15:13:09;Wednesday;636694
SteamData;São Paulo;DC-SP01;ZonaC;SRV-DB-01;28.73;34359738368;25161197094;73.23;536870912000;240877592305;44.87;56.9;129631;370128;6;390;chrome.exe;15.26;python.exe;5.46;discord.exe;4.37;chrome.exe;3048579345;discord.exe;1463667284;python.exe;609084844;16;59.89;17.36;1778686389;2026-05-27 15:33:09;Wednesday;804076
SteamData;Rio de Janeiro;DC-RJ01;ZonaA;SRV-API-01;78.04;34359738368;22736176017;66.17;536870912000;217620035512;40.53;113.94;298808;275555;11;270;chrome.exe;21.97;python.exe;14.35;discord.exe;14.16;chrome.exe;2406326403;discord.exe;1050571727;python.exe;359394425;32;20.88;16.55;1779204789;2026-05-27 15:33:09;Wednesday;521987
SteamData;Porto Alegre;DC-POA01;ZonaA;SRV-DB-01;79.44;34359738368;15805504739;46.0;536870912000;236730918124;44.09;10.23;177823;367218;22;397;chrome.exe;24.72;python.exe;5.96;discord.exe;9.01;chrome.exe;2279341644;discord.exe;979563392;python.exe;582504203;16;59.72;8.08;1779118389;2026-05-27 15:33:09;Wednesday;819613
SteamData;São Paulo;DC-SP01;ZonaA;SRV-DB-01;74.37;34359738368;29436506002;85.67;536870912000;207378089023;38.63;109.57;254861;269149;16;239;chrome.exe;33.16;python.exe;10.19;discord.exe;4.72;chrome.exe;2211387366;discord.exe;817830205;python.exe;360446240;16;15.51;16.62;1779463989;2026-05-27 15:53:09;Wednesday;777018
SteamData;Rio de Janeiro;DC-RJ01;ZonaC;SRV-WEB-01;41.47;34359738368;18336185887;53.37;536870912000;309396656408;57.63;96.65;193966;173753;19;300;chrome.exe;37.43;python.exe;14.36;discord.exe;5.93;chrome.exe;3739120791;discord.exe;1617566019;python.exe;548435481;8;35.42;12.31;1779377589;2026-05-27 15:53:09;Wednesday;591714
SteamData;Porto Alegre;DC-POA01;ZonaB;SRV-DB-01;51.12;34359738368;27609823950;80.36;536870912000;300010898539;55.88;80.1;206965;177633;8;191;chrome.exe;38.0;python.exe;13.86;discord.exe;14.41;chrome.exe;2240117669;discord.exe;845151379;python.exe;674173619;8;64.63;9.48;1779377589;2026-05-27 15:53:09;Wednesday;745014
SteamData;São Paulo;DC-SP01;ZonaA;SRV-DB-01;60.23;34359738368;24048192748;69.99;536870912000;369394408479;68.81;72.75;177561;157097;18;161;chrome.exe;20.14;python.exe;20.65;discord.exe;13.61;chrome.exe;2605158542;discord.exe;1826826514;python.exe;897004047;32;51.8;16.83;1777995189;2026-05-27 16:13:09;Wednesday;620869
SteamData;Rio de Janeiro;DC-RJ01;ZonaA;SRV-WEB-01;71.67;34359738368;17997631859;52.38;536870912000;311453881651;58.01;99.33;158919;342150;13;195;chrome.exe;12.13;python.exe;6.48;discord.exe;4.87;chrome.exe;2738426849;discord.exe;1046245497;python.exe;780280143;16;69.55;26.6;1779118389;2026-05-27 16:13:09;Wednesday;660700
SteamData;Porto Alegre;DC-POA01;ZonaB;SRV-WEB-01;25.17;34359738368;16825410647;48.97;536870912000;437704345815;81.53;23.66;166716;120619;4;310;chrome.exe;20.9;python.exe;21.5;discord.exe;7.4;chrome.exe;2323328565;discord.exe;1316202473;python.exe;825212349;8;24.84;13.14;1780241589;2026-05-27 16:13:09;Wednesday;568748
SteamData;São Paulo;DC-SP01;ZonaA;SRV-WEB-01;81.1;34359738368;13185948649;38.38;536870912000;375110538524;69.87;25.89;171659;261806;0;211;chrome.exe;29.95;python.exe;11.24;discord.exe;2.77;chrome.exe;1279395453;discord.exe;1434954657;python.exe;536421680;16;60.61;7.68;1778599989;2026-05-27 16:33:09;Wednesday;660124
SteamData;Rio de Janeiro;DC-RJ01;ZonaA;SRV-DB-01;87.38;34359738368;28958979519;84.28;536870912000;328970361284;61.28;92.79;253129;187047;26;153;chrome.exe;38.02;python.exe;15.76;discord.exe;4.01;chrome.exe;2411768759;discord.exe;575901279;python.exe;754605455;32;16.15;22.64;1778254389;2026-05-27 16:33:09;Wednesday;692188
SteamData;Porto Alegre;DC-POA01;ZonaC;SRV-DB-01;67.3;34359738368;17941489031;52.22;536870912000;353147627616;65.78;119.91;104138;153665;7;256;chrome.exe;39.04;python.exe;21.34;discord.exe;11.5;chrome.exe;2798056125;discord.exe;1913373423;python.exe;915707003;16;61.42;12.63;1777995189;2026-05-27 16:33:09;Wednesday;787157
SteamData;São Paulo;DC-SP01;ZonaA;SRV-API-01;90.19;34359738368;21845304899;63.58;536870912000;352908203821;65.73;38.43;170692;256830;12;251;chrome.exe;30.02;python.exe;6.63;discord.exe;11.62;chrome.exe;3316715901;discord.exe;1047676893;python.exe;520875950;8;44.03;25.52;1778081589;2026-05-27 16:53:09;Wednesday;824328
SteamData;Rio de Janeiro;DC-RJ01;ZonaB;SRV-WEB-01;27.91;34359738368;14402803008;41.92;536870912000;319716497075;59.55;49.25;265942;245214;16;375;chrome.exe;22.08;python.exe;15.57;discord.exe;9.35;chrome.exe;1620604626;discord.exe;1982832188;python.exe;848635537;32;29.38;14.95;1779723189;2026-05-27 16:53:09;Wednesday;718224
SteamData;Porto Alegre;DC-POA01;ZonaA;SRV-API-01;64.25;34359738368;27281455233;79.4;536870912000;408660775228;76.12;16.67;78238;106399;1;233;chrome.exe;26.46;python.exe;18.21;discord.exe;13.87;chrome.exe;2916311294;discord.exe;1807754154;python.exe;831129275;8;47.37;9.93;1779895989;2026-05-27 16:53:09;Wednesday;584079
SteamData;São Paulo;DC-SP01;ZonaC;SRV-API-01;31.07;34359738368;21408920895;62.31;536870912000;242248176509;45.12;25.15;92666;394068;20;393;chrome.exe;25.38;python.exe;6.41;discord.exe;6.44;chrome.exe;3809200864;discord.exe;992110014;python.exe;460765472;16;59.02;19.23;1778167989;2026-05-27 17:13:09;Wednesday;754404
SteamData;Rio de Janeiro;DC-RJ01;ZonaB;SRV-API-01;77.95;34359738368;27117057858;78.92;536870912000;329590939734;61.39;111.46;246839;316218;21;339;chrome.exe;19.52;python.exe;24.47;discord.exe;4.64;chrome.exe;3130185784;discord.exe;1165611839;python.exe;667939060;32;68.82;22.93;1778340789;2026-05-27 17:13:09;Wednesday;603657
SteamData;Porto Alegre;DC-POA01;ZonaA;SRV-API-01;40.19;34359738368;20488986077;59.63;536870912000;397545085578;74.05;45.44;261443;112159;1;257;chrome.exe;15.76;python.exe;16.58;discord.exe;12.96;chrome.exe;1346035517;discord.exe;873562629;python.exe;401962504;32;52.19;13.04;1778340789;2026-05-27 17:13:09;Wednesday;733091
SteamData;São Paulo;DC-SP01;ZonaA;SRV-API-01;83.2;34359738368;23875439760;69.49;536870912000;266675824572;49.67;47.71;195029;338489;14;320;chrome.exe;15.02;python.exe;20.84;discord.exe;2.38;chrome.exe;2577982037;discord.exe;1165341904;python.exe;724116750;32;34.33;26.94;1777822389;2026-05-27 17:33:09;Wednesday;688977
SteamData;Rio de Janeiro;DC-RJ01;ZonaB;SRV-DB-01;75.59;34359738368;18156440301;52.84;536870912000;376407101457;70.11;114.05;113823;152265;15;332;chrome.exe;26.14;python.exe;20.27;discord.exe;9.53;chrome.exe;1208203978;discord.exe;1003336374;python.exe;784511030;8;59.26;21.6;1778340789;2026-05-27 17:33:09;Wednesday;828671
SteamData;Porto Alegre;DC-POA01;ZonaB;SRV-DB-01;91.0;34359738368;25714544413;74.84;536870912000;293763890909;54.72;63.68;182656;132518;27;331;chrome.exe;39.42;python.exe;19.03;discord.exe;14.75;chrome.exe;3231873297;discord.exe;1253061426;python.exe;394717044;32;51.4;25.0;1779031989;2026-05-27 17:33:09;Wednesday;775855
SteamData;São Paulo;DC-SP01;ZonaA;SRV-API-01;60.09;34359738368;23441428912;68.22;536870912000;433171352981;80.68;23.79;117777;329283;23;193;chrome.exe;21.41;python.exe;9.56;discord.exe;13.69;chrome.exe;1940677364;discord.exe;1016381795;python.exe;825949169;32;32.65;28.02;1779809589;2026-05-27 17:53:09;Wednesday;586663
SteamData;Rio de Janeiro;DC-RJ01;ZonaC;SRV-DB-01;30.05;34359738368;15543212981;45.24;536870912000;308497082043;57.46;87.0;268045;314476;18;193;chrome.exe;23.45;python.exe;24.85;discord.exe;5.76;chrome.exe;1068861046;discord.exe;1506648947;python.exe;767243906;32;58.04;7.12;1778859189;2026-05-27 17:53:09;Wednesday;798947
SteamData;Porto Alegre;DC-POA01;ZonaA;SRV-WEB-01;42.87;34359738368;12911972983;37.58;536870912000;397235053745;73.99;19.43;142000;214018;13;398;chrome.exe;19.23;python.exe;20.45;discord.exe;11.77;chrome.exe;3280215613;discord.exe;1304006588;python.exe;657016359;8;62.12;8.62;1779723189;2026-05-27 17:53:09;Wednesday;807897
SteamData;São Paulo;DC-SP01;ZonaA;SRV-DB-01;62.25;34359738368;14257314465;41.49;536870912000;358191382312;66.72;10.39;243828;152422;9;294;chrome.exe;37.23;python.exe;8.45;discord.exe;6.13;chrome.exe;1463784669;discord.exe;1854994869;python.exe;572886365;16;37.96;9.97;1778167989;2026-05-27 18:13:09;Wednesday;695970
SteamData;Rio de Janeiro;DC-RJ01;ZonaA;SRV-DB-01;81.83;34359738368;16089904539;46.83;536870912000;379688576024;70.72;60.88;283195;394798;20;160;chrome.exe;23.22;python.exe;5.01;discord.exe;5.63;chrome.exe;3757114500;discord.exe;1746745296;python.exe;336227912;8;50.9;28.78;1777995189;2026-05-27 18:13:09;Wednesday;525528
SteamData;Porto Alegre;DC-POA01;ZonaC;SRV-API-01;71.8;34359738368;26137885048;76.07;536870912000;360042818665;67.06;107.9;142638;123324;16;194;chrome.exe;33.97;python.exe;8.21;discord.exe;8.15;chrome.exe;2404859605;discord.exe;758619579;python.exe;728498412;32;63.06;11.56;1777908789;2026-05-27 18:13:09;Wednesday;588587
SteamData;São Paulo;DC-SP01;ZonaC;SRV-DB-01;50.49;34359738368;29081423737;84.64;536870912000;338294423345;63.01;14.21;136523;320505;19;208;chrome.exe;23.78;python.exe;22.23;discord.exe;13.98;chrome.exe;3557069769;discord.exe;1030657461;python.exe;508018076;32;56.43;21.72;1779636789;2026-05-27 18:33:09;Wednesday;626284
SteamData;Rio de Janeiro;DC-RJ01;ZonaB;SRV-API-01;69.41;34359738368;17005677043;49.49;536870912000;409026490206;76.19;31.12;150654;315029;27;268;chrome.exe;27.72;python.exe;6.99;discord.exe;9.34;chrome.exe;2685366069;discord.exe;544676088;python.exe;971386844;8;51.38;24.23;1779377589;2026-05-27 18:33:09;Wednesday;658216
SteamData;Porto Alegre;DC-POA01;ZonaA;SRV-DB-01;35.19;34359738368;28758064580;83.7;536870912000;360448839635;67.14;71.63;68004;130705;19;370;chrome.exe;39.08;python.exe;17.37;discord.exe;11.39;chrome.exe;1414059421;discord.exe;619075906;python.exe;382043047;32;35.71;25.3;1779636789;2026-05-27 18:33:09;Wednesday;650088
SteamData;São Paulo;DC-SP01;ZonaB;SRV-API-01;55.14;34359738368;15675641985;45.62;536870912000;214514355842;39.96;28.51;160022;158515;21;266;chrome.exe;14.35;python.exe;6.58;discord.exe;9.84;chrome.exe;2752931374;discord.exe;1184072496;python.exe;390946738;8;64.34;12.26;1778340789;2026-05-27 18:53:09;Wednesday;799458
SteamData;Rio de Janeiro;DC-RJ01;ZonaB;SRV-DB-01;69.55;34359738368;18442428648;53.67;536870912000;437569004591;81.5;40.06;169525;151437;23;339;chrome.exe;38.77;python.exe;14.66;discord.exe;3.02;chrome.exe;1450243207;discord.exe;757277937;python.exe;431008266;32;32.42;13.03;1780241589;2026-05-27 18:53:09;Wednesday;516255
SteamData;Porto Alegre;DC-POA01;ZonaB;SRV-API-01;67.85;34359738368;18589775087;54.1;536870912000;255423982164;47.58;82.11;129740;120838;6;321;chrome.exe;19.17;python.exe;5.01;discord.exe;5.64;chrome.exe;1356504550;discord.exe;1701977828;python.exe;450272881;16;10.96;6.73;1777908789;2026-05-27 18:53:09;Wednesday;746452
SteamData;São Paulo;DC-SP01;ZonaA;SRV-WEB-01;80.97;34359738368;29145340012;84.82;536870912000;300166110620;55.91;61.67;257106;171980;0;252;chrome.exe;36.32;python.exe;18.74;discord.exe;3.35;chrome.exe;3118440687;discord.exe;1270600530;python.exe;552736957;8;19.82;5.69;1778513589;2026-05-27 19:13:09;Wednesday;801454
SteamData;Rio de Janeiro;DC-RJ01;ZonaC;SRV-WEB-01;41.57;34359738368;23679715598;68.92;536870912000;407982659305;75.99;76.27;89439;354773;20;192;chrome.exe;39.27;python.exe;13.51;discord.exe;4.3;chrome.exe;3924383404;discord.exe;680823011;python.exe;911340914;16;67.58;8.78;1779723189;2026-05-27 19:13:09;Wednesday;668789
SteamData;Porto Alegre;DC-POA01;ZonaB;SRV-DB-01;28.99;34359738368;16675880888;48.53;536870912000;393568892658;73.31;63.8;120783;113342;26;281;chrome.exe;30.63;python.exe;5.93;discord.exe;9.56;chrome.exe;3982632153;discord.exe;812498933;python.exe;657225922;32;40.82;23.47;1779377589;2026-05-27 19:13:09;Wednesday;752142
SteamData;São Paulo;DC-SP01;ZonaA;SRV-API-01;65.82;34359738368;18547333401;53.98;536870912000;211874640227;39.46;26.63;294418;120781;18;339;chrome.exe;12.55;python.exe;10.92;discord.exe;12.31;chrome.exe;3271334933;discord.exe;1797569149;python.exe;808465767;16;50.56;18.27;1779550389;2026-05-27 19:33:09;Wednesday;612039
SteamData;Rio de Janeiro;DC-RJ01;ZonaA;SRV-API-01;48.79;34359738368;13481350602;39.24;536870912000;391359509440;72.9;115.31;68650;292260;13;186;chrome.exe;28.4;python.exe;17.68;discord.exe;6.3;chrome.exe;2993208338;discord.exe;875985029;python.exe;745809469;8;66.59;29.03;1778772789;2026-05-27 19:33:09;Wednesday;664507
SteamData;Porto Alegre;DC-POA01;ZonaB;SRV-API-01;59.0;34359738368;28145239357;81.91;536870912000;423290810875;78.84;68.3;162489;299826;19;294;chrome.exe;30.92;python.exe;7.86;discord.exe;10.62;chrome.exe;1815208619;discord.exe;716224336;python.exe;850754214;8;21.49;13.09;1778081589;2026-05-27 19:33:09;Wednesday;826514
SteamData;São Paulo;DC-SP01;ZonaB;SRV-WEB-01;26.78;34359738368;20442657235;59.5;536870912000;373409843382;69.55;84.33;100884;224355;30;276;chrome.exe;10.95;python.exe;19.01;discord.exe;10.08;chrome.exe;2716157023;discord.exe;732596226;python.exe;665866908;8;59.75;29.71;1779204789;2026-05-27 19:53:09;Wednesday;834785
SteamData;Rio de Janeiro;DC-RJ01;ZonaC;SRV-API-01;30.18;34359738368;24789795240;72.15;536870912000;210807223611;39.27;66.94;90455;181694;1;218;chrome.exe;29.56;python.exe;18.02;discord.exe;9.62;chrome.exe;2225166063;discord.exe;1620222878;python.exe;415156846;32;30.41;22.7;1777995189;2026-05-27 19:53:09;Wednesday;670930
SteamData;Porto Alegre;DC-POA01;ZonaA;SRV-API-01;35.48;34359738368;24245995746;70.57;536870912000;318598012365;59.34;70.97;257135;288017;4;311;chrome.exe;28.93;python.exe;5.87;discord.exe;3.55;chrome.exe;1691267161;discord.exe;541503593;python.exe;693664480;32;36.73;29.5;1778340789;2026-05-27 19:53:09;Wednesday;873715
SteamData;São Paulo;DC-SP01;ZonaA;SRV-DB-01;68.81;34359738368;16336829440;47.55;536870912000;245902731726;45.8;48.72;279131;395812;2;257;chrome.exe;10.26;python.exe;9.9;discord.exe;13.92;chrome.exe;2388777852;discord.exe;1064938937;python.exe;513426127;32;68.16;16.08;1777908789;2026-05-27 20:13:09;Wednesday;709184
SteamData;Rio de Janeiro;DC-RJ01;ZonaC;SRV-WEB-01;28.93;34359738368;27425111175;79.82;536870912000;306151388942;57.03;42.68;82622;116990;26;353;chrome.exe;39.27;python.exe;11.13;discord.exe;6.02;chrome.exe;3464252148;discord.exe;1842473494;python.exe;437911656;32;23.64;29.66;1778945589;2026-05-27 20:13:09;Wednesday;846886
SteamData;Porto Alegre;DC-POA01;ZonaC;SRV-API-01;51.73;34359738368;28354336360;82.52;536870912000;288963912347;53.82;62.89;248725;211012;26;347;chrome.exe;15.26;python.exe;11.83;discord.exe;8.09;chrome.exe;2056809853;discord.exe;1552874474;python.exe;925175238;32;67.66;19.13;1779377589;2026-05-27 20:13:09;Wednesday;642940
SteamData;São Paulo;DC-SP01;ZonaC;SRV-API-01;85.11;34359738368;29544013664;85.98;536870912000;211679620686;39.43;70.89;126454;394635;10;177;chrome.exe;35.55;python.exe;23.99;discord.exe;11.64;chrome.exe;1426740162;discord.exe;503894527;python.exe;962787191;16;66.48;27.31;1779809589;2026-05-27 20:33:09;Wednesday;710612
SteamData;Rio de Janeiro;DC-RJ01;ZonaA;SRV-DB-01;79.19;34359738368;18815027176;54.76;536870912000;263659743651;49.11;78.88;188214;137960;30;282;chrome.exe;28.84;python.exe;20.08;discord.exe;8.96;chrome.exe;3468200800;discord.exe;891980218;python.exe;789002541;8;66.93;23.77;1780155189;2026-05-27 20:33:09;Wednesday;854392
SteamData;Porto Alegre;DC-POA01;ZonaB;SRV-DB-01;67.41;34359738368;13591362079;39.56;536870912000;279937214342;52.14;53.4;69645;346313;18;289;chrome.exe;29.95;python.exe;12.49;discord.exe;8.58;chrome.exe;3456763926;discord.exe;1203067162;python.exe;765665192;16;44.77;6.2;1779031989;2026-05-27 20:33:09;Wednesday;650433
SteamData;São Paulo;DC-SP01;ZonaA;SRV-API-01;54.46;34359738368;20521957524;59.73;536870912000;231597330376;43.14;34.42;66351;384349;24;284;chrome.exe;18.84;python.exe;5.82;discord.exe;9.45;chrome.exe;2609664747;discord.exe;1887491843;python.exe;494530348;16;66.17;21.37;1779636789;2026-05-27 20:53:09;Wednesday;765544
SteamData;Rio de Janeiro;DC-RJ01;ZonaB;SRV-DB-01;74.61;34359738368;22150500196;64.47;536870912000;304120984666;56.65;55.69;102250;366065;4;382;chrome.exe;13.31;python.exe;11.42;discord.exe;3.87;chrome.exe;3736702959;discord.exe;702490042;python.exe;583227907;16;15.07;5.41;1778340789;2026-05-27 20:53:09;Wednesday;551557
SteamData;Porto Alegre;DC-POA01;ZonaB;SRV-API-01;58.62;34359738368;19781746604;57.57;536870912000;330897863497;61.63;68.73;53344;281334;0;374;chrome.exe;20.4;python.exe;9.16;discord.exe;3.26;chrome.exe;2426864017;discord.exe;831760033;python.exe;433339576;16;35.4;5.24;1778081589;2026-05-27 20:53:09;Wednesday;682416
SteamData;São Paulo;DC-SP01;ZonaC;SRV-API-01;39.52;34359738368;12753553467;37.12;536870912000;308053699486;57.38;119.61;229506;304739;20;205;chrome.exe;19.27;python.exe;21.98;discord.exe;13.68;chrome.exe;2951037377;discord.exe;927148269;python.exe;947132451;32;66.66;6.98;1779636789;2026-05-27 21:13:09;Wednesday;569851
SteamData;Rio de Janeiro;DC-RJ01;ZonaA;SRV-API-01;31.9;34359738368;13452282889;39.15;536870912000;301343144690;56.13;50.56;167457;345536;21;194;chrome.exe;12.53;python.exe;5.71;discord.exe;12.22;chrome.exe;1544475304;discord.exe;956839656;python.exe;534589936;32;63.41;6.42;1779550389;2026-05-27 21:13:09;Wednesday;526581
SteamData;Porto Alegre;DC-POA01;ZonaC;SRV-WEB-01;27.76;34359738368;14016295997;40.79;536870912000;375338342814;69.91;50.25;168453;206208;27;382;chrome.exe;11.84;python.exe;18.53;discord.exe;9.32;chrome.exe;1145474053;discord.exe;1524190752;python.exe;435020136;8;11.4;19.88;1778254389;2026-05-27 21:13:09;Wednesday;738869
SteamData;São Paulo;DC-SP01;ZonaA;SRV-API-01;94.05;34359738368;13262956594;38.6;536870912000;382673362271;71.28;40.63;262520;145873;12;290;chrome.exe;11.92;python.exe;15.64;discord.exe;8.69;chrome.exe;2650961101;discord.exe;1999109271;python.exe;864013689;32;67.84;25.89;1780155189;2026-05-27 21:33:09;Wednesday;591464
SteamData;Rio de Janeiro;DC-RJ01;ZonaC;SRV-DB-01;82.59;34359738368;20958716825;61.0;536870912000;438960550493;81.76;13.19;154802;120815;22;290;chrome.exe;16.5;python.exe;9.2;discord.exe;5.61;chrome.exe;3728026889;discord.exe;782313461;python.exe;429315567;8;59.82;25.73;1778427189;2026-05-27 21:33:09;Wednesday;788586
SteamData;Porto Alegre;DC-POA01;ZonaC;SRV-DB-01;82.88;34359738368;12648168941;36.81;536870912000;447701566329;83.39;82.95;266615;322517;10;373;chrome.exe;29.12;python.exe;22.84;discord.exe;12.46;chrome.exe;1238256332;discord.exe;1136685374;python.exe;413106602;8;51.39;25.81;1779809589;2026-05-27 21:33:09;Wednesday;777721
SteamData;São Paulo;DC-SP01;ZonaA;SRV-WEB-01;58.6;34359738368;20129428712;58.58;536870912000;351306032087;65.44;14.37;185911;114395;26;325;chrome.exe;30.75;python.exe;17.75;discord.exe;6.24;chrome.exe;1186545239;discord.exe;1566740443;python.exe;532835715;16;50.76;5.76;1778859189;2026-05-27 21:53:09;Wednesday;611868
SteamData;Rio de Janeiro;DC-RJ01;ZonaC;SRV-WEB-01;94.46;34359738368;20808237582;60.56;536870912000;436604282363;81.32;69.79;233537;328500;20;311;chrome.exe;30.4;python.exe;19.38;discord.exe;7.33;chrome.exe;1316762446;discord.exe;1791443841;python.exe;353953685;16;11.67;28.21;1779291189;2026-05-27 21:53:09;Wednesday;548650
SteamData;Porto Alegre;DC-POA01;ZonaC;SRV-WEB-01;55.91;34359738368;14244657774;41.46;536870912000;203254109205;37.86;43.92;115442;197144;14;212;chrome.exe;11.44;python.exe;6.14;discord.exe;12.09;chrome.exe;2609786661;discord.exe;1459375954;python.exe;447102481;16;59.94;29.08;1778945589;2026-05-27 21:53:09;Wednesday;616496
SteamData;São Paulo;DC-SP01;ZonaC;SRV-WEB-01;90.49;34359738368;22885503424;66.61;536870912000;201992487672;37.62;38.64;98614;221440;9;297;chrome.exe;35.3;python.exe;6.64;discord.exe;8.69;chrome.exe;2684738171;discord.exe;1087215424;python.exe;950922243;8;68.55;5.94;1778340789;2026-05-27 22:13:09;Wednesday;607397
SteamData;Rio de Janeiro;DC-RJ01;ZonaA;SRV-WEB-01;57.08;34359738368;14214023344;41.37;536870912000;351621885895;65.49;37.89;251643;115909;13;265;chrome.exe;27.6;python.exe;21.46;discord.exe;10.44;chrome.exe;3328400736;discord.exe;1163246222;python.exe;523174853;16;44.39;28.12;1779204789;2026-05-27 22:13:09;Wednesday;522313
SteamData;Porto Alegre;DC-POA01;ZonaA;SRV-API-01;35.87;34359738368;15497198882;45.1;536870912000;260930265805;48.6;94.68;284659;325047;29;329;chrome.exe;23.19;python.exe;22.08;discord.exe;4.76;chrome.exe;3805329384;discord.exe;806517443;python.exe;651728188;8;57.39;24.72;1778686389;2026-05-27 22:13:09;Wednesday;764777
SteamData;São Paulo;DC-SP01;ZonaC;SRV-WEB-01;34.2;34359738368;12731178957;37.05;536870912000;370669705154;69.04;42.82;80568;137569;14;375;chrome.exe;31.15;python.exe;20.32;discord.exe;12.07;chrome.exe;1059539105;discord.exe;1809219862;python.exe;544799629;32;15.61;6.44;1779723189;2026-05-27 22:33:09;Wednesday;789736
SteamData;Rio de Janeiro;DC-RJ01;ZonaB;SRV-DB-01;59.33;34359738368;24999229153;72.76;536870912000;267585540343;49.84;45.51;89877;184902;14;236;chrome.exe;22.9;python.exe;19.19;discord.exe;9.97;chrome.exe;3031477632;discord.exe;589948647;python.exe;993645884;32;32.63;5.59;1779204789;2026-05-27 22:33:09;Wednesday;735357
SteamData;Porto Alegre;DC-POA01;ZonaC;SRV-API-01;67.73;34359738368;27012629333;78.62;536870912000;253172690381;47.16;118.92;56129;167706;7;328;chrome.exe;14.26;python.exe;15.18;discord.exe;10.74;chrome.exe;3112219130;discord.exe;1721248211;python.exe;894780779;32;16.37;21.49;1778081589;2026-05-27 22:33:09;Wednesday;624901
SteamData;São Paulo;DC-SP01;ZonaA;SRV-WEB-01;51.41;34359738368;14129117435;41.12;536870912000;247973112195;46.19;69.59;79178;232472;4;254;chrome.exe;35.11;python.exe;12.08;discord.exe;4.01;chrome.exe;2760989375;discord.exe;1977984014;python.exe;936496071;32;44.91;28.51;1779550389;2026-05-27 22:53:09;Wednesday;732652
SteamData;Rio de Janeiro;DC-RJ01;ZonaA;SRV-DB-01;43.41;34359738368;13527783894;39.37;536870912000;397148540137;73.97;64.34;111282;71965;21;331;chrome.exe;38.11;python.exe;6.97;discord.exe;2.17;chrome.exe;3800038245;discord.exe;1272847782;python.exe;364674829;8;29.56;5.79;1780241589;2026-05-27 22:53:09;Wednesday;860935
SteamData;Porto Alegre;DC-POA01;ZonaA;SRV-API-01;39.49;34359738368;21392606541;62.26;536870912000;231426846725;43.11;45.59;225762;364120;8;361;chrome.exe;26.97;python.exe;11.34;discord.exe;5.23;chrome.exe;1784084433;discord.exe;1348736295;python.exe;374311119;32;29.46;25.24;1778254389;2026-05-27 22:53:09;Wednesday;671732
SteamData;São Paulo;DC-SP01;ZonaB;SRV-DB-01;74.83;34359738368;19104633825;55.6;536870912000;366773055136;68.32;21.99;160817;196872;23;209;chrome.exe;30.84;python.exe;7.58;discord.exe;6.34;chrome.exe;1552098748;discord.exe;511794898;python.exe;638520455;32;35.33;8.83;1780068789;2026-05-27 23:13:09;Wednesday;544217
SteamData;Rio de Janeiro;DC-RJ01;ZonaB;SRV-API-01;57.01;34359738368;25335478161;73.74;536870912000;340902478597;63.5;114.48;81166;87049;1;196;chrome.exe;39.33;python.exe;20.41;discord.exe;7.05;chrome.exe;3032163513;discord.exe;1067803581;python.exe;732817470;8;47.8;16.47;1779550389;2026-05-27 23:13:09;Wednesday;888313
SteamData;Porto Alegre;DC-POA01;ZonaB;SRV-API-01;59.99;34359738368;22686827351;66.03;536870912000;307520261260;57.28;102.73;121665;128238;19;281;chrome.exe;20.1;python.exe;9.0;discord.exe;8.37;chrome.exe;2681190910;discord.exe;895359659;python.exe;573874529;8;38.39;10.03;1779377589;2026-05-27 23:13:09;Wednesday;737032
SteamData;São Paulo;DC-SP01;ZonaB;SRV-WEB-01;46.9;34359738368;18720838565;54.48;536870912000;365527183293;68.08;50.67;259959;180462;7;234;chrome.exe;22.17;python.exe;5.38;discord.exe;9.98;chrome.exe;3892751883;discord.exe;1271164379;python.exe;437932608;8;45.55;28.87;1777822389;2026-05-27 23:33:09;Wednesday;697855
SteamData;Rio de Janeiro;DC-RJ01;ZonaA;SRV-API-01;52.01;34359738368;17245934755;50.19;536870912000;232516446168;43.31;86.56;186994;163799;4;392;chrome.exe;20.67;python.exe;21.84;discord.exe;10.9;chrome.exe;3634991029;discord.exe;683278160;python.exe;380956617;8;52.51;10.71;1778340789;2026-05-27 23:33:09;Wednesday;721702
SteamData;Porto Alegre;DC-POA01;ZonaB;SRV-WEB-01;73.05;34359738368;19605643180;57.06;536870912000;300558507009;55.98;41.65;97521;397822;20;219;chrome.exe;31.78;python.exe;9.06;discord.exe;14.02;chrome.exe;1008530362;discord.exe;1408299031;python.exe;415838426;32;23.47;9.04;1778427189;2026-05-27 23:33:09;Wednesday;651165
SteamData;São Paulo;DC-SP01;ZonaA;SRV-API-01;28.58;34359738368;19327017049;56.25;536870912000;362303566197;67.48;41.95;257309;93387;8;354;chrome.exe;18.31;python.exe;23.25;discord.exe;10.15;chrome.exe;3043661394;discord.exe;1116538669;python.exe;770967817;16;18.76;22.47;1779463989;2026-05-27 23:53:09;Wednesday;637610
SteamData;Rio de Janeiro;DC-RJ01;ZonaB;SRV-WEB-01;68.5;34359738368;26077676579;75.9;536870912000;317758630915;59.19;72.83;219983;233594;10;257;chrome.exe;12.32;python.exe;7.32;discord.exe;3.32;chrome.exe;1868432502;discord.exe;1625876421;python.exe;682063080;8;68.55;26.77;1778859189;2026-05-27 23:53:09;Wednesday;579332
SteamData;Porto Alegre;DC-POA01;ZonaB;SRV-API-01;55.55;34359738368;24398058475;71.01;536870912000;311625546044;58.04;50.03;264615;328073;15;214;chrome.exe;37.89;python.exe;8.36;discord.exe;9.05;chrome.exe;3699075482;discord.exe;1867059067;python.exe;605586393;32;15.54;12.58;1779118389;2026-05-27 23:53:09;Wednesday;514817
SteamData;São Paulo;DC-SP01;ZonaC;SRV-API-01;36.79;34359738368;24575615284;71.52;536870912000;268192570055;49.95;110.66;99607;270684;16;271;chrome.exe;14.08;python.exe;20.69;discord.exe;9.36;chrome.exe;1232059329;discord.exe;1293463796;python.exe;455317354;8;10.94;17.75;1779723189;2026-05-28 00:13:09;Thursday;560397
SteamData;Rio de Janeiro;DC-RJ01;ZonaB;SRV-API-01;58.86;34359738368;26926740571;78.37;536870912000;257145045194;47.9;109.4;75061;319180;11;377;chrome.exe;37.97;python.exe;10.23;discord.exe;8.14;chrome.exe;2893098426;discord.exe;966516700;python.exe;970610828;32;58.0;21.69;1778945589;2026-05-28 00:13:09;Thursday;630963
SteamData;Porto Alegre;DC-POA01;ZonaC;SRV-WEB-01;55.55;34359738368;15233067409;44.33;536870912000;390319297493;72.7;43.36;90205;244000;29;359;chrome.exe;19.15;python.exe;19.4;discord.exe;2.21;chrome.exe;1667135274;discord.exe;1986715851;python.exe;321772249;16;67.01;16.74;1779550389;2026-05-28 00:13:09;Thursday;765874
SteamData;São Paulo;DC-SP01;ZonaB;SRV-DB-01;53.89;34359738368;12621380373;36.73;536870912000;288171857218;53.68;61.25;173869;192535;11;350;chrome.exe;37.4;python.exe;15.67;discord.exe;4.12;chrome.exe;1143762903;discord.exe;875885479;python.exe;954045508;16;36.88;5.76;1778427189;2026-05-28 00:33:09;Thursday;837033
SteamData;Rio de Janeiro;DC-RJ01;ZonaA;SRV-DB-01;43.78;34359738368;20590578046;59.93;536870912000;417347624505;77.74;104.49;114746;101962;0;223;chrome.exe;16.79;python.exe;10.89;discord.exe;4.66;chrome.exe;2452421091;discord.exe;1618800162;python.exe;684730165;8;43.68;15.82;1778513589;2026-05-28 00:33:09;Thursday;826665
SteamData;Porto Alegre;DC-POA01;ZonaA;SRV-WEB-01;59.11;34359738368;22062040776;64.21;536870912000;209453739927;39.01;56.74;201062;72394;14;383;chrome.exe;31.37;python.exe;22.68;discord.exe;4.72;chrome.exe;1714302263;discord.exe;796730084;python.exe;683000758;8;49.33;15.06;1779982389;2026-05-28 00:33:09;Thursday;709164
SteamData;São Paulo;DC-SP01;ZonaC;SRV-DB-01;86.09;34359738368;28066712617;81.68;536870912000;239642991629;44.64;94.62;287645;106850;0;181;chrome.exe;23.96;python.exe;19.83;discord.exe;12.42;chrome.exe;3448752984;discord.exe;1794287149;python.exe;907415406;32;46.47;21.18;1779550389;2026-05-28 00:53:09;Thursday;897854
SteamData;Rio de Janeiro;DC-RJ01;ZonaB;SRV-DB-01;36.26;34359738368;20560533495;59.84;536870912000;219018298160;40.8;62.47;256456;228122;1;270;chrome.exe;27.75;python.exe;6.4;discord.exe;8.88;chrome.exe;2449580318;discord.exe;1431423601;python.exe;676529392;16;43.47;9.96;1777908789;2026-05-28 00:53:09;Thursday;539123
SteamData;Porto Alegre;DC-POA01;ZonaB;SRV-WEB-01;93.78;34359738368;17277835973;50.29;536870912000;206792270246;38.52;109.69;157902;77981;13;329;chrome.exe;11.96;python.exe;22.35;discord.exe;12.68;chrome.exe;1182759256;discord.exe;1970859892;python.exe;755948880;16;49.21;13.99;1779723189;2026-05-28 00:53:09;Thursday;623220
SteamData;São Paulo;DC-SP01;ZonaB;SRV-DB-01;72.32;34359738368;28299972487;82.36;536870912000;210715459913;39.25;15.42;241272;372629;19;171;chrome.exe;19.21;python.exe;19.05;discord.exe;7.72;chrome.exe;3329695642;discord.exe;1005075425;python.exe;616113745;16;56.38;23.8;1779031989;2026-05-28 01:13:09;Thursday;702844
SteamData;Rio de Janeiro;DC-RJ01;ZonaA;SRV-WEB-01;31.24;34359738368;29955293373;87.18;536870912000;364937811999;67.97;118.66;113657;380957;16;176;chrome.exe;18.11;python.exe;17.41;discord.exe;4.52;chrome.exe;1810328194;discord.exe;988099923;python.exe;632042758;16;58.22;13.74;1777995189;2026-05-28 01:13:09;Thursday;700433
SteamData;Porto Alegre;DC-POA01;ZonaB;SRV-WEB-01;51.44;34359738368;22321488472;64.96;536870912000;297216642536;55.36;112.06;182871;117844;14;197;chrome.exe;26.6;python.exe;20.51;discord.exe;12.11;chrome.exe;2622845118;discord.exe;1003365588;python.exe;631069831;16;56.74;16.02;1778427189;2026-05-28 01:13:09;Thursday;520694
SteamData;São Paulo;DC-SP01;ZonaC;SRV-WEB-01;26.05;34359738368;19349227927;56.31;536870912000;373687505310;69.6;58.41;67588;327521;22;388;chrome.exe;22.27;python.exe;8.04;discord.exe;12.24;chrome.exe;2589432188;discord.exe;1359367083;python.exe;484065180;16;29.94;22.75;1778513589;2026-05-28 01:33:09;Thursday;580968
SteamData;Rio de Janeiro;DC-RJ01;ZonaC;SRV-DB-01;71.72;34359738368;12783918380;37.21;536870912000;339564050892;63.25;75.66;212761;388522;1;215;chrome.exe;25.12;python.exe;18.43;discord.exe;9.8;chrome.exe;3526990515;discord.exe;1314813031;python.exe;335861551;16;45.77;14.63;1778772789;2026-05-28 01:33:09;Thursday;646760
SteamData;Porto Alegre;DC-POA01;ZonaB;SRV-API-01;51.0;34359738368;22804458445;66.37;536870912000;330417630189;61.55;55.16;271393;125264;6;192;chrome.exe;16.34;python.exe;6.33;discord.exe;6.46;chrome.exe;1381944374;discord.exe;945683387;python.exe;853659961;16;36.27;19.4;1778945589;2026-05-28 01:33:09;Thursday;585768
SteamData;São Paulo;DC-SP01;ZonaA;SRV-API-01;48.46;34359738368;18953249733;55.16;536870912000;313326564564;58.36;53.82;93583;292560;9;190;chrome.exe;21.38;python.exe;9.48;discord.exe;11.37;chrome.exe;1094420389;discord.exe;818308184;python.exe;818124978;16;48.63;19.28;1779204789;2026-05-28 01:53:09;Thursday;549110
SteamData;Rio de Janeiro;DC-RJ01;ZonaA;SRV-DB-01;28.72;34359738368;28474655805;82.87;536870912000;247140148607;46.03;112.3;284594;209217;5;364;chrome.exe;29.07;python.exe;10.67;discord.exe;8.24;chrome.exe;2331794756;discord.exe;912262786;python.exe;792803040;32;50.25;11.3;1779031989;2026-05-28 01:53:09;Thursday;895190
SteamData;Porto Alegre;DC-POA01;ZonaB;SRV-WEB-01;31.22;34359738368;13228894309;38.5;536870912000;319941887709;59.59;35.18;218066;357274;16;367;chrome.exe;40.0;python.exe;11.91;discord.exe;7.8;chrome.exe;2036416934;discord.exe;1501273016;python.exe;490672471;8;56.16;18.55;1778945589;2026-05-28 01:53:09;Thursday;667508
SteamData;São Paulo;DC-SP01;ZonaA;SRV-WEB-01;59.42;34359738368;23090087564;67.2;536870912000;261506367993;48.71;68.21;237626;79704;15;197;chrome.exe;36.51;python.exe;11.76;discord.exe;11.99;chrome.exe;2676808226;discord.exe;984743748;python.exe;947954177;8;31.0;12.8;1779550389;2026-05-28 02:13:09;Thursday;824946
SteamData;Rio de Janeiro;DC-RJ01;ZonaA;SRV-DB-01;87.24;34359738368;28828677954;83.9;536870912000;310069043886;57.75;47.24;192882;80892;12;181;chrome.exe;15.62;python.exe;14.92;discord.exe;3.5;chrome.exe;1547815036;discord.exe;1443705175;python.exe;686152095;32;15.84;6.52;1779031989;2026-05-28 02:13:09;Thursday;815039
SteamData;Porto Alegre;DC-POA01;ZonaB;SRV-API-01;69.47;34359738368;27052477473;78.73;536870912000;275163084670;51.25;106.7;147739;297918;21;295;chrome.exe;14.24;python.exe;14.1;discord.exe;6.01;chrome.exe;1894536687;discord.exe;1784303955;python.exe;908632103;16;49.05;13.06;1780068789;2026-05-28 02:13:09;Thursday;576242
SteamData;São Paulo;DC-SP01;ZonaB;SRV-WEB-01;65.53;34359738368;19798081376;57.62;536870912000;351503793738;65.47;70.89;239116;389557;20;216;chrome.exe;23.51;python.exe;10.96;discord.exe;7.2;chrome.exe;3211287735;discord.exe;1012139570;python.exe;926981173;32;16.12;7.7;1779636789;2026-05-28 02:33:09;Thursday;542728
SteamData;Rio de Janeiro;DC-RJ01;ZonaA;SRV-WEB-01;83.44;34359738368;27293957487;79.44;536870912000;332617475214;61.95;81.27;171031;65058;6;175;chrome.exe;24.12;python.exe;18.43;discord.exe;5.05;chrome.exe;1335356617;discord.exe;673630385;python.exe;919702972;16;17.98;14.37;1778772789;2026-05-28 02:33:09;Thursday;720661
SteamData;Porto Alegre;DC-POA01;ZonaA;SRV-WEB-01;61.18;34359738368;21288567650;61.96;536870912000;228295047785;42.52;60.61;213880;181199;24;179;chrome.exe;33.92;python.exe;10.08;discord.exe;9.86;chrome.exe;1012252452;discord.exe;550671523;python.exe;513141441;16;48.63;12.85;1778254389;2026-05-28 02:33:09;Thursday;786281
SteamData;São Paulo;DC-SP01;ZonaA;SRV-WEB-01;70.81;34359738368;23756880767;69.14;536870912000;317368673721;59.11;106.94;176540;316097;14;232;chrome.exe;24.19;python.exe;15.97;discord.exe;5.59;chrome.exe;2888670660;discord.exe;1777207528;python.exe;595266834;32;52.1;10.53;1778427189;2026-05-28 02:53:09;Thursday;847896
SteamData;Rio de Janeiro;DC-RJ01;ZonaC;SRV-DB-01;57.33;34359738368;28842438345;83.94;536870912000;282504625148;52.62;102.39;156089;275644;9;203;chrome.exe;20.11;python.exe;24.39;discord.exe;10.89;chrome.exe;3463945378;discord.exe;1699913339;python.exe;618827201;8;56.76;11.62;1778945589;2026-05-28 02:53:09;Thursday;720741
SteamData;Porto Alegre;DC-POA01;ZonaC;SRV-WEB-01;87.09;34359738368;15955306230;46.44;536870912000;431230583447;80.32;108.17;105354;394441;16;379;chrome.exe;20.05;python.exe;20.06;discord.exe;6.22;chrome.exe;1843415400;discord.exe;652971225;python.exe;545522763;16;54.12;17.29;1777908789;2026-05-28 02:53:09;Thursday;798146
SteamData;São Paulo;DC-SP01;ZonaC;SRV-DB-01;81.97;34359738368;28895510245;84.1;536870912000;401356991748;74.76;116.07;119147;378923;24;243;chrome.exe;35.61;python.exe;18.87;discord.exe;2.5;chrome.exe;1592871895;discord.exe;1034624083;python.exe;442045853;16;56.56;17.31;1778254389;2026-05-28 03:13:09;Thursday;854601
SteamData;Rio de Janeiro;DC-RJ01;ZonaA;SRV-DB-01;69.21;34359738368;25361368070;73.81;536870912000;384758619109;71.67;29.26;262802;52746;28;211;chrome.exe;11.16;python.exe;7.8;discord.exe;14.44;chrome.exe;2978634689;discord.exe;1771579152;python.exe;806617363;32;47.7;24.97;1777995189;2026-05-28 03:13:09;Thursday;874683
SteamData;Porto Alegre;DC-POA01;ZonaC;SRV-API-01;28.96;34359738368;28272875118;82.28;536870912000;395703866470;73.71;39.93;91235;243040;18;297;chrome.exe;25.88;python.exe;20.95;discord.exe;14.19;chrome.exe;3873269560;discord.exe;1512626772;python.exe;319094323;32;39.67;17.69;1778427189;2026-05-28 03:13:09;Thursday;899699
SteamData;São Paulo;DC-SP01;ZonaC;SRV-DB-01;35.02;34359738368;21401220083;62.29;536870912000;399892041179;74.49;56.18;192929;272060;13;363;chrome.exe;24.79;python.exe;12.13;discord.exe;5.15;chrome.exe;2621927083;discord.exe;1902537307;python.exe;452929822;32;50.7;16.23;1779809589;2026-05-28 03:33:09;Thursday;761209
SteamData;Rio de Janeiro;DC-RJ01;ZonaA;SRV-API-01;94.34;34359738368;22143553917;64.45;536870912000;359690504562;67.0;103.57;290176;298210;17;321;chrome.exe;13.66;python.exe;9.02;discord.exe;4.88;chrome.exe;2539834369;discord.exe;1993964561;python.exe;949251040;32;24.74;15.02;1779982389;2026-05-28 03:33:09;Thursday;734192
SteamData;Porto Alegre;DC-POA01;ZonaC;SRV-API-01;40.36;34359738368;14204171211;41.34;536870912000;255880621003;47.66;100.03;168488;164491;25;311;chrome.exe;22.67;python.exe;6.46;discord.exe;6.7;chrome.exe;2451652188;discord.exe;1748366201;python.exe;686607657;16;53.6;21.51;1780068789;2026-05-28 03:33:09;Thursday;895688
SteamData;São Paulo;DC-SP01;ZonaC;SRV-DB-01;56.85;34359738368;13351243587;38.86;536870912000;373585773440;69.59;96.47;273296;193374;0;301;chrome.exe;33.54;python.exe;13.77;discord.exe;7.65;chrome.exe;3574277870;discord.exe;1404325085;python.exe;738837594;8;46.97;6.0;1778081589;2026-05-28 03:53:09;Thursday;814545
SteamData;Rio de Janeiro;DC-RJ01;ZonaB;SRV-API-01;80.15;34359738368;25143024983;73.18;536870912000;258480389564;48.15;10.97;206216;298940;0;369;chrome.exe;16.55;python.exe;7.09;discord.exe;11.07;chrome.exe;1215333419;discord.exe;1284007835;python.exe;511886600;16;47.88;21.3;1777822389;2026-05-28 03:53:09;Thursday;775869
SteamData;Porto Alegre;DC-POA01;ZonaA;SRV-DB-01;40.89;34359738368;17195198607;50.04;536870912000;341394191519;63.59;24.09;191694;305329;10;261;chrome.exe;27.62;python.exe;7.77;discord.exe;6.51;chrome.exe;1987915508;discord.exe;697460472;python.exe;445336569;8;17.2;5.74;1779636789;2026-05-28 03:53:09;Thursday;859232
SteamData;São Paulo;DC-SP01;ZonaC;SRV-DB-01;67.43;34359738368;14109944594;41.07;536870912000;237045852868;44.15;89.76;100581;235117;25;357;chrome.exe;15.1;python.exe;20.24;discord.exe;2.07;chrome.exe;3802330984;discord.exe;1963380708;python.exe;629088208;16;42.92;24.5;1779118389;2026-05-28 04:13:09;Thursday;508676
SteamData;Rio de Janeiro;DC-RJ01;ZonaB;SRV-WEB-01;29.18;34359738368;13770026753;40.08;536870912000;395087887849;73.59;87.71;133014;90241;10;190;chrome.exe;13.56;python.exe;7.88;discord.exe;6.25;chrome.exe;2548101970;discord.exe;1120537868;python.exe;543845923;32;41.02;16.74;1778081589;2026-05-28 04:13:09;Thursday;836250
SteamData;Porto Alegre;DC-POA01;ZonaC;SRV-WEB-01;50.64;34359738368;26821076396;78.06;536870912000;212964438304;39.67;27.22;117400;249933;12;179;chrome.exe;30.83;python.exe;13.43;discord.exe;12.1;chrome.exe;2684665933;discord.exe;1286721372;python.exe;977074372;16;55.81;21.47;1779982389;2026-05-28 04:13:09;Thursday;507305
SteamData;São Paulo;DC-SP01;ZonaC;SRV-DB-01;55.24;34359738368;27158631520;79.04;536870912000;254547241668;47.41;33.61;236609;217181;1;377;chrome.exe;25.72;python.exe;6.39;discord.exe;3.36;chrome.exe;2877246043;discord.exe;1634902232;python.exe;603671976;8;13.29;23.33;1777908789;2026-05-28 04:33:09;Thursday;540907
SteamData;Rio de Janeiro;DC-RJ01;ZonaC;SRV-API-01;43.99;34359738368;16115037698;46.9;536870912000;429151723086;79.94;56.29;233469;111788;9;224;chrome.exe;36.3;python.exe;12.89;discord.exe;9.6;chrome.exe;1458828801;discord.exe;1307432617;python.exe;543971123;8;46.47;9.37;1777822389;2026-05-28 04:33:09;Thursday;650734
SteamData;Porto Alegre;DC-POA01;ZonaC;SRV-WEB-01;32.51;34359738368;22810618507;66.39;536870912000;361433362182;67.32;58.82;165454;115249;23;352;chrome.exe;26.41;python.exe;9.3;discord.exe;5.9;chrome.exe;1981954497;discord.exe;920149236;python.exe;378416548;16;28.93;14.19;1777822389;2026-05-28 04:33:09;Thursday;690986
SteamData;São Paulo;DC-SP01;ZonaA;SRV-API-01;39.73;34359738368;23468574581;68.3;536870912000;248312022937;46.25;115.62;114975;102762;16;235;chrome.exe;30.51;python.exe;22.27;discord.exe;2.44;chrome.exe;2116669611;discord.exe;1185090757;python.exe;546041011;16;18.42;11.57;1778081589;2026-05-28 04:53:09;Thursday;601873
SteamData;Rio de Janeiro;DC-RJ01;ZonaC;SRV-DB-01;92.57;34359738368;26450429811;76.98;536870912000;205397735970;38.26;56.0;109761;204679;0;200;chrome.exe;26.57;python.exe;23.92;discord.exe;12.96;chrome.exe;3694539878;discord.exe;726267193;python.exe;841807619;32;37.71;15.48;1779550389;2026-05-28 04:53:09;Thursday;796986
SteamData;Porto Alegre;DC-POA01;ZonaB;SRV-DB-01;85.45;34359738368;14243463276;41.45;536870912000;243734296972;45.4;10.8;127606;122812;21;302;chrome.exe;37.52;python.exe;18.18;discord.exe;10.24;chrome.exe;1653150511;discord.exe;974072889;python.exe;370769073;32;50.09;8.26;1779118389;2026-05-28 04:53:09;Thursday;610920
SteamData;São Paulo;DC-SP01;ZonaB;SRV-DB-01;94.4;34359738368;24894817129;72.45;536870912000;346501238929;64.54;118.78;119211;281307;26;193;chrome.exe;37.55;python.exe;22.69;discord.exe;14.48;chrome.exe;1128816920;discord.exe;1826814238;python.exe;742755778;32;31.16;15.26;1779723189;2026-05-28 05:13:09;Thursday;820650
SteamData;Rio de Janeiro;DC-RJ01;ZonaA;SRV-API-01;39.34;34359738368;26013483148;75.71;536870912000;416032374641;77.49;59.15;214548;337144;26;210;chrome.exe;13.84;python.exe;9.39;discord.exe;9.82;chrome.exe;3692156691;discord.exe;1379499554;python.exe;921829592;8;45.79;26.44;1777995189;2026-05-28 05:13:09;Thursday;718586
SteamData;Porto Alegre;DC-POA01;ZonaC;SRV-DB-01;56.44;34359738368;20699921581;60.24;536870912000;352832878654;65.72;106.72;190861;328170;19;314;chrome.exe;30.44;python.exe;8.24;discord.exe;11.82;chrome.exe;2928703712;discord.exe;1481748956;python.exe;951748422;32;38.12;19.16;1779723189;2026-05-28 05:13:09;Thursday;613007
SteamData;São Paulo;DC-SP01;ZonaB;SRV-DB-01;52.61;34359738368;26197098476;76.24;536870912000;439267172515;81.82;62.72;232480;154056;4;184;chrome.exe;15.15;python.exe;20.78;discord.exe;7.31;chrome.exe;1122279521;discord.exe;1359768524;python.exe;680932870;32;31.33;16.86;1778513589;2026-05-28 05:33:09;Thursday;703670
SteamData;Rio de Janeiro;DC-RJ01;ZonaB;SRV-DB-01;37.67;34359738368;29824924600;86.8;536870912000;269229223656;50.15;68.38;236082;217990;27;160;chrome.exe;11.33;python.exe;23.59;discord.exe;12.25;chrome.exe;2260847787;discord.exe;1062443193;python.exe;403603082;16;57.75;6.12;1779550389;2026-05-28 05:33:09;Thursday;545594
SteamData;Porto Alegre;DC-POA01;ZonaC;SRV-DB-01;27.56;34359738368;26048999062;75.81;536870912000;222767589924;41.49;52.74;245167;237117;1;354;chrome.exe;38.5;python.exe;10.54;discord.exe;2.66;chrome.exe;2817203307;discord.exe;812352339;python.exe;428984216;32;34.38;23.93;1779550389;2026-05-28 05:33:09;Thursday;630302
SteamData;São Paulo;DC-SP01;ZonaC;SRV-WEB-01;49.31;34359738368;26191199684;76.23;536870912000;233772116262;43.54;94.2;117486;354824;29;275;chrome.exe;32.21;python.exe;19.43;discord.exe;8.52;chrome.exe;2682010968;discord.exe;1465129672;python.exe;937909805;32;27.51;13.51;1778772789;2026-05-28 05:53:09;Thursday;868626
SteamData;Rio de Janeiro;DC-RJ01;ZonaC;SRV-API-01;56.0;34359738368;20130080416;58.59;536870912000;312740217937;58.25;78.04;232436;274869;3;326;chrome.exe;14.58;python.exe;19.74;discord.exe;3.92;chrome.exe;2490330451;discord.exe;587651296;python.exe;535258983;8;55.77;16.15;1778772789;2026-05-28 05:53:09;Thursday;756571
SteamData;Porto Alegre;DC-POA01;ZonaC;SRV-WEB-01;63.92;34359738368;16286233008;47.4;536870912000;367473027153;68.45;29.66;166462;378880;3;355;chrome.exe;30.63;python.exe;13.68;discord.exe;9.47;chrome.exe;2531941743;discord.exe;1343729372;python.exe;797757267;8;40.96;7.65;1778254389;2026-05-28 05:53:09;Thursday;856106
SteamData;São Paulo;DC-SP01;ZonaC;SRV-API-01;62.35;34359738368;17549328658;51.08;536870912000;361570740149;67.35;110.61;94786;370342;2;186;chrome.exe;20.15;python.exe;20.73;discord.exe;7.23;chrome.exe;3772470086;discord.exe;1486035014;python.exe;698753822;32;65.67;23.63;1779118389;2026-05-28 06:13:09;Thursday;769549
SteamData;Rio de Janeiro;DC-RJ01;ZonaC;SRV-DB-01;29.02;34359738368;22595360305;65.76;536870912000;255786323497;47.64;92.41;170507;82094;1;370;chrome.exe;24.34;python.exe;18.57;discord.exe;11.57;chrome.exe;1729054093;discord.exe;1113605107;python.exe;432319701;32;40.53;29.62;1779291189;2026-05-28 06:13:09;Thursday;789417
SteamData;Porto Alegre;DC-POA01;ZonaC;SRV-WEB-01;52.35;34359738368;17414386102;50.68;536870912000;321794663689;59.94;43.85;57711;72047;21;213;chrome.exe;21.54;python.exe;9.74;discord.exe;14.99;chrome.exe;3889387498;discord.exe;1737237649;python.exe;676636899;8;62.95;12.74;1779809589;2026-05-28 06:13:09;Thursday;515271
SteamData;São Paulo;DC-SP01;ZonaB;SRV-WEB-01;70.16;34359738368;15674438446;45.62;536870912000;443511445235;82.61;39.31;159743;313366;6;312;chrome.exe;14.06;python.exe;19.71;discord.exe;6.23;chrome.exe;1832274856;discord.exe;598226498;python.exe;315635027;8;40.26;25.52;1779895989;2026-05-28 06:33:09;Thursday;846380
SteamData;Rio de Janeiro;DC-RJ01;ZonaC;SRV-DB-01;34.88;34359738368;13362919612;38.89;536870912000;388709404726;72.4;105.13;52496;114673;29;180;chrome.exe;21.65;python.exe;17.54;discord.exe;11.17;chrome.exe;3916312037;discord.exe;960482367;python.exe;854062316;32;26.36;20.93;1779636789;2026-05-28 06:33:09;Thursday;848997
SteamData;Porto Alegre;DC-POA01;ZonaA;SRV-API-01;61.16;34359738368;26205017204;76.27;536870912000;447029679320;83.27;113.41;268738;99101;6;255;chrome.exe;11.1;python.exe;21.19;discord.exe;8.02;chrome.exe;3340701914;discord.exe;1857548931;python.exe;428535982;32;15.01;18.46;1778167989;2026-05-28 06:33:09;Thursday;529730
SteamData;São Paulo;DC-SP01;ZonaA;SRV-DB-01;63.02;34359738368;29505808792;85.87;536870912000;248375274236;46.26;118.19;210397;61718;15;227;chrome.exe;15.11;python.exe;23.58;discord.exe;5.04;chrome.exe;3104331703;discord.exe;760740567;python.exe;384530092;16;17.65;16.01;1778427189;2026-05-28 06:53:09;Thursday;877012
SteamData;Rio de Janeiro;DC-RJ01;ZonaA;SRV-DB-01;72.81;34359738368;25779200720;75.03;536870912000;432313766157;80.52;10.45;101603;179709;10;356;chrome.exe;36.26;python.exe;13.3;discord.exe;14.58;chrome.exe;3375283129;discord.exe;911890083;python.exe;399676914;8;14.71;10.25;1779982389;2026-05-28 06:53:09;Thursday;847299
SteamData;Porto Alegre;DC-POA01;ZonaC;SRV-DB-01;59.87;34359738368;27200809156;79.16;536870912000;370638967415;69.04;54.89;123127;283916;13;247;chrome.exe;38.62;python.exe;24.62;discord.exe;6.17;chrome.exe;2144897522;discord.exe;1553888420;python.exe;856894987;32;56.04;5.05;1779291189;2026-05-28 06:53:09;Thursday;757299
SteamData;São Paulo;DC-SP01;ZonaC;SRV-API-01;36.89;34359738368;16219837578;47.21;536870912000;406072668061;75.64;15.39;147795;160841;25;336;chrome.exe;21.13;python.exe;19.32;discord.exe;8.0;chrome.exe;3961891445;discord.exe;1848448073;python.exe;515686817;16;51.38;18.09;1777908789;2026-05-28 07:13:09;Thursday;860604
SteamData;Rio de Janeiro;DC-RJ01;ZonaC;SRV-API-01;74.95;34359738368;20416715542;59.42;536870912000;282702721403;52.66;81.96;173018;300680;7;233;chrome.exe;11.02;python.exe;12.71;discord.exe;3.84;chrome.exe;1693405934;discord.exe;1073571095;python.exe;747019721;8;16.28;19.45;1779723189;2026-05-28 07:13:09;Thursday;680355
SteamData;Porto Alegre;DC-POA01;ZonaA;SRV-API-01;87.82;34359738368;15599684543;45.4;536870912000;341478083432;63.61;104.61;220000;394243;8;301;chrome.exe;17.84;python.exe;15.86;discord.exe;12.79;chrome.exe;2542683252;discord.exe;966669563;python.exe;635392681;32;14.22;5.23;1780068789;2026-05-28 07:13:09;Thursday;513512
SteamData;São Paulo;DC-SP01;ZonaA;SRV-API-01;80.61;34359738368;12811280593;37.29;536870912000;258977927948;48.24;51.78;64035;286716;18;246;chrome.exe;17.24;python.exe;5.16;discord.exe;3.17;chrome.exe;3422644240;discord.exe;673782745;python.exe;389354990;32;63.03;21.05;1780241589;2026-05-28 07:33:09;Thursday;578497
SteamData;Rio de Janeiro;DC-RJ01;ZonaB;SRV-API-01;66.16;34359738368;24364836948;70.91;536870912000;300604547973;55.99;65.6;191364;107444;13;245;chrome.exe;30.0;python.exe;7.46;discord.exe;10.29;chrome.exe;3543297545;discord.exe;1665889791;python.exe;853216796;32;62.9;22.35;1778513589;2026-05-28 07:33:09;Thursday;714480
SteamData;Porto Alegre;DC-POA01;ZonaB;SRV-WEB-01;26.57;34359738368;13476587566;39.22;536870912000;402968169081;75.06;25.58;272618;287251;20;389;chrome.exe;27.23;python.exe;24.74;discord.exe;6.62;chrome.exe;2346302727;discord.exe;1741384603;python.exe;610870347;32;48.62;29.04;1779031989;2026-05-28 07:33:09;Thursday;852068
SteamData;São Paulo;DC-SP01;ZonaB;SRV-API-01;90.01;34359738368;21043464807;61.24;536870912000;405902129246;75.61;105.98;194734;250313;14;210;chrome.exe;22.92;python.exe;15.26;discord.exe;3.03;chrome.exe;3468264745;discord.exe;1224039990;python.exe;726901851;32;47.49;28.99;1779636789;2026-05-28 07:53:09;Thursday;862575
SteamData;Rio de Janeiro;DC-RJ01;ZonaC;SRV-API-01;34.18;34359738368;25237422562;73.45;536870912000;339687194972;63.27;57.36;168794;399147;27;324;chrome.exe;39.55;python.exe;20.41;discord.exe;4.86;chrome.exe;1474811153;discord.exe;1906777724;python.exe;781013315;8;66.78;12.81;1778513589;2026-05-28 07:53:09;Thursday;820711
SteamData;Porto Alegre;DC-POA01;ZonaA;SRV-DB-01;70.4;34359738368;12769801056;37.17;536870912000;344572809190;64.18;15.67;259831;130812;5;258;chrome.exe;14.28;python.exe;21.85;discord.exe;12.24;chrome.exe;2879929514;discord.exe;1595947234;python.exe;331920418;8;11.23;6.45;1778772789;2026-05-28 07:53:09;Thursday;772494
SteamData;São Paulo;DC-SP01;ZonaB;SRV-DB-01;61.87;34359738368;26484271637;77.08;536870912000;243497939059;45.36;89.17;174264;110504;18;335;chrome.exe;26.85;python.exe;16.04;discord.exe;9.28;chrome.exe;3326759905;discord.exe;679181928;python.exe;776659925;16;25.38;13.93;1780155189;2026-05-28 08:13:09;Thursday;670273
SteamData;Rio de Janeiro;DC-RJ01;ZonaC;SRV-API-01;31.58;34359738368;14548331658;42.34;536870912000;384651702552;71.65;50.44;151972;216385;22;225;chrome.exe;34.95;python.exe;20.98;discord.exe;12.35;chrome.exe;2642369924;discord.exe;1726233377;python.exe;347130037;16;18.77;16.19;1779982389;2026-05-28 08:13:09;Thursday;782619
SteamData;Porto Alegre;DC-POA01;ZonaB;SRV-API-01;64.24;34359738368;17991397681;52.36;536870912000;272549130022;50.77;90.9;142918;93628;18;291;chrome.exe;27.11;python.exe;11.25;discord.exe;9.51;chrome.exe;2910670039;discord.exe;1078507869;python.exe;515533971;32;20.43;27.47;1779550389;2026-05-28 08:13:09;Thursday;775236
SteamData;São Paulo;DC-SP01;ZonaC;SRV-WEB-01;73.28;34359738368;27691041404;80.59;536870912000;273423725214;50.93;94.41;61418;236559;7;389;chrome.exe;21.63;python.exe;8.17;discord.exe;4.09;chrome.exe;1386575702;discord.exe;1214667444;python.exe;558335014;8;21.96;25.02;1778340789;2026-05-28 08:33:09;Thursday;856268
SteamData;Rio de Janeiro;DC-RJ01;ZonaB;SRV-DB-01;32.32;34359738368;18660201275;54.31;536870912000;351003631221;65.38;114.41;251989;307376;16;263;chrome.exe;37.8;python.exe;18.24;discord.exe;14.79;chrome.exe;2276204923;discord.exe;1333751617;python.exe;940027661;8;68.85;17.12;1778859189;2026-05-28 08:33:09;Thursday;722682
SteamData;Porto Alegre;DC-POA01;ZonaC;SRV-API-01;50.82;34359738368;20512339053;59.7;536870912000;348865706113;64.98;22.16;151463;239824;8;275;chrome.exe;25.3;python.exe;23.88;discord.exe;8.4;chrome.exe;1792452286;discord.exe;1517938675;python.exe;625077556;16;37.26;9.89;1778686389;2026-05-28 08:33:09;Thursday;561188
SteamData;São Paulo;DC-SP01;ZonaA;SRV-API-01;36.04;34359738368;17906107689;52.11;536870912000;242334704210;45.14;81.69;115124;118507;27;371;chrome.exe;19.67;python.exe;11.85;discord.exe;7.26;chrome.exe;3687400187;discord.exe;1762007225;python.exe;504978837;32;10.78;20.35;1779982389;2026-05-28 08:53:09;Thursday;567642
SteamData;Rio de Janeiro;DC-RJ01;ZonaA;SRV-API-01;85.04;34359738368;29718025555;86.49;536870912000;332987226146;62.02;13.35;95136;393089;19;283;chrome.exe;26.73;python.exe;20.48;discord.exe;14.87;chrome.exe;3978775861;discord.exe;1326044690;python.exe;970140941;8;26.41;25.65;1777822389;2026-05-28 08:53:09;Thursday;503148
SteamData;Porto Alegre;DC-POA01;ZonaB;SRV-WEB-01;62.12;34359738368;29659891545;86.32;536870912000;267655622837;49.85;15.78;235095;116099;4;311;chrome.exe;19.31;python.exe;20.17;discord.exe;12.86;chrome.exe;2599245745;discord.exe;1576609410;python.exe;570113638;32;47.28;14.93;1778167989;2026-05-28 08:53:09;Thursday;684395
SteamData;São Paulo;DC-SP01;ZonaB;SRV-WEB-01;81.33;34359738368;13681611459;39.82;536870912000;391840654188;72.99;24.6;181611;371758;23;237;chrome.exe;38.95;python.exe;17.92;discord.exe;5.54;chrome.exe;3745138572;discord.exe;1685750206;python.exe;353502105;32;24.92;16.06;1778081589;2026-05-28 09:13:09;Thursday;874118
SteamData;Rio de Janeiro;DC-RJ01;ZonaB;SRV-DB-01;48.2;34359738368;21295196894;61.98;536870912000;323633707384;60.28;90.98;179378;125654;3;214;chrome.exe;29.88;python.exe;18.66;discord.exe;9.88;chrome.exe;2983630101;discord.exe;715623730;python.exe;614110164;32;12.7;25.95;1778081589;2026-05-28 09:13:09;Thursday;728835
SteamData;Porto Alegre;DC-POA01;ZonaA;SRV-DB-01;45.23;34359738368;14486168653;42.16;536870912000;333381671234;62.1;95.93;288125;317266;29;319;chrome.exe;29.02;python.exe;5.75;discord.exe;8.0;chrome.exe;1317023644;discord.exe;1619614584;python.exe;600740300;8;36.17;7.85;1778427189;2026-05-28 09:13:09;Thursday;614983
SteamData;São Paulo;DC-SP01;ZonaB;SRV-DB-01;63.63992638926456;34359738368;27275714585;79.38;536870912000;236014423066;43.96;11.28;153542;247894;4;203;chrome.exe;35.29;python.exe;18.08;discord.exe;8.84;chrome.exe;2105146882;discord.exe;1243191263;python.exe;834654542;16;60.4;19.51;1778340789;2026-05-28 09:33:09;Thursday;834087
SteamData;Rio de Janeiro;DC-RJ01;ZonaC;SRV-API-01;45.958064791643736;34359738368;15401098542;44.82;536870912000;245324192818;45.7;91.36;296063;398272;23;261;chrome.exe;12.26;python.exe;7.27;discord.exe;6.08;chrome.exe;2193355650;discord.exe;738204096;python.exe;746694829;8;11.67;15.16;1779982389;2026-05-28 09:33:09;Thursday;692130
SteamData;Porto Alegre;DC-POA01;ZonaA;SRV-DB-01;69.09510353126204;34359738368;15088485716;43.91;536870912000;309745821117;57.69;19.34;236234;197481;2;208;chrome.exe;24.26;python.exe;5.31;discord.exe;9.7;chrome.exe;3984584772;discord.exe;1249034188;python.exe;329622120;8;40.55;6.58;1779118389;2026-05-28 09:33:09;Thursday;864573
SteamData;São Paulo;DC-SP01;ZonaC;SRV-API-01;64.18088420590466;34359738368;24164308803;70.33;536870912000;224153119212;41.75;32.66;89110;233907;6;210;chrome.exe;18.94;python.exe;17.0;discord.exe;12.91;chrome.exe;2955621931;discord.exe;1064781406;python.exe;312563113;8;31.29;24.63;1778513589;2026-05-28 09:53:09;Thursday;659226
SteamData;Rio de Janeiro;DC-RJ01;ZonaA;SRV-WEB-01;64.17080640986492;34359738368;23115835446;67.28;536870912000;285425557364;53.16;105.86;55631;71223;16;242;chrome.exe;20.36;python.exe;8.93;discord.exe;13.33;chrome.exe;2877738358;discord.exe;921837902;python.exe;976418643;16;42.71;28.06;1778772789;2026-05-28 09:53:09;Thursday;800760
SteamData;Porto Alegre;DC-POA01;ZonaC;SRV-API-01;43.36881091520828;34359738368;17792084824;51.78;536870912000;287093209209;53.48;58.37;277552;314866;3;218;chrome.exe;35.78;python.exe;6.47;discord.exe;11.38;chrome.exe;1594893662;discord.exe;1173174872;python.exe;824620207;16;27.94;16.56;1779550389;2026-05-28 09:53:09;Thursday;854927
SteamData;São Paulo;DC-SP01;ZonaB;SRV-API-01;87.56168131538098;34359738368;13601820704;39.59;536870912000;313113954746;58.32;108.41;52403;129180;26;193;chrome.exe;31.64;python.exe;7.61;discord.exe;3.67;chrome.exe;2090523729;discord.exe;1403970629;python.exe;507979190;8;61.93;22.67;1779982389;2026-05-28 10:13:09;Thursday;529156
SteamData;Rio de Janeiro;DC-RJ01;ZonaC;SRV-API-01;49.53573985336634;34359738368;16646919495;48.45;536870912000;230329925337;42.9;99.65;61584;98806;11;349;chrome.exe;20.53;python.exe;22.91;discord.exe;14.51;chrome.exe;2797569412;discord.exe;1722062123;python.exe;416868129;16;54.63;16.21;1778945589;2026-05-28 10:13:09;Thursday;726082
SteamData;Porto Alegre;DC-POA01;ZonaC;SRV-API-01;40.55219932013228;34359738368;12511308541;36.41;536870912000;341309574170;63.57;17.8;187607;168710;5;398;chrome.exe;17.32;python.exe;16.16;discord.exe;8.13;chrome.exe;2471987703;discord.exe;1687506128;python.exe;887129961;16;16.21;22.53;1777908789;2026-05-28 10:13:09;Thursday;776233
SteamData;São Paulo;DC-SP01;ZonaC;SRV-WEB-01;65.12165370556329;34359738368;22022081846;64.09;536870912000;365077474662;68.0;32.47;229552;287343;28;315;chrome.exe;21.16;python.exe;17.12;discord.exe;4.37;chrome.exe;2075288970;discord.exe;657167747;python.exe;478023058;32;24.35;24.98;1779031989;2026-05-28 10:33:09;Thursday;545854
SteamData;Rio de Janeiro;DC-RJ01;ZonaC;SRV-API-01;39.13061396537494;34359738368;18909448571;55.03;536870912000;276552121832;51.51;51.06;181575;387514;21;209;chrome.exe;28.45;python.exe;22.24;discord.exe;12.4;chrome.exe;2377156547;discord.exe;1718523973;python.exe;820661159;8;21.53;21.68;1779204789;2026-05-28 10:33:09;Thursday;882534
SteamData;Porto Alegre;DC-POA01;ZonaC;SRV-DB-01;74.11936145935525;34359738368;28507905785;82.97;536870912000;270591759607;50.4;94.62;203096;175282;10;205;chrome.exe;17.12;python.exe;23.63;discord.exe;3.07;chrome.exe;2489452124;discord.exe;1270747375;python.exe;805071517;16;43.26;8.52;1779463989;2026-05-28 10:33:09;Thursday;763909
SteamData;São Paulo;DC-SP01;ZonaB;SRV-WEB-01;87.34186733256739;34359738368;22537162121;65.59;536870912000;343812193850;64.04;85.16;189019;237575;16;194;chrome.exe;32.85;python.exe;9.52;discord.exe;6.04;chrome.exe;2011943076;discord.exe;1633220687;python.exe;829346059;8;46.02;11.0;1777908789;2026-05-28 10:53:09;Thursday;705636
SteamData;Rio de Janeiro;DC-RJ01;ZonaC;SRV-WEB-01;47.38032614566747;34359738368;26712621654;77.74;536870912000;258997690605;48.24;65.64;78395;170440;6;270;chrome.exe;28.82;python.exe;21.16;discord.exe;2.28;chrome.exe;1497435443;discord.exe;1825515526;python.exe;372859157;32;14.56;12.78;1779809589;2026-05-28 10:53:09;Thursday;593440
SteamData;Porto Alegre;DC-POA01;ZonaA;SRV-DB-01;60.345721080891856;34359738368;19394946825;56.45;536870912000;255376479303;47.57;62.9;110924;84266;20;394;chrome.exe;39.39;python.exe;21.34;discord.exe;9.68;chrome.exe;1872468043;discord.exe;986549285;python.exe;414882385;16;67.81;7.62;1779809589;2026-05-28 10:53:09;Thursday;842371
SteamData;São Paulo;DC-SP01;ZonaC;SRV-API-01;59.678015934993;34359738368;15703903814;45.7;536870912000;350648717685;65.31;94.43;130858;76951;12;328;chrome.exe;23.37;python.exe;10.18;discord.exe;7.26;chrome.exe;1587451188;discord.exe;1180267431;python.exe;865536201;16;54.62;26.37;1777822389;2026-05-28 11:13:09;Thursday;610447
SteamData;Rio de Janeiro;DC-RJ01;ZonaC;SRV-DB-01;38.820343172105865;34359738368;28609852094;83.27;536870912000;426621705608;79.46;27.4;251173;346485;21;178;chrome.exe;19.84;python.exe;16.6;discord.exe;3.02;chrome.exe;3469898096;discord.exe;1435234891;python.exe;770975612;32;66.9;23.07;1779550389;2026-05-28 11:13:09;Thursday;813683
SteamData;Porto Alegre;DC-POA01;ZonaB;SRV-DB-01;62.19701319006188;34359738368;28136979911;81.89;536870912000;335736146609;62.54;17.57;111372;136394;26;207;chrome.exe;14.74;python.exe;20.55;discord.exe;5.59;chrome.exe;3065846841;discord.exe;1076483351;python.exe;318247539;32;44.2;7.52;1777908789;2026-05-28 11:13:09;Thursday;735466
SteamData;São Paulo;DC-SP01;ZonaC;SRV-DB-01;99.0;34359738368;25929644246;75.47;536870912000;388240363485;72.32;47.05;140348;185392;25;358;chrome.exe;22.23;python.exe;23.74;discord.exe;4.46;chrome.exe;3857779728;discord.exe;573268206;python.exe;805734000;16;53.08;18.67;1779377589;2026-05-28 11:33:09;Thursday;542071
SteamData;Rio de Janeiro;DC-RJ01;ZonaC;SRV-DB-01;90.21894369194379;34359738368;13032524886;37.93;536870912000;331279467506;61.71;110.57;254375;251341;6;314;chrome.exe;29.69;python.exe;24.99;discord.exe;14.51;chrome.exe;1354183404;discord.exe;1507252319;python.exe;326155769;32;32.67;7.5;1778081589;2026-05-28 11:33:09;Thursday;852582
SteamData;Porto Alegre;DC-POA01;ZonaB;SRV-API-01;68.47742316831643;34359738368;25589888074;74.48;536870912000;334538314310;62.31;82.91;84577;132184;7;255;chrome.exe;26.61;python.exe;8.63;discord.exe;3.6;chrome.exe;2098085749;discord.exe;1779827720;python.exe;943249363;16;66.55;18.77;1779463989;2026-05-28 11:33:09;Thursday;504775
SteamData;São Paulo;DC-SP01;ZonaA;SRV-WEB-01;86.91887634366094;34359738368;24781793234;72.12;536870912000;225197877723;41.95;41.43;272935;249287;17;265;chrome.exe;14.35;python.exe;9.17;discord.exe;11.45;chrome.exe;3517000992;discord.exe;963722942;python.exe;983158680;8;39.46;15.63;1780241589;2026-05-28 11:53:09;Thursday;892722
SteamData;Rio de Janeiro;DC-RJ01;ZonaC;SRV-DB-01;93.91612661599055;34359738368;13485688953;39.25;536870912000;443248472498;82.56;106.47;253376;272139;26;216;chrome.exe;34.88;python.exe;8.89;discord.exe;6.04;chrome.exe;3808745375;discord.exe;1295421708;python.exe;340412053;32;47.16;19.11;1778772789;2026-05-28 11:53:09;Thursday;592407
SteamData;Porto Alegre;DC-POA01;ZonaC;SRV-WEB-01;80.04338602045947;34359738368;21170963412;61.62;536870912000;355893244548;66.29;58.06;92928;333081;14;275;chrome.exe;38.22;python.exe;17.35;discord.exe;4.78;chrome.exe;3576013107;discord.exe;848017534;python.exe;508027715;8;64.1;22.14;1778427189;2026-05-28 11:53:09;Thursday;762629
SteamData;São Paulo;DC-SP01;ZonaA;SRV-API-01;88.19112769991335;34359738368;22252200083;64.76;536870912000;208614809141;38.86;25.78;204865;200188;1;151;chrome.exe;21.35;python.exe;23.64;discord.exe;14.76;chrome.exe;1888540983;discord.exe;1345223297;python.exe;921318622;32;11.76;24.35;1777735989;2026-05-28 12:13:09;Thursday;876383
SteamData;Rio de Janeiro;DC-RJ01;ZonaA;SRV-WEB-01;64.85441211136727;34359738368;23052684661;67.09;536870912000;382548836286;71.26;96.6;285271;197988;26;287;chrome.exe;32.27;python.exe;5.82;discord.exe;14.22;chrome.exe;3280485494;discord.exe;730542753;python.exe;314433155;16;33.3;19.33;1779377589;2026-05-28 12:13:09;Thursday;760963
SteamData;Porto Alegre;DC-POA01;ZonaC;SRV-API-01;66.22350738703112;34359738368;26282646576;76.49;536870912000;295517052801;55.04;104.33;186657;185635;10;314;chrome.exe;14.62;python.exe;22.37;discord.exe;11.99;chrome.exe;3610553830;discord.exe;1968886308;python.exe;458048844;16;46.43;8.19;1779377589;2026-05-28 12:13:09;Thursday;660102
SteamData;São Paulo;DC-SP01;ZonaC;SRV-API-01;51.971895377158035;34359738368;26713309304;77.75;536870912000;245202556131;45.67;75.89;60519;95276;6;337;chrome.exe;17.6;python.exe;19.16;discord.exe;11.7;chrome.exe;3800756228;discord.exe;1530295206;python.exe;343598723;32;40.15;16.98;1780155189;2026-05-28 12:33:09;Thursday;736161
SteamData;Rio de Janeiro;DC-RJ01;ZonaA;SRV-WEB-01;74.74650610002595;34359738368;20900296193;60.83;536870912000;310633429684;57.86;72.99;239562;135316;29;379;chrome.exe;36.49;python.exe;8.73;discord.exe;3.64;chrome.exe;2791552102;discord.exe;1692011043;python.exe;843657961;32;37.98;25.29;1778254389;2026-05-28 12:33:09;Thursday;751897
SteamData;Porto Alegre;DC-POA01;ZonaB;SRV-WEB-01;55.43621049350142;34359738368;20891875919;60.8;536870912000;339268519210;63.19;91.48;270278;217667;18;400;chrome.exe;33.19;python.exe;18.84;discord.exe;10.2;chrome.exe;3335261125;discord.exe;786368441;python.exe;663612649;16;24.78;29.32;1778081589;2026-05-28 12:33:09;Thursday;513052
SteamData;São Paulo;DC-SP01;ZonaC;SRV-API-01;69.24109176548271;34359738368;22919290606;66.7;536870912000;205733833714;38.32;26.45;56750;51772;6;178;chrome.exe;38.86;python.exe;6.12;discord.exe;9.34;chrome.exe;3937939249;discord.exe;1656975773;python.exe;385443948;32;63.67;6.66;1778513589;2026-05-28 12:53:09;Thursday;709059
SteamData;Rio de Janeiro;DC-RJ01;ZonaC;SRV-API-01;48.06132749766113;34359738368;28617769693;83.29;536870912000;206443864383;38.45;48.66;83203;348420;10;398;chrome.exe;33.49;python.exe;12.66;discord.exe;6.89;chrome.exe;3418212244;discord.exe;742648430;python.exe;928150116;8;44.17;12.87;1777908789;2026-05-28 12:53:09;Thursday;815275
SteamData;Porto Alegre;DC-POA01;ZonaC;SRV-WEB-01;53.07584721792166;34359738368;20825720387;60.61;536870912000;428501073993;79.81;48.34;237161;337525;26;244;chrome.exe;33.51;python.exe;6.46;discord.exe;10.6;chrome.exe;3579618905;discord.exe;1037836317;python.exe;866784770;8;57.31;6.83;1779031989;2026-05-28 12:53:09;Thursday;787293
SteamData;São Paulo;DC-SP01;ZonaB;SRV-API-01;52.84552696832142;34359738368;13821832366;40.23;536870912000;374377998832;69.73;24.62;150410;380530;15;286;chrome.exe;28.31;python.exe;20.36;discord.exe;3.57;chrome.exe;3129926535;discord.exe;1037107855;python.exe;446898897;16;64.52;22.0;1780241589;2026-05-28 13:13:09;Thursday;849742
SteamData;Rio de Janeiro;DC-RJ01;ZonaB;SRV-API-01;37.73251068800333;34359738368;14583940494;42.44;536870912000;398426626197;74.21;81.62;263861;138881;2;246;chrome.exe;30.69;python.exe;15.67;discord.exe;10.5;chrome.exe;2140257016;discord.exe;1007909262;python.exe;951923284;16;32.83;20.14;1777908789;2026-05-28 13:13:09;Thursday;753757
SteamData;Porto Alegre;DC-POA01;ZonaB;SRV-DB-01;99.0;34359738368;13930661227;40.54;536870912000;424369425582;79.04;18.22;104522;118992;29;379;chrome.exe;24.21;python.exe;8.77;discord.exe;14.05;chrome.exe;3381551199;discord.exe;859199748;python.exe;826015162;8;32.38;5.46;1778513589;2026-05-28 13:13:09;Thursday;824680
SteamData;São Paulo;DC-SP01;ZonaB;SRV-WEB-01;64.6262831985945;34359738368;21246822889;61.84;536870912000;294317139719;54.82;46.09;265886;182870;25;219;chrome.exe;37.94;python.exe;8.34;discord.exe;2.39;chrome.exe;2247526465;discord.exe;852565726;python.exe;994131303;8;36.23;7.84;1779550389;2026-05-28 13:33:09;Thursday;837567
SteamData;Rio de Janeiro;DC-RJ01;ZonaC;SRV-API-01;71.19843911182225;34359738368;27193318459;79.14;536870912000;378803255347;70.56;86.42;115903;66511;16;227;chrome.exe;15.37;python.exe;16.71;discord.exe;9.05;chrome.exe;3591166449;discord.exe;1788137748;python.exe;993360351;32;67.19;18.27;1779982389;2026-05-28 13:33:09;Thursday;750369
SteamData;Porto Alegre;DC-POA01;ZonaC;SRV-API-01;68.76323233797991;34359738368;19950248753;58.06;536870912000;344713920002;64.21;41.59;108927;300039;8;384;chrome.exe;11.9;python.exe;13.64;discord.exe;12.64;chrome.exe;3413706970;discord.exe;1730352984;python.exe;435107926;32;48.32;17.99;1779204789;2026-05-28 13:33:09;Thursday;519950
SteamData;São Paulo;DC-SP01;ZonaC;SRV-API-01;89.52582243472548;34359738368;29494276179;85.84;536870912000;246659192076;45.94;90.14;259209;386213;8;200;chrome.exe;20.04;python.exe;23.57;discord.exe;10.11;chrome.exe;3900330516;discord.exe;1062835881;python.exe;843938000;32;39.19;24.38;1779809589;2026-05-28 13:53:09;Thursday;558453
SteamData;Rio de Janeiro;DC-RJ01;ZonaA;SRV-DB-01;97.5564656537089;34359738368;25616495979;74.55;536870912000;423744171084;78.93;60.53;264185;329802;5;180;chrome.exe;23.82;python.exe;14.85;discord.exe;10.99;chrome.exe;3396685205;discord.exe;1309228979;python.exe;474726744;32;54.19;25.96;1780068789;2026-05-28 13:53:09;Thursday;557878
SteamData;Porto Alegre;DC-POA01;ZonaA;SRV-API-01;46.844693539454184;34359738368;28147084490;81.92;536870912000;218946794522;40.78;97.09;220651;57598;22;329;chrome.exe;31.47;python.exe;22.15;discord.exe;3.06;chrome.exe;3310436634;discord.exe;1630836008;python.exe;946670428;32;17.33;6.95;1778686389;2026-05-28 13:53:09;Thursday;858264
SteamData;São Paulo;DC-SP01;ZonaA;SRV-DB-01;80.34272520781248;34359738368;29828121828;86.81;536870912000;346206680349;64.49;43.0;97494;72691;27;366;chrome.exe;15.92;python.exe;23.99;discord.exe;8.44;chrome.exe;2840807154;discord.exe;1857660307;python.exe;704426922;32;61.1;28.5;1779377589;2026-05-28 14:13:09;Thursday;666699
SteamData;Rio de Janeiro;DC-RJ01;ZonaA;SRV-WEB-01;78.57112511026192;34359738368;21346913093;62.13;536870912000;400612467847;74.62;26.56;194442;290263;10;257;chrome.exe;25.63;python.exe;14.24;discord.exe;14.26;chrome.exe;2185717214;discord.exe;1851918553;python.exe;337426331;32;43.01;20.24;1778340789;2026-05-28 14:13:09;Thursday;803669
SteamData;Porto Alegre;DC-POA01;ZonaB;SRV-API-01;90.80560706851786;34359738368;13437350500;39.11;536870912000;358333085660;66.74;71.97;50945;173691;6;177;chrome.exe;33.21;python.exe;9.03;discord.exe;14.46;chrome.exe;3413228147;discord.exe;1345878092;python.exe;411489186;8;66.24;22.38;1778513589;2026-05-28 14:13:09;Thursday;790653
SteamData;São Paulo;DC-SP01;ZonaC;SRV-WEB-01;67.29384287939263;34359738368;23911598944;69.59;536870912000;229022694870;42.66;102.1;299521;329954;18;261;chrome.exe;21.31;python.exe;16.69;discord.exe;13.76;chrome.exe;2127340991;discord.exe;1175256838;python.exe;577108057;8;66.06;12.78;1778686389;2026-05-28 14:33:09;Thursday;673175
SteamData;Rio de Janeiro;DC-RJ01;ZonaB;SRV-DB-01;45.77038767608717;34359738368;22507069137;65.5;536870912000;306151848136;57.03;94.07;233336;210348;4;283;chrome.exe;14.78;python.exe;23.64;discord.exe;6.51;chrome.exe;3395136526;discord.exe;538749222;python.exe;864417280;8;17.17;10.73;1779723189;2026-05-28 14:33:09;Thursday;730643
SteamData;Porto Alegre;DC-POA01;ZonaC;SRV-DB-01;99.0;34359738368;18084958120;52.63;536870912000;274934276825;51.21;37.47;56847;172303;9;153;chrome.exe;26.3;python.exe;20.06;discord.exe;8.87;chrome.exe;3463638426;discord.exe;1689770815;python.exe;423166421;8;58.13;19.4;1779982389;2026-05-28 14:33:09;Thursday;576368
SteamData;São Paulo;DC-SP01;ZonaB;SRV-API-01;45.02706380725175;34359738368;18495899211;53.83;536870912000;401124841979;74.72;90.09;58921;315440;30;355;chrome.exe;36.2;python.exe;19.52;discord.exe;8.48;chrome.exe;3750685331;discord.exe;996693245;python.exe;390782378;16;46.0;9.1;1778254389;2026-05-28 14:53:09;Thursday;512183
SteamData;Rio de Janeiro;DC-RJ01;ZonaA;SRV-DB-01;75.54569611931026;34359738368;22712246284;66.1;536870912000;246676734938;45.95;78.27;256739;123565;11;269;chrome.exe;38.34;python.exe;13.6;discord.exe;6.55;chrome.exe;1012028509;discord.exe;799650125;python.exe;344238351;8;36.81;18.55;1777995189;2026-05-28 14:53:09;Thursday;696737
SteamData;Porto Alegre;DC-POA01;ZonaC;SRV-API-01;66.38081226999356;34359738368;12367511027;35.99;536870912000;220196235514;41.01;32.39;269673;193047;9;327;chrome.exe;29.02;python.exe;6.34;discord.exe;9.26;chrome.exe;1729506060;discord.exe;1000626772;python.exe;887549875;32;44.47;16.01;1778513589;2026-05-28 14:53:09;Thursday;832923
SteamData;São Paulo;DC-SP01;ZonaA;SRV-DB-01;38.73822031185347;34359738368;21809921264;63.48;536870912000;411038216159;76.56;57.57;60189;339172;25;347;chrome.exe;31.43;python.exe;15.33;discord.exe;5.48;chrome.exe;3506435009;discord.exe;1018767007;python.exe;390130192;16;58.2;28.9;1777822389;2026-05-28 15:13:09;Thursday;821768
SteamData;Rio de Janeiro;DC-RJ01;ZonaC;SRV-API-01;33.25770694618034;34359738368;24459593388;71.19;536870912000;207476429590;38.65;99.16;265160;328322;5;254;chrome.exe;14.9;python.exe;21.55;discord.exe;4.8;chrome.exe;2667246855;discord.exe;1111931970;python.exe;440881250;32;33.87;19.2;1778859189;2026-05-28 15:13:09;Thursday;815853
SteamData;Porto Alegre;DC-POA01;ZonaC;SRV-API-01;82.45712966732769;34359738368;27823369943;80.98;536870912000;329763147659;61.42;108.23;195504;210414;13;343;chrome.exe;26.26;python.exe;24.61;discord.exe;9.18;chrome.exe;2332875516;discord.exe;537348651;python.exe;656854570;16;30.67;20.21;1778772789;2026-05-28 15:13:09;Thursday;581050
SteamData;São Paulo;DC-SP01;ZonaC;SRV-WEB-01;74.39;34359738368;16302069135;47.45;536870912000;446533512041;83.17;38.63;141057;257947;20;347;chrome.exe;37.2;python.exe;17.52;discord.exe;5.96;chrome.exe;3271703890;discord.exe;1681957972;python.exe;937034500;16;24.58;9.86;1779291189;2026-05-28 15:33:09;Thursday;541627
SteamData;Rio de Janeiro;DC-RJ01;ZonaC;SRV-DB-01;89.06;34359738368;23660363213;68.86;536870912000;348002182142;64.82;66.18;185017;145735;8;175;chrome.exe;36.05;python.exe;13.62;discord.exe;14.94;chrome.exe;2101532182;discord.exe;1951970258;python.exe;401376102;32;47.55;19.9;1780155189;2026-05-28 15:33:09;Thursday;788875
SteamData;Porto Alegre;DC-POA01;ZonaC;SRV-API-01;73.13;34359738368;24699588017;71.89;536870912000;430890411564;80.26;109.54;279937;371804;3;195;chrome.exe;16.06;python.exe;5.94;discord.exe;9.47;chrome.exe;1165575182;discord.exe;1651491128;python.exe;921874332;16;30.8;11.71;1779291189;2026-05-28 15:33:09;Thursday;639352
SteamData;São Paulo;DC-SP01;ZonaB;SRV-DB-01;58.48;34359738368;13023693942;37.9;536870912000;276141778487;51.44;22.53;179337;297899;6;192;chrome.exe;30.18;python.exe;18.4;discord.exe;8.49;chrome.exe;3340350282;discord.exe;514339209;python.exe;452027358;16;61.64;9.42;1777995189;2026-05-28 15:53:09;Thursday;868751
SteamData;Rio de Janeiro;DC-RJ01;ZonaA;SRV-API-01;47.21;34359738368;12512426823;36.42;536870912000;349923401721;65.18;81.62;224063;211886;6;226;chrome.exe;36.62;python.exe;23.29;discord.exe;4.79;chrome.exe;3108480621;discord.exe;630002240;python.exe;393709611;32;22.01;28.78;1778859189;2026-05-28 15:53:09;Thursday;546352
SteamData;Porto Alegre;DC-POA01;ZonaC;SRV-DB-01;56.36;34359738368;23391348382;68.08;536870912000;352625880628;65.68;44.37;51995;63172;7;362;chrome.exe;13.01;python.exe;8.08;discord.exe;8.52;chrome.exe;1141585550;discord.exe;1478006616;python.exe;559754967;16;57.74;8.37;1778513589;2026-05-28 15:53:09;Thursday;868330
SteamData;São Paulo;DC-SP01;ZonaA;SRV-API-01;60.68;34359738368;18860504441;54.89;536870912000;426101072269;79.37;42.82;225380;385312;29;359;chrome.exe;36.48;python.exe;21.42;discord.exe;7.29;chrome.exe;2412064674;discord.exe;742048923;python.exe;714685787;16;32.06;28.66;1780068789;2026-05-28 16:13:09;Thursday;805788
SteamData;Rio de Janeiro;DC-RJ01;ZonaA;SRV-API-01;27.45;34359738368;13799506372;40.16;536870912000;369879460997;68.9;106.31;177416;109607;19;350;chrome.exe;19.68;python.exe;23.56;discord.exe;6.53;chrome.exe;2380514880;discord.exe;1802508589;python.exe;740770607;16;42.21;9.0;1779118389;2026-05-28 16:13:09;Thursday;883020
SteamData;Porto Alegre;DC-POA01;ZonaC;SRV-DB-01;45.58;34359738368;23152306826;67.38;536870912000;332679708060;61.97;79.35;253603;248065;5;256;chrome.exe;15.58;python.exe;9.22;discord.exe;12.21;chrome.exe;1855579497;discord.exe;619012113;python.exe;712011912;8;46.17;14.56;1778513589;2026-05-28 16:13:09;Thursday;856116
SteamData;São Paulo;DC-SP01;ZonaB;SRV-WEB-01;73.3;34359738368;23241452519;67.64;536870912000;228713652869;42.6;99.14;291742;198152;13;163;chrome.exe;37.78;python.exe;5.54;discord.exe;13.92;chrome.exe;2538325580;discord.exe;1038459529;python.exe;411834528;16;51.74;29.31;1779204789;2026-05-28 16:33:09;Thursday;707613
SteamData;Rio de Janeiro;DC-RJ01;ZonaA;SRV-API-01;41.86;34359738368;13781048606;40.11;536870912000;386769561743;72.04;118.57;183023;163621;18;314;chrome.exe;16.04;python.exe;22.28;discord.exe;6.72;chrome.exe;1260322548;discord.exe;1505468317;python.exe;747108777;32;19.91;28.19;1778254389;2026-05-28 16:33:09;Thursday;546828
SteamData;Porto Alegre;DC-POA01;ZonaA;SRV-API-01;39.7;34359738368;15285963422;44.49;536870912000;357183175778;66.53;21.0;125293;322207;5;294;chrome.exe;22.28;python.exe;20.5;discord.exe;4.61;chrome.exe;1859922148;discord.exe;1477120357;python.exe;585791872;8;17.83;27.15;1779204789;2026-05-28 16:33:09;Thursday;655079
SteamData;São Paulo;DC-SP01;ZonaA;SRV-WEB-01;70.58;34359738368;14883068429;43.32;536870912000;286465798019;53.36;40.03;150704;172329;13;168;chrome.exe;21.96;python.exe;21.97;discord.exe;7.39;chrome.exe;2544293968;discord.exe;1459369436;python.exe;360889867;8;66.41;20.55;1777995189;2026-05-28 16:53:09;Thursday;779990
SteamData;Rio de Janeiro;DC-RJ01;ZonaA;SRV-WEB-01;71.34;34359738368;14453659646;42.07;536870912000;394942468562;73.56;83.73;192303;335398;26;370;chrome.exe;14.36;python.exe;22.65;discord.exe;10.76;chrome.exe;1529159801;discord.exe;1473119982;python.exe;789645394;8;45.89;26.59;1778599989;2026-05-28 16:53:09;Thursday;572860
SteamData;Porto Alegre;DC-POA01;ZonaC;SRV-WEB-01;34.73;34359738368;29271529489;85.19;536870912000;394380798757;73.46;109.82;91907;180227;21;236;chrome.exe;12.43;python.exe;11.36;discord.exe;10.16;chrome.exe;2285529953;discord.exe;1574091396;python.exe;367145369;16;24.83;15.68;1777995189;2026-05-28 16:53:09;Thursday;899226
SteamData;São Paulo;DC-SP01;ZonaC;SRV-DB-01;44.67;34359738368;22700751158;66.07;536870912000;406196382236;75.66;57.78;216165;240822;9;285;chrome.exe;29.24;python.exe;5.88;discord.exe;8.41;chrome.exe;2638973891;discord.exe;1638145515;python.exe;399795051;8;52.57;9.58;1779636789;2026-05-28 17:13:09;Thursday;771398
SteamData;Rio de Janeiro;DC-RJ01;ZonaA;SRV-WEB-01;59.55;34359738368;18946552264;55.14;536870912000;376161304198;70.07;72.33;80742;92282;17;328;chrome.exe;36.26;python.exe;12.56;discord.exe;12.12;chrome.exe;3697811161;discord.exe;652179257;python.exe;903218569;8;64.02;16.09;1779291189;2026-05-28 17:13:09;Thursday;638282
SteamData;Porto Alegre;DC-POA01;ZonaA;SRV-WEB-01;51.8;34359738368;19950462091;58.06;536870912000;446331810049;83.14;19.35;295669;393205;10;197;chrome.exe;16.01;python.exe;12.03;discord.exe;4.15;chrome.exe;3192530259;discord.exe;517447203;python.exe;386995966;32;10.52;14.04;1779809589;2026-05-28 17:13:09;Thursday;647333
SteamData;São Paulo;DC-SP01;ZonaB;SRV-WEB-01;45.21;34359738368;25044435097;72.89;536870912000;301561776882;56.17;80.38;177239;185675;0;380;chrome.exe;11.84;python.exe;12.67;discord.exe;14.48;chrome.exe;1964342079;discord.exe;978082068;python.exe;804124818;16;21.49;17.08;1777735989;2026-05-28 17:33:09;Thursday;710382
SteamData;Rio de Janeiro;DC-RJ01;ZonaA;SRV-API-01;60.43;34359738368;22386160357;65.15;536870912000;217343335634;40.48;67.44;180495;379487;22;189;chrome.exe;15.72;python.exe;21.51;discord.exe;7.06;chrome.exe;1460447198;discord.exe;539780262;python.exe;575145115;32;24.42;14.37;1778686389;2026-05-28 17:33:09;Thursday;765231
SteamData;Porto Alegre;DC-POA01;ZonaA;SRV-WEB-01;45.32;34359738368;21739110477;63.27;536870912000;234350917840;43.65;76.58;166353;285707;4;178;chrome.exe;12.58;python.exe;11.86;discord.exe;11.22;chrome.exe;3041516633;discord.exe;800483370;python.exe;374925221;8;47.16;9.41;1779636789;2026-05-28 17:33:09;Thursday;896931
SteamData;São Paulo;DC-SP01;ZonaB;SRV-DB-01;25.78;34359738368;27977216797;81.42;536870912000;337730229035;62.91;98.9;57320;247986;2;387;chrome.exe;36.48;python.exe;11.83;discord.exe;14.25;chrome.exe;3654563803;discord.exe;1688550338;python.exe;534980113;16;23.33;20.09;1780155189;2026-05-28 17:53:09;Thursday;691770
SteamData;Rio de Janeiro;DC-RJ01;ZonaC;SRV-DB-01;53.91;34359738368;25980732248;75.61;536870912000;328619554207;61.21;108.06;208352;240464;20;180;chrome.exe;12.55;python.exe;13.14;discord.exe;11.99;chrome.exe;3505621541;discord.exe;934276142;python.exe;798379621;8;55.37;24.97;1778254389;2026-05-28 17:53:09;Thursday;767183
SteamData;Porto Alegre;DC-POA01;ZonaA;SRV-DB-01;29.2;34359738368;27061432308;78.76;536870912000;254680766238;47.44;62.11;292076;161277;1;178;chrome.exe;34.83;python.exe;10.01;discord.exe;5.15;chrome.exe;2959174679;discord.exe;1436062047;python.exe;574635447;8;42.28;21.89;1778513589;2026-05-28 17:53:09;Thursday;703525
SteamData;São Paulo;DC-SP01;ZonaA;SRV-API-01;49.71;34359738368;28448413558;82.8;536870912000;341984007848;63.7;51.85;218607;288800;0;340;chrome.exe;28.39;python.exe;14.54;discord.exe;4.37;chrome.exe;3365308062;discord.exe;1581144257;python.exe;584805988;8;57.18;12.45;1778686389;2026-05-28 18:13:09;Thursday;746604
SteamData;Rio de Janeiro;DC-RJ01;ZonaC;SRV-WEB-01;56.78;34359738368;12543709726;36.51;536870912000;364408089214;67.88;43.84;101006;388909;11;233;chrome.exe;20.42;python.exe;15.59;discord.exe;14.69;chrome.exe;3464427434;discord.exe;973569476;python.exe;359854930;16;15.87;29.23;1778945589;2026-05-28 18:13:09;Thursday;730416
SteamData;Porto Alegre;DC-POA01;ZonaB;SRV-WEB-01;64.41;34359738368;13398540328;38.99;536870912000;441889569203;82.31;82.67;53163;152574;4;227;chrome.exe;27.82;python.exe;24.6;discord.exe;9.91;chrome.exe;2747647186;discord.exe;1486834855;python.exe;486871255;16;50.28;18.55;1779031989;2026-05-28 18:13:09;Thursday;614436
SteamData;São Paulo;DC-SP01;ZonaC;SRV-WEB-01;33.17;34359738368;17568999968;51.13;536870912000;289267733488;53.88;102.78;92390;258287;2;265;chrome.exe;12.89;python.exe;16.06;discord.exe;14.63;chrome.exe;2294082480;discord.exe;1930224847;python.exe;852065472;32;17.26;20.85;1778859189;2026-05-28 18:33:09;Thursday;707614
SteamData;Rio de Janeiro;DC-RJ01;ZonaC;SRV-API-01;83.19;34359738368;23785455068;69.22;536870912000;222545581792;41.45;102.91;221541;206980;9;318;chrome.exe;25.87;python.exe;15.61;discord.exe;13.57;chrome.exe;2742351993;discord.exe;973760638;python.exe;324809506;32;35.19;17.01;1779982389;2026-05-28 18:33:09;Thursday;750452
SteamData;Porto Alegre;DC-POA01;ZonaC;SRV-API-01;59.46;34359738368;17317474595;50.4;536870912000;414454457433;77.2;95.42;288441;261709;18;240;chrome.exe;24.53;python.exe;16.03;discord.exe;8.03;chrome.exe;2042035808;discord.exe;1638015398;python.exe;858039578;32;50.37;12.97;1777822389;2026-05-28 18:33:09;Thursday;856904
SteamData;São Paulo;DC-SP01;ZonaC;SRV-API-01;25.31;34359738368;20206028304;58.81;536870912000;352844842210;65.72;93.16;134751;354372;4;302;chrome.exe;31.16;python.exe;19.51;discord.exe;7.87;chrome.exe;1190975717;discord.exe;950644529;python.exe;874154393;16;60.17;28.18;1779377589;2026-05-28 18:53:09;Thursday;595885
SteamData;Rio de Janeiro;DC-RJ01;ZonaB;SRV-WEB-01;84.22;34359738368;26372352250;76.75;536870912000;425874598523;79.33;32.72;81348;297408;22;225;chrome.exe;10.98;python.exe;8.51;discord.exe;14.23;chrome.exe;2049599418;discord.exe;1766573939;python.exe;705511826;16;18.57;7.97;1779463989;2026-05-28 18:53:09;Thursday;899610
SteamData;Porto Alegre;DC-POA01;ZonaC;SRV-WEB-01;44.37;34359738368;26278507606;76.48;536870912000;409331449309;76.24;37.83;152738;329425;13;314;chrome.exe;11.67;python.exe;24.92;discord.exe;3.95;chrome.exe;1388291651;discord.exe;593480765;python.exe;412344609;16;26.71;10.94;1778513589;2026-05-28 18:53:09;Thursday;653447
SteamData;São Paulo;DC-SP01;ZonaC;SRV-DB-01;46.39;34359738368;12880530478;37.49;536870912000;397859746217;74.11;112.89;229492;75965;0;284;chrome.exe;24.35;python.exe;24.08;discord.exe;9.49;chrome.exe;1637691198;discord.exe;1854860634;python.exe;362328258;16;14.19;5.87;1777995189;2026-05-28 19:13:09;Thursday;881962
SteamData;Rio de Janeiro;DC-RJ01;ZonaA;SRV-WEB-01;57.19;34359738368;23801521978;69.27;536870912000;242022315490;45.08;70.74;111108;328372;3;161;chrome.exe;16.09;python.exe;8.96;discord.exe;6.7;chrome.exe;2118434042;discord.exe;1397812945;python.exe;654602172;32;17.41;6.79;1778945589;2026-05-28 19:13:09;Thursday;845408
SteamData;Porto Alegre;DC-POA01;ZonaA;SRV-API-01;79.19;34359738368;14431877761;42.0;536870912000;310231824413;57.79;70.69;153150;182216;9;350;chrome.exe;18.38;python.exe;6.07;discord.exe;2.35;chrome.exe;2913607599;discord.exe;705004314;python.exe;400485460;16;46.39;27.5;1779809589;2026-05-28 19:13:09;Thursday;611108
SteamData;São Paulo;DC-SP01;ZonaC;SRV-WEB-01;65.96;34359738368;28078031450;81.72;536870912000;280328145331;52.22;24.93;88278;349003;24;326;chrome.exe;36.2;python.exe;8.56;discord.exe;13.47;chrome.exe;1822703674;discord.exe;891718678;python.exe;529174543;32;19.87;15.3;1779031989;2026-05-28 19:33:09;Thursday;651951
SteamData;Rio de Janeiro;DC-RJ01;ZonaB;SRV-API-01;66.95;34359738368;18137840679;52.79;536870912000;361425597860;67.32;69.39;64138;78761;3;263;chrome.exe;35.39;python.exe;10.26;discord.exe;13.36;chrome.exe;3072076004;discord.exe;1234604256;python.exe;598857663;16;27.06;7.73;1779463989;2026-05-28 19:33:09;Thursday;804472
SteamData;Porto Alegre;DC-POA01;ZonaB;SRV-API-01;37.45;34359738368;15852496182;46.14;536870912000;243935588338;45.44;71.23;197482;98993;21;349;chrome.exe;36.31;python.exe;16.71;discord.exe;8.75;chrome.exe;3587596614;discord.exe;1605041958;python.exe;860174353;32;64.5;27.13;1780068789;2026-05-28 19:33:09;Thursday;767749
SteamData;São Paulo;DC-SP01;ZonaA;SRV-API-01;29.91;34359738368;20884657267;60.78;536870912000;362947594803;67.6;105.01;282408;157467;18;230;chrome.exe;15.32;python.exe;19.36;discord.exe;12.98;chrome.exe;2827254489;discord.exe;1560591475;python.exe;734597219;32;47.09;22.39;1779723189;2026-05-28 19:53:09;Thursday;872467
SteamData;Rio de Janeiro;DC-RJ01;ZonaC;SRV-API-01;25.39;34359738368;16535672294;48.13;536870912000;301606896076;56.18;13.97;252476;206966;7;332;chrome.exe;13.15;python.exe;5.94;discord.exe;10.25;chrome.exe;1568933303;discord.exe;540542804;python.exe;723297825;32;14.5;25.8;1778254389;2026-05-28 19:53:09;Thursday;725537
SteamData;Porto Alegre;DC-POA01;ZonaB;SRV-WEB-01;42.05;34359738368;29774095939;86.65;536870912000;241566921061;45.0;118.01;54213;122469;27;333;chrome.exe;26.66;python.exe;15.51;discord.exe;2.39;chrome.exe;3399882935;discord.exe;1635083510;python.exe;831034268;32;25.09;25.5;1778686389;2026-05-28 19:53:09;Thursday;714259
SteamData;São Paulo;DC-SP01;ZonaA;SRV-DB-01;58.42;34359738368;25472781012;74.14;536870912000;234370064265;43.65;119.17;159444;126731;30;337;chrome.exe;15.56;python.exe;13.72;discord.exe;8.4;chrome.exe;3132274542;discord.exe;633510517;python.exe;709370822;8;44.41;24.3;1779291189;2026-05-28 20:13:09;Thursday;885809
SteamData;Rio de Janeiro;DC-RJ01;ZonaA;SRV-API-01;47.45;34359738368;21328450212;62.07;536870912000;253289488930;47.18;31.21;61455;90759;30;347;chrome.exe;31.84;python.exe;16.43;discord.exe;7.29;chrome.exe;3508778717;discord.exe;926549143;python.exe;366689939;16;64.94;17.55;1780155189;2026-05-28 20:13:09;Thursday;702355
SteamData;Porto Alegre;DC-POA01;ZonaC;SRV-DB-01;57.42;34359738368;16169630928;47.06;536870912000;428648694714;79.84;86.78;142710;266262;0;183;chrome.exe;20.71;python.exe;19.91;discord.exe;4.91;chrome.exe;2674862834;discord.exe;837328297;python.exe;577465700;32;13.74;13.83;1778513589;2026-05-28 20:13:09;Thursday;889381
SteamData;São Paulo;DC-SP01;ZonaA;SRV-API-01;81.09;34359738368;23034374712;67.04;536870912000;293403590077;54.65;33.4;159393;394408;10;168;chrome.exe;19.12;python.exe;22.96;discord.exe;5.16;chrome.exe;2121699042;discord.exe;1990858592;python.exe;391433446;16;14.82;26.45;1780068789;2026-05-28 20:33:09;Thursday;798062
SteamData;Rio de Janeiro;DC-RJ01;ZonaA;SRV-DB-01;63.14;34359738368;21394603091;62.27;536870912000;312526500817;58.21;83.62;173098;89223;7;292;chrome.exe;32.2;python.exe;17.54;discord.exe;14.75;chrome.exe;1201369518;discord.exe;1371710759;python.exe;764209552;8;55.51;26.65;1780155189;2026-05-28 20:33:09;Thursday;801845
SteamData;Porto Alegre;DC-POA01;ZonaA;SRV-DB-01;61.3;34359738368;15952487976;46.43;536870912000;328743042577;61.23;86.19;235037;312622;30;291;chrome.exe;27.9;python.exe;14.48;discord.exe;2.27;chrome.exe;2978140661;discord.exe;806032414;python.exe;737407883;8;54.7;11.23;1779463989;2026-05-28 20:33:09;Thursday;785949
SteamData;São Paulo;DC-SP01;ZonaB;SRV-WEB-01;68.17;34359738368;14583562921;42.44;536870912000;386945036320;72.07;40.17;73527;333899;27;327;chrome.exe;14.41;python.exe;17.88;discord.exe;2.66;chrome.exe;3083189698;discord.exe;603766329;python.exe;416999800;8;56.75;18.91;1777735989;2026-05-28 20:53:09;Thursday;771005
SteamData;Rio de Janeiro;DC-RJ01;ZonaC;SRV-WEB-01;32.41;34359738368;29729325966;86.52;536870912000;317512082990;59.14;17.16;111919;168750;19;260;chrome.exe;33.19;python.exe;18.49;discord.exe;14.67;chrome.exe;3268986098;discord.exe;1362955918;python.exe;889416101;32;40.86;29.77;1779982389;2026-05-28 20:53:09;Thursday;602838
SteamData;Porto Alegre;DC-POA01;ZonaA;SRV-WEB-01;68.01;34359738368;28037208625;81.6;536870912000;405034340378;75.44;29.78;195075;351912;17;388;chrome.exe;12.41;python.exe;8.93;discord.exe;10.74;chrome.exe;1061021064;discord.exe;1791963626;python.exe;545386023;32;68.09;28.95;1779809589;2026-05-28 20:53:09;Thursday;519334
SteamData;São Paulo;DC-SP01;ZonaC;SRV-WEB-01;38.01;34359738368;22552093292;65.64;536870912000;274128177941;51.06;75.54;168495;397816;8;381;chrome.exe;38.06;python.exe;9.83;discord.exe;5.7;chrome.exe;3096128008;discord.exe;1728084876;python.exe;716925316;8;62.12;21.4;1778167989;2026-05-28 21:13:09;Thursday;623480
SteamData;Rio de Janeiro;DC-RJ01;ZonaC;SRV-WEB-01;49.63;34359738368;17326619880;50.43;536870912000;376212693633;70.08;68.72;164196;128756;10;316;chrome.exe;21.39;python.exe;20.15;discord.exe;4.67;chrome.exe;1544983610;discord.exe;1897728616;python.exe;325072660;8;58.16;6.13;1779895989;2026-05-28 21:13:09;Thursday;554735
SteamData;Porto Alegre;DC-POA01;ZonaB;SRV-WEB-01;70.97;34359738368;25518832558;74.27;536870912000;333053756449;62.04;27.66;266776;120445;18;201;chrome.exe;24.06;python.exe;20.88;discord.exe;2.56;chrome.exe;3316440368;discord.exe;1737173680;python.exe;307591639;8;35.67;9.46;1778167989;2026-05-28 21:13:09;Thursday;735856
SteamData;São Paulo;DC-SP01;ZonaB;SRV-API-01;51.07;34359738368;13002636677;37.84;536870912000;227179455026;42.32;90.3;75035;70964;25;365;chrome.exe;19.5;python.exe;18.8;discord.exe;12.02;chrome.exe;2173879073;discord.exe;518492547;python.exe;811349167;32;13.98;26.44;1779463989;2026-05-28 21:33:09;Thursday;833096
SteamData;Rio de Janeiro;DC-RJ01;ZonaC;SRV-WEB-01;45.36;34359738368;26078735315;75.9;536870912000;234150579849;43.61;82.61;244487;380457;6;305;chrome.exe;17.96;python.exe;18.88;discord.exe;14.93;chrome.exe;2757650492;discord.exe;1304179805;python.exe;539378262;8;16.04;29.41;1777995189;2026-05-28 21:33:09;Thursday;791424
SteamData;Porto Alegre;DC-POA01;ZonaB;SRV-API-01;49.48;34359738368;26260788491;76.43;536870912000;305482146688;56.9;86.4;109625;274932;22;199;chrome.exe;35.78;python.exe;24.28;discord.exe;14.97;chrome.exe;1083724188;discord.exe;1705394711;python.exe;424374837;32;28.72;20.66;1779118389;2026-05-28 21:33:09;Thursday;681661
SteamData;São Paulo;DC-SP01;ZonaC;SRV-API-01;33.46;34359738368;22731849645;66.16;536870912000;392361535523;73.08;44.78;215041;143011;14;385;chrome.exe;21.22;python.exe;19.53;discord.exe;12.14;chrome.exe;1191670707;discord.exe;1982554141;python.exe;801626520;16;19.68;6.93;1777735989;2026-05-28 21:53:09;Thursday;684219
SteamData;Rio de Janeiro;DC-RJ01;ZonaB;SRV-API-01;90.52;34359738368;13502652928;39.3;536870912000;279371920466;52.04;85.5;127745;170193;30;315;chrome.exe;36.18;python.exe;6.02;discord.exe;10.03;chrome.exe;3994190938;discord.exe;1430176734;python.exe;840432906;32;15.04;7.98;1778686389;2026-05-28 21:53:09;Thursday;502747
SteamData;Porto Alegre;DC-POA01;ZonaB;SRV-WEB-01;79.64;34359738368;27068999524;78.78;536870912000;287088310023;53.47;110.82;257691;311819;6;369;chrome.exe;13.86;python.exe;5.1;discord.exe;8.17;chrome.exe;1530794056;discord.exe;1885630264;python.exe;333307159;32;51.88;8.71;1779982389;2026-05-28 21:53:09;Thursday;796055
SteamData;São Paulo;DC-SP01;ZonaC;SRV-API-01;90.36;34359738368;12824226861;37.32;536870912000;396924108144;73.93;11.62;171787;112967;25;260;chrome.exe;26.0;python.exe;19.13;discord.exe;3.46;chrome.exe;1083773187;discord.exe;642044873;python.exe;993322529;8;36.63;19.4;1778427189;2026-05-28 22:13:09;Thursday;621453
SteamData;Rio de Janeiro;DC-RJ01;ZonaB;SRV-WEB-01;44.5;34359738368;21372622729;62.2;536870912000;360535109304;67.15;59.57;180062;144415;3;150;chrome.exe;24.04;python.exe;21.93;discord.exe;12.84;chrome.exe;2972888500;discord.exe;948635202;python.exe;847580288;32;30.91;7.51;1779204789;2026-05-28 22:13:09;Thursday;872084
SteamData;Porto Alegre;DC-POA01;ZonaC;SRV-WEB-01;67.59;34359738368;14726755811;42.86;536870912000;208712180420;38.88;60.28;299900;362178;13;369;chrome.exe;22.94;python.exe;20.7;discord.exe;2.16;chrome.exe;3164140549;discord.exe;834743244;python.exe;403232306;8;60.39;13.91;1777822389;2026-05-28 22:13:09;Thursday;787749
SteamData;São Paulo;DC-SP01;ZonaB;SRV-API-01;93.72;34359738368;13631896298;39.67;536870912000;422847468423;78.76;74.03;293608;222295;27;341;chrome.exe;12.28;python.exe;13.62;discord.exe;6.49;chrome.exe;1891124981;discord.exe;1601157662;python.exe;829415032;32;39.92;19.11;1779636789;2026-05-28 22:33:09;Thursday;839120
SteamData;Rio de Janeiro;DC-RJ01;ZonaB;SRV-WEB-01;79.05;34359738368;21721083043;63.22;536870912000;395556782321;73.68;32.11;192602;79041;7;396;chrome.exe;11.56;python.exe;10.29;discord.exe;9.21;chrome.exe;1326543929;discord.exe;1401618967;python.exe;496083372;32;13.71;16.11;1779550389;2026-05-28 22:33:09;Thursday;794886
SteamData;Porto Alegre;DC-POA01;ZonaC;SRV-DB-01;59.74;34359738368;22472131986;65.4;536870912000;411948943190;76.73;106.73;194657;131858;5;373;chrome.exe;22.9;python.exe;17.02;discord.exe;7.24;chrome.exe;2283283316;discord.exe;1902736590;python.exe;987263111;8;59.02;11.01;1777995189;2026-05-28 22:33:09;Thursday;876669
SteamData;São Paulo;DC-SP01;ZonaA;SRV-DB-01;82.92;34359738368;23712983276;69.01;536870912000;339658481061;63.27;12.93;277722;185786;15;188;chrome.exe;13.23;python.exe;10.66;discord.exe;3.18;chrome.exe;2366458379;discord.exe;1423198238;python.exe;961190124;8;36.82;28.77;1779809589;2026-05-28 22:53:09;Thursday;817700
SteamData;Rio de Janeiro;DC-RJ01;ZonaC;SRV-API-01;53.5;34359738368;24786520548;72.14;536870912000;351906658018;65.55;18.73;169226;169917;18;250;chrome.exe;39.13;python.exe;15.14;discord.exe;12.22;chrome.exe;2473702145;discord.exe;1335499078;python.exe;383173322;16;51.06;14.12;1778772789;2026-05-28 22:53:09;Thursday;500131
SteamData;Porto Alegre;DC-POA01;ZonaC;SRV-DB-01;35.99;34359738368;13837674094;40.27;536870912000;358488148322;66.77;19.31;224985;103974;27;221;chrome.exe;29.09;python.exe;11.3;discord.exe;4.74;chrome.exe;1131901438;discord.exe;823162681;python.exe;746117457;32;13.58;7.17;1778859189;2026-05-28 22:53:09;Thursday;805824
SteamData;São Paulo;DC-SP01;ZonaA;SRV-DB-01;25.53;34359738368;18954234600;55.16;536870912000;308969837593;57.55;33.26;210901;309191;6;169;chrome.exe;23.55;python.exe;21.25;discord.exe;6.44;chrome.exe;2115350430;discord.exe;1828421792;python.exe;476212394;32;37.73;27.77;1778772789;2026-05-28 23:13:09;Thursday;591356
SteamData;Rio de Janeiro;DC-RJ01;ZonaC;SRV-DB-01;76.74;34359738368;12924696605;37.62;536870912000;228225292643;42.51;72.07;218248;198469;4;266;chrome.exe;19.28;python.exe;20.88;discord.exe;12.78;chrome.exe;2174060453;discord.exe;1033830768;python.exe;404985846;16;47.34;6.05;1779031989;2026-05-28 23:13:09;Thursday;589314
SteamData;Porto Alegre;DC-POA01;ZonaB;SRV-API-01;74.73;34359738368;15122223890;44.01;536870912000;398603870672;74.25;74.06;104673;123554;27;241;chrome.exe;15.94;python.exe;13.73;discord.exe;3.66;chrome.exe;2535743537;discord.exe;1138275148;python.exe;541919036;8;24.33;24.27;1777908789;2026-05-28 23:13:09;Thursday;555591
SteamData;São Paulo;DC-SP01;ZonaA;SRV-DB-01;55.65;34359738368;26238657425;76.36;536870912000;346871527846;64.61;67.47;177185;103160;23;265;chrome.exe;17.8;python.exe;19.3;discord.exe;11.09;chrome.exe;3590857875;discord.exe;638781426;python.exe;971337593;8;17.75;17.34;1779377589;2026-05-28 23:33:09;Thursday;834194
SteamData;Rio de Janeiro;DC-RJ01;ZonaA;SRV-WEB-01;36.9;34359738368;14775651148;43.0;536870912000;398223103087;74.17;63.14;77960;240748;16;159;chrome.exe;25.82;python.exe;16.73;discord.exe;3.15;chrome.exe;2774298425;discord.exe;1847167041;python.exe;770330851;8;61.9;6.52;1777822389;2026-05-28 23:33:09;Thursday;883683
SteamData;Porto Alegre;DC-POA01;ZonaC;SRV-WEB-01;56.69;34359738368;17013319882;49.52;536870912000;244249038199;45.49;72.95;72921;213371;12;252;chrome.exe;23.97;python.exe;5.32;discord.exe;12.9;chrome.exe;3213786836;discord.exe;651561745;python.exe;350954932;16;13.41;10.72;1779463989;2026-05-28 23:33:09;Thursday;850462
SteamData;São Paulo;DC-SP01;ZonaC;SRV-WEB-01;53.48;34359738368;17780711500;51.75;536870912000;352440700443;65.65;32.41;61368;323124;20;290;chrome.exe;38.82;python.exe;15.99;discord.exe;5.13;chrome.exe;3784346861;discord.exe;1465413205;python.exe;561853639;16;48.64;15.74;1778081589;2026-05-28 23:53:09;Thursday;773506
SteamData;Rio de Janeiro;DC-RJ01;ZonaC;SRV-API-01;82.59;34359738368;14078146650;40.97;536870912000;381488166424;71.06;54.25;286656;142825;7;211;chrome.exe;20.97;python.exe;6.83;discord.exe;3.61;chrome.exe;3059431009;discord.exe;703631271;python.exe;891133022;16;17.22;16.74;1778599989;2026-05-28 23:53:09;Thursday;847647
SteamData;Porto Alegre;DC-POA01;ZonaB;SRV-DB-01;73.43;34359738368;20993839260;61.1;536870912000;243957688444;45.44;97.11;140218;355647;4;327;chrome.exe;29.29;python.exe;18.77;discord.exe;3.92;chrome.exe;2953883868;discord.exe;1555038913;python.exe;742283216;16;68.31;8.35;1779291189;2026-05-28 23:53:09;Thursday;518237
SteamData;São Paulo;DC-SP01;ZonaA;SRV-API-01;34.58;34359738368;19593923909;57.03;536870912000;229825766416;42.81;99.99;269983;187963;2;276;chrome.exe;21.78;python.exe;7.17;discord.exe;7.31;chrome.exe;2765856923;discord.exe;787088253;python.exe;828107399;8;32.38;24.58;1780155189;2026-05-29 00:13:09;Friday;643257
SteamData;Rio de Janeiro;DC-RJ01;ZonaB;SRV-DB-01;43.97;34359738368;22086967560;64.28;536870912000;341163165473;63.55;46.0;53082;334902;3;181;chrome.exe;13.83;python.exe;17.64;discord.exe;5.26;chrome.exe;2274164518;discord.exe;1314170871;python.exe;880244295;16;66.45;17.25;1779463989;2026-05-29 00:13:09;Friday;861628
SteamData;Porto Alegre;DC-POA01;ZonaC;SRV-DB-01;30.28;34359738368;25131651875;73.14;536870912000;220008416151;40.98;105.69;54235;169726;17;261;chrome.exe;36.4;python.exe;22.51;discord.exe;14.1;chrome.exe;2115945061;discord.exe;944054497;python.exe;368891528;16;48.42;26.49;1779118389;2026-05-29 00:13:09;Friday;570324
SteamData;São Paulo;DC-SP01;ZonaC;SRV-API-01;90.11;34359738368;24281233790;70.67;536870912000;431112426119;80.3;102.57;244902;65453;20;380;chrome.exe;11.33;python.exe;14.3;discord.exe;10.07;chrome.exe;1124128678;discord.exe;1948489831;python.exe;734358863;8;69.82;22.05;1777908789;2026-05-29 00:33:09;Friday;510653
SteamData;Rio de Janeiro;DC-RJ01;ZonaC;SRV-WEB-01;39.93;34359738368;15084925965;43.9;536870912000;254948109592;47.49;78.91;105646;330263;10;183;chrome.exe;17.05;python.exe;5.01;discord.exe;13.3;chrome.exe;2693576539;discord.exe;715607963;python.exe;312995305;32;12.62;23.77;1778513589;2026-05-29 00:33:09;Friday;811243
SteamData;Porto Alegre;DC-POA01;ZonaA;SRV-WEB-01;78.34;34359738368;23422843341;68.17;536870912000;224546190350;41.82;112.42;160893;119588;6;307;chrome.exe;30.29;python.exe;6.86;discord.exe;6.4;chrome.exe;3703640465;discord.exe;1013354514;python.exe;678150755;8;13.18;11.67;1779031989;2026-05-29 00:33:09;Friday;790120
SteamData;São Paulo;DC-SP01;ZonaB;SRV-DB-01;71.19;34359738368;16219596640;47.21;536870912000;408030436902;76.0;15.02;269625;285756;10;282;chrome.exe;18.21;python.exe;6.71;discord.exe;3.82;chrome.exe;3676222904;discord.exe;1462507682;python.exe;313283919;8;49.41;21.27;1777822389;2026-05-29 00:53:09;Friday;750611
SteamData;Rio de Janeiro;DC-RJ01;ZonaB;SRV-API-01;81.11;34359738368;19816086629;57.67;536870912000;374087027130;69.68;42.91;141907;113935;13;385;chrome.exe;28.56;python.exe;8.53;discord.exe;13.21;chrome.exe;1320505892;discord.exe;1694641403;python.exe;666738546;8;26.55;29.66;1779550389;2026-05-29 00:53:09;Friday;606174
SteamData;Porto Alegre;DC-POA01;ZonaC;SRV-API-01;40.54;34359738368;24506647426;71.32;536870912000;310489776187;57.83;103.46;252183;129158;15;366;chrome.exe;22.75;python.exe;19.35;discord.exe;6.62;chrome.exe;2071262988;discord.exe;974702358;python.exe;968795198;32;45.6;20.21;1777908789;2026-05-29 00:53:09;Friday;728214
SteamData;São Paulo;DC-SP01;ZonaC;SRV-DB-01;76.01;34359738368;16553932124;48.18;536870912000;357134096061;66.52;55.12;216163;384148;10;219;chrome.exe;33.77;python.exe;16.14;discord.exe;11.67;chrome.exe;3780334644;discord.exe;1182506491;python.exe;942752457;8;63.06;25.48;1780068789;2026-05-29 01:13:09;Friday;768446
SteamData;Rio de Janeiro;DC-RJ01;ZonaC;SRV-WEB-01;88.0;34359738368;24290037883;70.69;536870912000;258646963463;48.18;16.31;91172;337392;24;250;chrome.exe;24.99;python.exe;17.04;discord.exe;11.6;chrome.exe;3616483943;discord.exe;752482302;python.exe;929639344;8;45.05;14.72;1777822389;2026-05-29 01:13:09;Friday;780307
SteamData;Porto Alegre;DC-POA01;ZonaC;SRV-WEB-01;59.31;34359738368;17927372744;52.18;536870912000;413542696723;77.03;22.05;113886;305860;11;259;chrome.exe;14.55;python.exe;6.5;discord.exe;4.39;chrome.exe;1075771194;discord.exe;1663952103;python.exe;333853116;8;14.27;23.27;1779031989;2026-05-29 01:13:09;Friday;752163
SteamData;São Paulo;DC-SP01;ZonaC;SRV-WEB-01;49.62;34359738368;13170345550;38.33;536870912000;392814990896;73.17;28.36;118491;97674;21;190;chrome.exe;26.79;python.exe;17.48;discord.exe;8.49;chrome.exe;2417243734;discord.exe;1043086572;python.exe;998789402;16;31.04;8.43;1778340789;2026-05-29 01:33:09;Friday;742837
SteamData;Rio de Janeiro;DC-RJ01;ZonaC;SRV-API-01;47.78;34359738368;24247702326;70.57;536870912000;292592339219;54.5;95.52;176785;248009;24;245;chrome.exe;30.4;python.exe;20.1;discord.exe;10.25;chrome.exe;1193277836;discord.exe;1338310953;python.exe;780421297;32;45.37;11.89;1779463989;2026-05-29 01:33:09;Friday;800689
SteamData;Porto Alegre;DC-POA01;ZonaA;SRV-API-01;58.19;34359738368;27144999492;79.0;536870912000;373392697849;69.55;16.9;258986;279396;23;395;chrome.exe;29.32;python.exe;23.41;discord.exe;9.64;chrome.exe;3953142488;discord.exe;1226197417;python.exe;837556139;16;69.84;16.84;1778945589;2026-05-29 01:33:09;Friday;654953
SteamData;São Paulo;DC-SP01;ZonaA;SRV-DB-01;57.78;34359738368;25765532372;74.99;536870912000;425763930058;79.3;108.35;90178;203880;2;308;chrome.exe;38.36;python.exe;18.36;discord.exe;12.77;chrome.exe;1998075691;discord.exe;1439264157;python.exe;866692506;16;17.19;28.0;1780155189;2026-05-29 01:53:09;Friday;853035
SteamData;Rio de Janeiro;DC-RJ01;ZonaA;SRV-WEB-01;42.99;34359738368;14498269585;42.2;536870912000;405546929363;75.54;67.79;60770;316084;30;246;chrome.exe;32.76;python.exe;13.55;discord.exe;13.23;chrome.exe;2143988930;discord.exe;632612534;python.exe;959258037;8;61.84;18.99;1780155189;2026-05-29 01:53:09;Friday;689394
SteamData;Porto Alegre;DC-POA01;ZonaA;SRV-WEB-01;54.52;34359738368;20455524822;59.53;536870912000;336849841652;62.74;72.13;260267;223663;16;366;chrome.exe;20.69;python.exe;20.43;discord.exe;8.47;chrome.exe;1133589497;discord.exe;1446754269;python.exe;509081044;8;46.33;5.21;1777735989;2026-05-29 01:53:09;Friday;827619
SteamData;São Paulo;DC-SP01;ZonaB;SRV-DB-01;42.98;34359738368;23218742723;67.58;536870912000;408284643338;76.05;58.87;225840;138190;21;235;chrome.exe;39.15;python.exe;12.14;discord.exe;3.49;chrome.exe;2386421541;discord.exe;1302012370;python.exe;469246560;8;52.71;14.25;1780068789;2026-05-29 02:13:09;Friday;611821
SteamData;Rio de Janeiro;DC-RJ01;ZonaB;SRV-DB-01;80.58;34359738368;20810210368;60.57;536870912000;353955786503;65.93;113.24;155805;93404;5;176;chrome.exe;24.93;python.exe;10.12;discord.exe;8.27;chrome.exe;3327975733;discord.exe;643238558;python.exe;963881749;32;17.26;5.27;1780068789;2026-05-29 02:13:09;Friday;663422
SteamData;Porto Alegre;DC-POA01;ZonaC;SRV-API-01;94.13;34359738368;23433179972;68.2;536870912000;377662689235;70.35;38.15;215198;173443;26;181;chrome.exe;19.06;python.exe;15.34;discord.exe;7.68;chrome.exe;1300575159;discord.exe;1746954479;python.exe;775272700;32;49.48;13.07;1780241589;2026-05-29 02:13:09;Friday;734799
SteamData;São Paulo;DC-SP01;ZonaA;SRV-WEB-01;79.87;34359738368;22351932360;65.05;536870912000;238003904952;44.33;35.82;197562;318705;6;238;chrome.exe;18.51;python.exe;16.62;discord.exe;6.85;chrome.exe;2749734151;discord.exe;1472755410;python.exe;362245382;32;51.17;20.15;1778772789;2026-05-29 02:33:09;Friday;890096
SteamData;Rio de Janeiro;DC-RJ01;ZonaA;SRV-API-01;90.5;34359738368;22585222169;65.73;536870912000;350166714297;65.22;11.24;156159;369536;17;311;chrome.exe;36.39;python.exe;7.93;discord.exe;4.61;chrome.exe;1086961227;discord.exe;608408300;python.exe;518170976;32;13.78;25.32;1779982389;2026-05-29 02:33:09;Friday;804885
SteamData;Porto Alegre;DC-POA01;ZonaA;SRV-WEB-01;28.91;34359738368;13318979669;38.76;536870912000;226722271782;42.23;28.02;164556;395657;28;325;chrome.exe;19.68;python.exe;6.63;discord.exe;12.5;chrome.exe;1508355190;discord.exe;1358812200;python.exe;689787021;8;45.83;11.83;1778772789;2026-05-29 02:33:09;Friday;756743
SteamData;São Paulo;DC-SP01;ZonaA;SRV-API-01;26.8;34359738368;19530180039;56.84;536870912000;320840537432;59.76;114.74;286801;118361;22;253;chrome.exe;17.94;python.exe;12.52;discord.exe;5.66;chrome.exe;3971575108;discord.exe;890791073;python.exe;752015060;32;17.47;8.4;1778859189;2026-05-29 02:53:09;Friday;845868
SteamData;Rio de Janeiro;DC-RJ01;ZonaA;SRV-API-01;80.82;34359738368;22781075845;66.3;536870912000;431864047846;80.44;63.82;215737;67141;16;359;chrome.exe;38.75;python.exe;6.57;discord.exe;11.6;chrome.exe;1037995799;discord.exe;1945554858;python.exe;869570072;8;12.87;22.75;1780155189;2026-05-29 02:53:09;Friday;818014
SteamData;Porto Alegre;DC-POA01;ZonaA;SRV-API-01;75.75;34359738368;19597487268;57.04;536870912000;394233893327;73.43;13.7;93481;396507;13;164;chrome.exe;17.76;python.exe;24.15;discord.exe;7.01;chrome.exe;2735523373;discord.exe;1534532995;python.exe;499830958;8;52.18;24.87;1778254389;2026-05-29 02:53:09;Friday;514468
SteamData;São Paulo;DC-SP01;ZonaC;SRV-API-01;74.7;34359738368;21620923712;62.93;536870912000;364865691451;67.96;38.53;236256;69113;26;170;chrome.exe;24.75;python.exe;21.89;discord.exe;10.05;chrome.exe;2713459949;discord.exe;1941735058;python.exe;889828483;32;49.64;16.28;1778599989;2026-05-29 03:13:09;Friday;881136
SteamData;Rio de Janeiro;DC-RJ01;ZonaB;SRV-DB-01;52.69;34359738368;21743063875;63.28;536870912000;241520627100;44.99;63.89;94259;294499;6;270;chrome.exe;33.17;python.exe;7.0;discord.exe;12.98;chrome.exe;2571697345;discord.exe;639149443;python.exe;574461595;16;12.78;13.56;1780068789;2026-05-29 03:13:09;Friday;752143
SteamData;Porto Alegre;DC-POA01;ZonaB;SRV-WEB-01;44.01;34359738368;29193910005;84.97;536870912000;290830685621;54.17;53.72;243081;86222;21;387;chrome.exe;34.02;python.exe;6.38;discord.exe;8.28;chrome.exe;2529178751;discord.exe;1675487686;python.exe;427750876;8;47.73;26.38;1777995189;2026-05-29 03:13:09;Friday;753821
SteamData;São Paulo;DC-SP01;ZonaB;SRV-DB-01;57.21;34359738368;28252675986;82.23;536870912000;419001417074;78.05;90.77;237412;225852;13;323;chrome.exe;30.22;python.exe;16.98;discord.exe;6.79;chrome.exe;2817456613;discord.exe;699047343;python.exe;754246415;8;41.15;16.85;1779550389;2026-05-29 03:33:09;Friday;736120
SteamData;Rio de Janeiro;DC-RJ01;ZonaA;SRV-API-01;93.1;34359738368;23006297983;66.96;536870912000;390877316905;72.81;22.33;136854;97900;29;259;chrome.exe;13.09;python.exe;7.72;discord.exe;7.33;chrome.exe;3502686752;discord.exe;994009080;python.exe;896402939;16;58.85;7.8;1780241589;2026-05-29 03:33:09;Friday;552654
SteamData;Porto Alegre;DC-POA01;ZonaA;SRV-WEB-01;40.48;34359738368;19299468866;56.17;536870912000;333376282740;62.1;86.96;250845;396330;20;217;chrome.exe;10.29;python.exe;15.45;discord.exe;5.0;chrome.exe;3906751332;discord.exe;718569355;python.exe;395401670;16;41.16;19.6;1779031989;2026-05-29 03:33:09;Friday;615971
SteamData;São Paulo;DC-SP01;ZonaA;SRV-API-01;83.25;34359738368;16454826405;47.89;536870912000;314722275782;58.62;86.16;173309;350232;11;174;chrome.exe;30.52;python.exe;12.88;discord.exe;10.01;chrome.exe;2814704189;discord.exe;1554400961;python.exe;777719477;8;32.59;28.08;1777995189;2026-05-29 03:53:09;Friday;881267
SteamData;Rio de Janeiro;DC-RJ01;ZonaA;SRV-WEB-01;86.52;34359738368;16548769761;48.16;536870912000;255166655882;47.53;30.77;61180;140280;11;215;chrome.exe;24.13;python.exe;24.72;discord.exe;11.16;chrome.exe;1296925849;discord.exe;1406955318;python.exe;782725791;32;52.67;27.4;1777908789;2026-05-29 03:53:09;Friday;509156
SteamData;Porto Alegre;DC-POA01;ZonaA;SRV-WEB-01;94.69;34359738368;17433708684;50.74;536870912000;357540040520;66.6;22.0;255540;285006;3;327;chrome.exe;24.99;python.exe;24.7;discord.exe;5.83;chrome.exe;2391713798;discord.exe;1390513892;python.exe;624366729;16;14.0;16.42;1778772789;2026-05-29 03:53:09;Friday;571878
SteamData;São Paulo;DC-SP01;ZonaA;SRV-DB-01;72.83;34359738368;12327615737;35.88;536870912000;265681482524;49.49;60.46;223609;348880;5;328;chrome.exe;10.28;python.exe;18.38;discord.exe;9.17;chrome.exe;1617828263;discord.exe;851460477;python.exe;747595528;32;31.46;17.5;1778427189;2026-05-29 04:13:09;Friday;574054
SteamData;Rio de Janeiro;DC-RJ01;ZonaA;SRV-API-01;43.23;34359738368;23023093566;67.01;536870912000;233633942151;43.52;48.45;182735;108461;18;306;chrome.exe;35.96;python.exe;13.88;discord.exe;5.78;chrome.exe;1690814933;discord.exe;853577496;python.exe;368413107;32;44.37;16.57;1778340789;2026-05-29 04:13:09;Friday;607735
SteamData;Porto Alegre;DC-POA01;ZonaA;SRV-API-01;52.4;34359738368;27028212215;78.66;536870912000;395688823854;73.7;32.66;179075;262253;2;166;chrome.exe;35.59;python.exe;9.39;discord.exe;11.14;chrome.exe;1880002426;discord.exe;1419192101;python.exe;634365138;16;17.79;20.44;1777735989;2026-05-29 04:13:09;Friday;791245
SteamData;São Paulo;DC-SP01;ZonaA;SRV-API-01;26.97;34359738368;17270890574;50.26;536870912000;251331691774;46.81;75.21;244123;133878;3;179;chrome.exe;35.57;python.exe;14.1;discord.exe;4.23;chrome.exe;1303791192;discord.exe;1182763880;python.exe;836037665;32;19.29;24.84;1778427189;2026-05-29 04:33:09;Friday;793740
SteamData;Rio de Janeiro;DC-RJ01;ZonaC;SRV-DB-01;72.51;34359738368;25340580882;73.75;536870912000;279367967423;52.04;80.73;292559;248155;3;247;chrome.exe;29.04;python.exe;23.49;discord.exe;12.36;chrome.exe;1746819940;discord.exe;1009325861;python.exe;819093064;16;58.37;8.99;1778686389;2026-05-29 04:33:09;Friday;877944
SteamData;Porto Alegre;DC-POA01;ZonaB;SRV-WEB-01;53.57;34359738368;27148059131;79.01;536870912000;384818624750;71.68;95.78;191808;290002;23;336;chrome.exe;35.92;python.exe;12.72;discord.exe;10.05;chrome.exe;2269356047;discord.exe;1277525130;python.exe;736203397;8;51.31;5.91;1778340789;2026-05-29 04:33:09;Friday;702533
SteamData;São Paulo;DC-SP01;ZonaB;SRV-WEB-01;78.55;34359738368;12762180209;37.14;536870912000;424823196219;79.13;55.06;202836;213781;8;373;chrome.exe;30.09;python.exe;17.39;discord.exe;13.15;chrome.exe;3957503509;discord.exe;543245173;python.exe;895018327;8;19.04;8.94;1779550389;2026-05-29 04:53:09;Friday;883960
SteamData;Rio de Janeiro;DC-RJ01;ZonaB;SRV-WEB-01;55.19;34359738368;14140114717;41.15;536870912000;379282350030;70.65;31.73;62043;60026;17;186;chrome.exe;16.89;python.exe;8.24;discord.exe;10.7;chrome.exe;1414797744;discord.exe;1214151367;python.exe;675692261;8;21.56;16.88;1778772789;2026-05-29 04:53:09;Friday;575797
SteamData;Porto Alegre;DC-POA01;ZonaC;SRV-API-01;26.17;34359738368;28974814522;84.33;536870912000;312037508491;58.12;88.47;262445;341032;5;280;chrome.exe;10.39;python.exe;18.13;discord.exe;2.84;chrome.exe;3764071943;discord.exe;1502420724;python.exe;952749908;32;44.09;28.52;1779550389;2026-05-29 04:53:09;Friday;662687
SteamData;São Paulo;DC-SP01;ZonaB;SRV-WEB-01;32.82;34359738368;18235058438;53.07;536870912000;320416554060;59.68;21.8;184942;276654;7;325;chrome.exe;28.42;python.exe;9.42;discord.exe;10.83;chrome.exe;1341355361;discord.exe;713018091;python.exe;999370796;16;66.49;21.1;1779550389;2026-05-29 05:13:09;Friday;551921
SteamData;Rio de Janeiro;DC-RJ01;ZonaA;SRV-DB-01;50.83;34359738368;13425421158;39.07;536870912000;221252189687;41.21;70.63;205106;361457;11;376;chrome.exe;20.49;python.exe;16.43;discord.exe;9.46;chrome.exe;3028061967;discord.exe;1987247178;python.exe;718058434;8;24.24;13.35;1778167989;2026-05-29 05:13:09;Friday;665706
SteamData;Porto Alegre;DC-POA01;ZonaC;SRV-WEB-01;90.11;34359738368;21354207805;62.15;536870912000;256491135477;47.78;61.66;128801;287849;28;262;chrome.exe;18.9;python.exe;8.08;discord.exe;2.98;chrome.exe;3966238268;discord.exe;1453062790;python.exe;733136314;32;12.51;26.6;1779895989;2026-05-29 05:13:09;Friday;832014
SteamData;São Paulo;DC-SP01;ZonaC;SRV-DB-01;31.98;34359738368;14648753750;42.63;536870912000;279536628291;52.07;79.17;70180;258707;28;199;chrome.exe;38.81;python.exe;22.31;discord.exe;9.4;chrome.exe;3864057870;discord.exe;1063098339;python.exe;413285707;8;38.95;25.98;1780241589;2026-05-29 05:33:09;Friday;518309
SteamData;Rio de Janeiro;DC-RJ01;ZonaA;SRV-API-01;42.86;34359738368;14415631827;41.96;536870912000;368746386642;68.68;69.29;73618;318261;10;245;chrome.exe;19.44;python.exe;14.92;discord.exe;3.64;chrome.exe;1942094777;discord.exe;815942483;python.exe;712511994;8;45.03;5.89;1778859189;2026-05-29 05:33:09;Friday;742636
SteamData;Porto Alegre;DC-POA01;ZonaA;SRV-DB-01;43.88;34359738368;21420157543;62.34;536870912000;252589930190;47.05;77.05;118501;313014;20;222;chrome.exe;26.79;python.exe;5.97;discord.exe;8.56;chrome.exe;3371657938;discord.exe;1143372262;python.exe;557576016;16;39.83;13.67;1778945589;2026-05-29 05:33:09;Friday;505636
SteamData;São Paulo;DC-SP01;ZonaA;SRV-WEB-01;91.54;34359738368;22565160557;65.67;536870912000;207175391868;38.59;14.03;85601;172824;29;322;chrome.exe;12.37;python.exe;7.93;discord.exe;3.23;chrome.exe;2800072322;discord.exe;1178275832;python.exe;959659211;8;37.99;13.07;1779204789;2026-05-29 05:53:09;Friday;617363
SteamData;Rio de Janeiro;DC-RJ01;ZonaB;SRV-WEB-01;35.66;34359738368;16948118465;49.33;536870912000;282423047014;52.61;104.28;277406;282846;20;207;chrome.exe;27.66;python.exe;8.23;discord.exe;8.88;chrome.exe;2464427113;discord.exe;1062687448;python.exe;767404745;16;41.01;20.03;1778772789;2026-05-29 05:53:09;Friday;615455
SteamData;Porto Alegre;DC-POA01;ZonaC;SRV-DB-01;89.24;34359738368;21304199378;62.0;536870912000;426035526864;79.36;113.99;93873;257260;9;170;chrome.exe;10.01;python.exe;14.22;discord.exe;12.66;chrome.exe;1554194495;discord.exe;835908507;python.exe;307445385;16;21.44;20.28;1779723189;2026-05-29 05:53:09;Friday;501326
SteamData;São Paulo;DC-SP01;ZonaA;SRV-WEB-01;38.07;34359738368;23027818042;67.02;536870912000;325769436384;60.68;28.69;263004;224562;27;167;chrome.exe;15.27;python.exe;20.32;discord.exe;8.69;chrome.exe;3301204339;discord.exe;1914946894;python.exe;819491503;8;17.65;5.85;1779723189;2026-05-29 06:13:09;Friday;690273
SteamData;Rio de Janeiro;DC-RJ01;ZonaA;SRV-API-01;84.86;34359738368;12952582521;37.7;536870912000;388467021541;72.36;111.37;188176;335140;8;382;chrome.exe;15.72;python.exe;15.28;discord.exe;9.77;chrome.exe;2165797225;discord.exe;1227864071;python.exe;743209005;32;43.48;29.52;1778427189;2026-05-29 06:13:09;Friday;525681
SteamData;Porto Alegre;DC-POA01;ZonaC;SRV-WEB-01;84.05;34359738368;13305068266;38.72;536870912000;406593636219;75.73;49.27;169974;334260;19;224;chrome.exe;26.94;python.exe;21.27;discord.exe;12.65;chrome.exe;2193429951;discord.exe;783007870;python.exe;787372708;32;11.98;23.51;1777908789;2026-05-29 06:13:09;Friday;853388
SteamData;São Paulo;DC-SP01;ZonaB;SRV-DB-01;85.91;34359738368;16030516872;46.65;536870912000;347477362475;64.72;39.65;186682;229913;17;271;chrome.exe;14.3;python.exe;22.61;discord.exe;7.62;chrome.exe;2165178382;discord.exe;1962293046;python.exe;997849930;32;68.21;9.6;1779723189;2026-05-29 06:33:09;Friday;821498
SteamData;Rio de Janeiro;DC-RJ01;ZonaA;SRV-DB-01;45.93;34359738368;26756856331;77.87;536870912000;269808827818;50.26;70.64;118545;231905;14;279;chrome.exe;22.79;python.exe;10.2;discord.exe;8.05;chrome.exe;2877694165;discord.exe;1125899881;python.exe;300964105;8;49.37;7.87;1777908789;2026-05-29 06:33:09;Friday;543544
SteamData;Porto Alegre;DC-POA01;ZonaC;SRV-API-01;91.88;34359738368;19810240542;57.66;536870912000;423984038823;78.97;46.31;185398;233254;23;197;chrome.exe;18.81;python.exe;17.26;discord.exe;11.77;chrome.exe;3991602504;discord.exe;1497631343;python.exe;397884909;16;23.17;12.82;1779204789;2026-05-29 06:33:09;Friday;687714
SteamData;São Paulo;DC-SP01;ZonaA;SRV-API-01;35.39;34359738368;15641594293;45.52;536870912000;226781583644;42.24;52.61;134266;203947;13;273;chrome.exe;28.74;python.exe;21.82;discord.exe;4.71;chrome.exe;2556669243;discord.exe;1786178175;python.exe;482285088;8;29.44;6.02;1779031989;2026-05-29 06:53:09;Friday;788058
SteamData;Rio de Janeiro;DC-RJ01;ZonaB;SRV-API-01;57.61;34359738368;18266311519;53.16;536870912000;412047888021;76.75;69.71;128531;54215;21;328;chrome.exe;26.86;python.exe;22.83;discord.exe;7.9;chrome.exe;2438228178;discord.exe;1752245377;python.exe;981467220;16;68.74;18.28;1779377589;2026-05-29 06:53:09;Friday;520382
SteamData;Porto Alegre;DC-POA01;ZonaB;SRV-WEB-01;40.95;34359738368;13900328257;40.46;536870912000;286740130017;53.41;22.78;135120;80898;8;246;chrome.exe;20.43;python.exe;22.62;discord.exe;12.56;chrome.exe;2893747567;discord.exe;1020129924;python.exe;772759637;16;60.55;22.19;1780241589;2026-05-29 06:53:09;Friday;677041
SteamData;São Paulo;DC-SP01;ZonaA;SRV-DB-01;82.83;34359738368;16985210124;49.43;536870912000;325679196291;60.66;100.0;247086;147692;28;374;chrome.exe;17.29;python.exe;18.77;discord.exe;4.32;chrome.exe;2686712433;discord.exe;1393960633;python.exe;579836742;8;13.48;11.09;1777735989;2026-05-29 07:13:09;Friday;836441
SteamData;Rio de Janeiro;DC-RJ01;ZonaB;SRV-API-01;25.04;34359738368;20320695196;59.14;536870912000;258408489651;48.13;91.85;93124;209150;3;308;chrome.exe;25.22;python.exe;22.96;discord.exe;10.75;chrome.exe;1533760115;discord.exe;680395145;python.exe;812993091;16;60.4;12.48;1778686389;2026-05-29 07:13:09;Friday;898942
SteamData;Porto Alegre;DC-POA01;ZonaC;SRV-WEB-01;40.34;34359738368;20465766871;59.56;536870912000;286751883767;53.41;80.35;65216;211579;22;345;chrome.exe;32.83;python.exe;14.51;discord.exe;2.4;chrome.exe;1459410332;discord.exe;822101822;python.exe;601127480;16;23.76;29.18;1777908789;2026-05-29 07:13:09;Friday;884510
SteamData;São Paulo;DC-SP01;ZonaA;SRV-API-01;75.14;34359738368;21192372468;61.68;536870912000;429258884740;79.96;115.18;121955;338682;16;383;chrome.exe;23.64;python.exe;21.22;discord.exe;12.45;chrome.exe;2677209922;discord.exe;1894287258;python.exe;699475845;8;44.82;10.1;1777995189;2026-05-29 07:33:09;Friday;655629
SteamData;Rio de Janeiro;DC-RJ01;ZonaA;SRV-DB-01;36.19;34359738368;25964382404;75.57;536870912000;442843139470;82.49;42.9;199011;68254;29;166;chrome.exe;12.99;python.exe;7.44;discord.exe;14.86;chrome.exe;1378249119;discord.exe;1051519334;python.exe;842585159;16;60.6;27.41;1779291189;2026-05-29 07:33:09;Friday;549372
SteamData;Porto Alegre;DC-POA01;ZonaC;SRV-DB-01;91.76;34359738368;25465654677;74.11;536870912000;375657793826;69.97;16.44;290862;145348;28;165;chrome.exe;34.14;python.exe;24.15;discord.exe;11.13;chrome.exe;2967123937;discord.exe;1140999389;python.exe;772454110;32;51.37;22.92;1779895989;2026-05-29 07:33:09;Friday;671612
SteamData;São Paulo;DC-SP01;ZonaA;SRV-WEB-01;35.55;34359738368;17307920224;50.37;536870912000;212605031973;39.6;47.47;174388;254574;6;370;chrome.exe;15.26;python.exe;16.01;discord.exe;14.44;chrome.exe;1252511471;discord.exe;1025538902;python.exe;465859874;16;45.88;17.91;1777908789;2026-05-29 07:53:09;Friday;665913
SteamData;Rio de Janeiro;DC-RJ01;ZonaC;SRV-WEB-01;75.51;34359738368;16126265426;46.93;536870912000;406141883686;75.65;26.01;265817;382864;3;365;chrome.exe;14.84;python.exe;13.9;discord.exe;3.78;chrome.exe;2447959486;discord.exe;1080655831;python.exe;585499802;8;30.07;26.38;1778772789;2026-05-29 07:53:09;Friday;502930
SteamData;Porto Alegre;DC-POA01;ZonaB;SRV-DB-01;58.1;34359738368;18808016630;54.74;536870912000;437222747074;81.44;84.29;216691;372663;26;313;chrome.exe;30.95;python.exe;20.41;discord.exe;5.03;chrome.exe;2292656017;discord.exe;726599954;python.exe;468786988;8;48.74;24.11;1778945589;2026-05-29 07:53:09;Friday;564739
SteamData;São Paulo;DC-SP01;ZonaA;SRV-API-01;58.11;34359738368;14358568550;41.79;536870912000;426621283103;79.46;18.87;52249;252613;12;377;chrome.exe;26.22;python.exe;5.94;discord.exe;5.36;chrome.exe;2447370231;discord.exe;899410544;python.exe;336393318;32;26.4;27.3;1779031989;2026-05-29 08:13:09;Friday;636412
SteamData;Rio de Janeiro;DC-RJ01;ZonaB;SRV-WEB-01;36.01;34359738368;27049961192;78.73;536870912000;232086273207;43.23;23.75;50290;232624;5;305;chrome.exe;21.99;python.exe;6.13;discord.exe;2.93;chrome.exe;2795067118;discord.exe;899035710;python.exe;720873704;16;25.85;16.45;1778167989;2026-05-29 08:13:09;Friday;555263
SteamData;Porto Alegre;DC-POA01;ZonaC;SRV-DB-01;25.72;34359738368;20230129737;58.88;536870912000;371945288439;69.28;112.36;193895;107063;9;182;chrome.exe;36.04;python.exe;15.06;discord.exe;14.92;chrome.exe;2929266938;discord.exe;1308576998;python.exe;479236419;16;19.15;21.27;1777822389;2026-05-29 08:13:09;Friday;743195
SteamData;São Paulo;DC-SP01;ZonaC;SRV-API-01;42.59;34359738368;20517180962;59.71;536870912000;220359839894;41.05;84.61;112120;186868;6;174;chrome.exe;39.08;python.exe;15.46;discord.exe;8.33;chrome.exe;3177987641;discord.exe;884366750;python.exe;340994840;32;35.81;27.06;1778340789;2026-05-29 08:33:09;Friday;536471
SteamData;Rio de Janeiro;DC-RJ01;ZonaC;SRV-API-01;48.0;34359738368;17079382456;49.71;536870912000;366607363473;68.29;25.47;96580;293173;18;188;chrome.exe;33.79;python.exe;11.67;discord.exe;4.65;chrome.exe;2388925114;discord.exe;1165643689;python.exe;561580218;8;13.69;26.96;1779463989;2026-05-29 08:33:09;Friday;604462
SteamData;Porto Alegre;DC-POA01;ZonaA;SRV-API-01;30.52;34359738368;20853281943;60.69;536870912000;252358771048;47.01;43.15;142719;251121;16;399;chrome.exe;20.74;python.exe;16.69;discord.exe;2.32;chrome.exe;3964619629;discord.exe;1352890031;python.exe;722537189;16;57.97;17.17;1779723189;2026-05-29 08:33:09;Friday;687930
SteamData;São Paulo;DC-SP01;ZonaA;SRV-DB-01;72.52;34359738368;20821393201;60.6;536870912000;213273795851;39.73;114.41;214750;143153;22;223;chrome.exe;24.69;python.exe;12.08;discord.exe;2.87;chrome.exe;3103169550;discord.exe;1860161175;python.exe;516553314;32;46.43;27.02;1777908789;2026-05-29 08:53:09;Friday;646569
SteamData;Rio de Janeiro;DC-RJ01;ZonaB;SRV-WEB-01;68.03;34359738368;29267365632;85.18;536870912000;362336598676;67.49;54.4;201659;135400;3;268;chrome.exe;20.82;python.exe;17.31;discord.exe;7.77;chrome.exe;1426034394;discord.exe;1051583358;python.exe;571024312;16;29.04;24.36;1780241589;2026-05-29 08:53:09;Friday;608324
SteamData;Porto Alegre;DC-POA01;ZonaA;SRV-DB-01;63.77;34359738368;21648957357;63.01;536870912000;215828257787;40.2;92.11;130494;261455;8;334;chrome.exe;31.02;python.exe;16.72;discord.exe;12.4;chrome.exe;2310103227;discord.exe;1122188030;python.exe;953716100;16;45.71;14.37;1779809589;2026-05-29 08:53:09;Friday;887502
SteamData;São Paulo;DC-SP01;ZonaC;SRV-DB-01;40.24;34359738368;19594661667;57.03;536870912000;309677022481;57.68;20.36;81285;189196;5;313;chrome.exe;25.37;python.exe;13.06;discord.exe;11.07;chrome.exe;1622489632;discord.exe;1740677705;python.exe;727957035;16;44.48;8.36;1779809589;2026-05-29 09:13:09;Friday;549373
SteamData;Rio de Janeiro;DC-RJ01;ZonaA;SRV-WEB-01;75.83;34359738368;28614753166;83.28;536870912000;241236882843;44.93;77.35;255809;179678;21;372;chrome.exe;14.27;python.exe;19.4;discord.exe;8.12;chrome.exe;2895090804;discord.exe;837701660;python.exe;378467174;32;16.16;16.33;1778340789;2026-05-29 09:13:09;Friday;520702
SteamData;Porto Alegre;DC-POA01;ZonaA;SRV-API-01;58.75;34359738368;26053914806;75.83;536870912000;225162546856;41.94;91.66;242048;136735;0;373;chrome.exe;22.54;python.exe;20.41;discord.exe;13.25;chrome.exe;1767533071;discord.exe;1985826864;python.exe;445781671;32;66.49;14.28;1778772789;2026-05-29 09:13:09;Friday;828540
SteamData;São Paulo;DC-SP01;ZonaB;SRV-DB-01;76.25543656085091;34359738368;22598358524;65.77;536870912000;420001394508;78.23;56.79;217126;194149;24;301;chrome.exe;10.44;python.exe;10.52;discord.exe;7.4;chrome.exe;2694983387;discord.exe;595365210;python.exe;402682685;8;54.61;9.94;1779204789;2026-05-29 09:33:09;Friday;646109
SteamData;Rio de Janeiro;DC-RJ01;ZonaC;SRV-DB-01;50.521723475172415;34359738368;16642747529;48.44;536870912000;333490879238;62.12;54.86;184417;130042;13;322;chrome.exe;28.54;python.exe;17.74;discord.exe;13.46;chrome.exe;2212716683;discord.exe;702105376;python.exe;967386181;8;15.87;11.63;1778427189;2026-05-29 09:33:09;Friday;776530
SteamData;Porto Alegre;DC-POA01;ZonaB;SRV-DB-01;40.000805621543634;34359738368;27571831793;80.24;536870912000;317618076427;59.16;47.86;215485;144217;9;239;chrome.exe;29.93;python.exe;21.54;discord.exe;12.9;chrome.exe;3672599021;discord.exe;1927424255;python.exe;332914711;16;53.28;11.82;1778254389;2026-05-29 09:33:09;Friday;855267
SteamData;São Paulo;DC-SP01;ZonaC;SRV-WEB-01;91.08159609840493;34359738368;17814168941;51.85;536870912000;326480304247;60.81;39.71;286194;223027;29;273;chrome.exe;26.85;python.exe;6.26;discord.exe;10.75;chrome.exe;2108239897;discord.exe;1387567418;python.exe;559250948;8;25.43;15.75;1777822389;2026-05-29 09:53:09;Friday;656875
SteamData;Rio de Janeiro;DC-RJ01;ZonaB;SRV-API-01;81.23848752156078;34359738368;18799494614;54.71;536870912000;393920509939;73.37;43.81;73350;379867;7;184;chrome.exe;35.9;python.exe;8.97;discord.exe;7.16;chrome.exe;2917419897;discord.exe;1103230472;python.exe;341096483;16;57.2;7.26;1778859189;2026-05-29 09:53:09;Friday;893058
SteamData;Porto Alegre;DC-POA01;ZonaA;SRV-WEB-01;61.04004630907682;34359738368;20685345228;60.2;536870912000;314464782659;58.57;34.18;67988;218823;14;305;chrome.exe;31.72;python.exe;11.86;discord.exe;6.22;chrome.exe;1006131438;discord.exe;862240430;python.exe;495585147;8;57.8;5.78;1778859189;2026-05-29 09:53:09;Friday;692062
SteamData;São Paulo;DC-SP01;ZonaB;SRV-API-01;99.0;34359738368;20027120801;58.29;536870912000;294960932593;54.94;115.85;108105;293576;28;150;chrome.exe;19.0;python.exe;15.31;discord.exe;2.54;chrome.exe;1089209767;discord.exe;1130879268;python.exe;908206693;32;34.12;25.27;1779291189;2026-05-29 10:13:09;Friday;554810
SteamData;Rio de Janeiro;DC-RJ01;ZonaA;SRV-WEB-01;80.65625112013339;34359738368;15435969271;44.92;536870912000;250120366922;46.59;32.89;285339;103339;29;343;chrome.exe;10.77;python.exe;21.22;discord.exe;3.1;chrome.exe;2647789394;discord.exe;1130578445;python.exe;798533240;16;32.85;23.07;1777735989;2026-05-29 10:13:09;Friday;547478
SteamData;Porto Alegre;DC-POA01;ZonaA;SRV-DB-01;77.80440392598445;34359738368;24024947849;69.92;536870912000;359771139796;67.01;75.01;205514;247072;21;387;chrome.exe;22.5;python.exe;9.25;discord.exe;4.01;chrome.exe;2666465180;discord.exe;1052130266;python.exe;780071717;8;32.0;24.55;1779982389;2026-05-29 10:13:09;Friday;626546
SteamData;São Paulo;DC-SP01;ZonaA;SRV-DB-01;79.72934308202797;34359738368;20631219425;60.04;536870912000;417361719938;77.74;35.7;193287;76048;5;234;chrome.exe;16.56;python.exe;5.57;discord.exe;5.8;chrome.exe;1733300594;discord.exe;1152703833;python.exe;689678970;16;37.17;28.01;1778254389;2026-05-29 10:33:09;Friday;501912
SteamData;Rio de Janeiro;DC-RJ01;ZonaA;SRV-API-01;91.863785906598;34359738368;20005270288;58.22;536870912000;404154931207;75.28;11.0;252062;340602;15;274;chrome.exe;30.46;python.exe;20.83;discord.exe;14.56;chrome.exe;3865579184;discord.exe;1158579669;python.exe;904474065;8;12.53;29.38;1779550389;2026-05-29 10:33:09;Friday;588716
SteamData;Porto Alegre;DC-POA01;ZonaC;SRV-DB-01;68.99928165279678;34359738368;15274604132;44.45;536870912000;347372686043;64.7;37.73;201734;188348;0;277;chrome.exe;28.83;python.exe;17.92;discord.exe;7.79;chrome.exe;1318814518;discord.exe;1507277867;python.exe;440286340;16;27.84;19.26;1778945589;2026-05-29 10:33:09;Friday;690964
SteamData;São Paulo;DC-SP01;ZonaC;SRV-WEB-01;52.16812324233177;34359738368;26234599305;76.35;536870912000;331912859459;61.82;112.23;206288;257462;0;162;chrome.exe;34.77;python.exe;12.78;discord.exe;6.39;chrome.exe;1196078853;discord.exe;966438513;python.exe;409976881;8;40.24;27.47;1778167989;2026-05-29 10:53:09;Friday;883237
SteamData;Rio de Janeiro;DC-RJ01;ZonaA;SRV-DB-01;63.96060081149134;34359738368;12029516416;35.01;536870912000;308008940854;57.37;34.7;265651;200108;27;340;chrome.exe;35.32;python.exe;11.0;discord.exe;9.52;chrome.exe;2098554862;discord.exe;1404718044;python.exe;795180293;8;24.9;22.53;1779291189;2026-05-29 10:53:09;Friday;869291
SteamData;Porto Alegre;DC-POA01;ZonaC;SRV-API-01;68.3049275531761;34359738368;15014910135;43.7;536870912000;440334520313;82.02;17.12;226489;145047;4;383;chrome.exe;28.63;python.exe;14.05;discord.exe;8.01;chrome.exe;3556008258;discord.exe;1740911538;python.exe;837066235;32;62.58;19.86;1777908789;2026-05-29 10:53:09;Friday;692465
SteamData;São Paulo;DC-SP01;ZonaB;SRV-DB-01;37.06540601781146;34359738368;12202333008;35.51;536870912000;243512123057;45.36;19.28;167200;302221;4;343;chrome.exe;35.61;python.exe;24.27;discord.exe;11.96;chrome.exe;3604098684;discord.exe;1910604261;python.exe;781662129;8;44.28;11.25;1779550389;2026-05-29 11:13:09;Friday;893632
SteamData;Rio de Janeiro;DC-RJ01;ZonaC;SRV-DB-01;40.82458652550647;34359738368;27966404387;81.39;536870912000;224961220105;41.9;115.52;74755;305795;21;319;chrome.exe;17.8;python.exe;12.63;discord.exe;14.47;chrome.exe;3921451324;discord.exe;1031058798;python.exe;860937107;8;52.99;5.45;1778167989;2026-05-29 11:13:09;Friday;625721
SteamData;Porto Alegre;DC-POA01;ZonaA;SRV-API-01;76.57462128788464;34359738368;14962727992;43.55;536870912000;383412155589;71.42;71.67;184841;56034;5;206;chrome.exe;29.81;python.exe;12.82;discord.exe;6.12;chrome.exe;3764257995;discord.exe;1102843710;python.exe;906135295;32;20.81;26.86;1778859189;2026-05-29 11:13:09;Friday;634522
SteamData;São Paulo;DC-SP01;ZonaC;SRV-DB-01;39.53859378782322;34359738368;22421126633;65.25;536870912000;387648508103;72.21;87.0;263196;313003;23;299;chrome.exe;18.97;python.exe;13.62;discord.exe;14.71;chrome.exe;3017783317;discord.exe;1823779292;python.exe;549739356;16;64.55;6.64;1778167989;2026-05-29 11:33:09;Friday;797895
SteamData;Rio de Janeiro;DC-RJ01;ZonaB;SRV-API-01;57.887992245545306;34359738368;28706065941;83.55;536870912000;315793800187;58.82;65.54;129470;170425;24;270;chrome.exe;35.8;python.exe;13.49;discord.exe;10.27;chrome.exe;3153636068;discord.exe;1082841251;python.exe;744052681;32;34.24;18.31;1779031989;2026-05-29 11:33:09;Friday;717492
SteamData;Porto Alegre;DC-POA01;ZonaB;SRV-API-01;99.0;34359738368;14906285065;43.38;536870912000;314621251144;58.6;76.83;188516;382554;29;298;chrome.exe;35.47;python.exe;13.63;discord.exe;10.74;chrome.exe;1802900537;discord.exe;699292759;python.exe;343352826;8;43.77;24.44;1778081589;2026-05-29 11:33:09;Friday;889530
SteamData;São Paulo;DC-SP01;ZonaB;SRV-DB-01;57.37281891130995;34359738368;15908020440;46.3;536870912000;411978032333;76.74;80.16;90663;185705;9;243;chrome.exe;35.42;python.exe;15.78;discord.exe;5.13;chrome.exe;3629358843;discord.exe;1370899309;python.exe;358480900;32;24.12;23.53;1777908789;2026-05-29 11:53:09;Friday;879445
SteamData;Rio de Janeiro;DC-RJ01;ZonaA;SRV-WEB-01;65.50790831972262;34359738368;17328236021;50.43;536870912000;243468249071;45.35;38.85;114285;325801;5;256;chrome.exe;30.46;python.exe;24.53;discord.exe;9.61;chrome.exe;3046199997;discord.exe;1322897688;python.exe;832269201;32;15.54;20.2;1779463989;2026-05-29 11:53:09;Friday;811348
SteamData;Porto Alegre;DC-POA01;ZonaC;SRV-DB-01;95.44094455038578;34359738368;20703929680;60.26;536870912000;269282212192;50.16;117.72;246585;155097;12;250;chrome.exe;17.34;python.exe;19.69;discord.exe;8.07;chrome.exe;2626236439;discord.exe;960599487;python.exe;785427423;16;55.66;6.48;1780241589;2026-05-29 11:53:09;Friday;665668
SteamData;São Paulo;DC-SP01;ZonaB;SRV-WEB-01;85.17730622277327;34359738368;24973679325;72.68;536870912000;422675171777;78.73;49.37;217208;259594;0;274;chrome.exe;25.2;python.exe;10.96;discord.exe;11.13;chrome.exe;1564481644;discord.exe;954015403;python.exe;710946717;8;57.4;9.45;1779550389;2026-05-29 12:13:09;Friday;736181
SteamData;Rio de Janeiro;DC-RJ01;ZonaB;SRV-WEB-01;42.285747660583446;34359738368;19794809564;57.61;536870912000;370922418262;69.09;75.43;140354;161019;10;252;chrome.exe;33.46;python.exe;9.78;discord.exe;14.38;chrome.exe;2106348245;discord.exe;1452269302;python.exe;866886872;8;50.99;21.32;1780155189;2026-05-29 12:13:09;Friday;771878
SteamData;Porto Alegre;DC-POA01;ZonaB;SRV-WEB-01;61.0385769555973;34359738368;27374142989;79.67;536870912000;432482973879;80.56;42.39;123477;201428;15;195;chrome.exe;39.29;python.exe;5.76;discord.exe;8.84;chrome.exe;3996540996;discord.exe;1056195935;python.exe;507858758;16;69.86;12.92;1779463989;2026-05-29 12:13:09;Friday;842772
SteamData;São Paulo;DC-SP01;ZonaB;SRV-API-01;72.98971164109629;34359738368;13711895364;39.91;536870912000;337245210798;62.82;17.38;59704;229332;23;233;chrome.exe;28.4;python.exe;10.23;discord.exe;14.98;chrome.exe;2775316714;discord.exe;1888566482;python.exe;403557484;16;40.57;20.75;1779204789;2026-05-29 12:33:09;Friday;745223
SteamData;Rio de Janeiro;DC-RJ01;ZonaA;SRV-API-01;92.63248800279047;34359738368;19140654067;55.71;536870912000;289426151607;53.91;53.85;284966;110270;9;183;chrome.exe;30.54;python.exe;15.49;discord.exe;8.63;chrome.exe;1380749143;discord.exe;683102653;python.exe;711866165;16;21.24;9.5;1778599989;2026-05-29 12:33:09;Friday;721565
SteamData;Porto Alegre;DC-POA01;ZonaB;SRV-API-01;35.711206350602325;34359738368;21097630893;61.4;536870912000;385729033644;71.85;42.28;129471;277799;1;362;chrome.exe;38.29;python.exe;12.39;discord.exe;12.19;chrome.exe;1819101478;discord.exe;1547913356;python.exe;382634552;32;64.4;9.58;1777908789;2026-05-29 12:33:09;Friday;620961
SteamData;São Paulo;DC-SP01;ZonaB;SRV-WEB-01;96.133462798064;34359738368;17909612370;52.12;536870912000;248062376723;46.21;76.96;50890;392534;0;385;chrome.exe;36.97;python.exe;6.01;discord.exe;9.87;chrome.exe;2823094008;discord.exe;1621291030;python.exe;721932019;8;44.69;12.92;1779377589;2026-05-29 12:53:09;Friday;616819
SteamData;Rio de Janeiro;DC-RJ01;ZonaB;SRV-DB-01;42.683583911218406;34359738368;20866868717;60.73;536870912000;443016068268;82.52;96.49;271089;156047;0;177;chrome.exe;25.67;python.exe;15.8;discord.exe;2.4;chrome.exe;2768138507;discord.exe;855474491;python.exe;915718781;32;14.19;14.6;1778945589;2026-05-29 12:53:09;Friday;827009
SteamData;Porto Alegre;DC-POA01;ZonaB;SRV-DB-01;49.65008695098318;34359738368;15972773993;46.49;536870912000;326675700573;60.85;116.45;251391;271651;0;207;chrome.exe;19.37;python.exe;21.17;discord.exe;12.57;chrome.exe;1362438466;discord.exe;1121505469;python.exe;613380986;16;59.81;24.22;1777908789;2026-05-29 12:53:09;Friday;869538
SteamData;São Paulo;DC-SP01;ZonaC;SRV-API-01;81.67603656440377;34359738368;22656327234;65.94;536870912000;345290590324;64.32;92.21;164546;351520;27;315;chrome.exe;14.29;python.exe;8.54;discord.exe;7.73;chrome.exe;3695554744;discord.exe;600672437;python.exe;420111150;16;56.06;26.33;1780241589;2026-05-29 13:13:09;Friday;598246
SteamData;Rio de Janeiro;DC-RJ01;ZonaA;SRV-DB-01;60.52938502017731;34359738368;19323800918;56.24;536870912000;328788556243;61.24;78.05;180301;119237;0;161;chrome.exe;12.88;python.exe;20.79;discord.exe;12.81;chrome.exe;1345963883;discord.exe;943298475;python.exe;393199420;32;44.43;29.75;1778772789;2026-05-29 13:13:09;Friday;625833
SteamData;Porto Alegre;DC-POA01;ZonaB;SRV-API-01;45.77370929872796;34359738368;27724223967;80.69;536870912000;409883117827;76.35;33.97;246675;223997;17;155;chrome.exe;18.23;python.exe;12.78;discord.exe;11.39;chrome.exe;2509473715;discord.exe;834905417;python.exe;508368922;32;47.09;8.73;1779118389;2026-05-29 13:13:09;Friday;876490
SteamData;São Paulo;DC-SP01;ZonaA;SRV-API-01;37.100139129753295;34359738368;27948402257;81.34;536870912000;444485277638;82.79;42.97;208089;361323;13;364;chrome.exe;19.63;python.exe;11.02;discord.exe;6.55;chrome.exe;3882253240;discord.exe;1482241749;python.exe;708777718;8;32.99;20.57;1778772789;2026-05-29 13:33:09;Friday;841076
SteamData;Rio de Janeiro;DC-RJ01;ZonaA;SRV-API-01;74.37022446634501;34359738368;15461565911;45.0;536870912000;253115272376;47.15;41.65;91890;74997;17;233;chrome.exe;24.23;python.exe;9.71;discord.exe;9.24;chrome.exe;3536848670;discord.exe;1139672849;python.exe;583141603;8;13.23;10.67;1780241589;2026-05-29 13:33:09;Friday;514907
SteamData;Porto Alegre;DC-POA01;ZonaA;SRV-DB-01;73.6941588275354;34359738368;21347094677;62.13;536870912000;353864756067;65.91;58.14;77148;366752;14;186;chrome.exe;13.28;python.exe;16.19;discord.exe;4.11;chrome.exe;1830685619;discord.exe;1070614599;python.exe;893417709;32;25.54;19.46;1778599989;2026-05-29 13:33:09;Friday;623594
SteamData;São Paulo;DC-SP01;ZonaC;SRV-API-01;66.58851393287928;34359738368;14616553146;42.54;536870912000;428139703572;79.75;28.62;103709;251292;21;364;chrome.exe;37.17;python.exe;21.45;discord.exe;13.29;chrome.exe;2212400985;discord.exe;1992285846;python.exe;847384316;16;67.8;5.24;1778686389;2026-05-29 13:53:09;Friday;566992
SteamData;Rio de Janeiro;DC-RJ01;ZonaB;SRV-DB-01;74.24124169476828;34359738368;15555820113;45.27;536870912000;401323020458;74.75;86.12;190235;201166;23;192;chrome.exe;38.49;python.exe;10.32;discord.exe;4.79;chrome.exe;1288294223;discord.exe;1328129203;python.exe;960946518;16;23.91;20.35;1778427189;2026-05-29 13:53:09;Friday;610972
SteamData;Porto Alegre;DC-POA01;ZonaC;SRV-API-01;65.4648534503967;34359738368;25814982817;75.13;536870912000;296289831329;55.19;41.7;200388;232911;19;367;chrome.exe;17.93;python.exe;9.91;discord.exe;7.47;chrome.exe;3885042562;discord.exe;1639178001;python.exe;749731682;32;59.53;9.47;1779118389;2026-05-29 13:53:09;Friday;822491
SteamData;São Paulo;DC-SP01;ZonaB;SRV-DB-01;65.8010303306594;34359738368;18793977366;54.7;536870912000;358942989292;66.86;48.67;90614;243093;29;345;chrome.exe;20.4;python.exe;22.11;discord.exe;2.59;chrome.exe;2982202927;discord.exe;1984882305;python.exe;612088586;16;38.61;20.23;1780068789;2026-05-29 14:13:09;Friday;575136
SteamData;Rio de Janeiro;DC-RJ01;ZonaC;SRV-API-01;73.13551831045794;34359738368;16627869879;48.39;536870912000;344529628845;64.17;36.37;51053;157947;8;189;chrome.exe;32.46;python.exe;14.06;discord.exe;2.97;chrome.exe;1004976655;discord.exe;911706329;python.exe;476991446;8;42.74;24.36;1777995189;2026-05-29 14:13:09;Friday;673982
SteamData;Porto Alegre;DC-POA01;ZonaC;SRV-API-01;63.110959135539964;34359738368;15768414940;45.89;536870912000;289138113494;53.86;22.35;172950;64110;1;199;chrome.exe;26.46;python.exe;22.33;discord.exe;12.22;chrome.exe;3524071351;discord.exe;582308874;python.exe;497987832;8;26.09;19.54;1779982389;2026-05-29 14:13:09;Friday;809821
SteamData;São Paulo;DC-SP01;ZonaA;SRV-WEB-01;83.40345795378727;34359738368;16057461996;46.73;536870912000;301975611676;56.25;49.19;254784;98426;15;264;chrome.exe;13.14;python.exe;9.18;discord.exe;8.1;chrome.exe;1829751971;discord.exe;1767851572;python.exe;870927328;8;14.04;26.2;1779809589;2026-05-29 14:33:09;Friday;660822
SteamData;Rio de Janeiro;DC-RJ01;ZonaC;SRV-DB-01;92.78106199370724;34359738368;15001093390;43.66;536870912000;256936159938;47.86;102.49;277958;338623;22;370;chrome.exe;18.58;python.exe;21.25;discord.exe;7.8;chrome.exe;2638170339;discord.exe;1178519190;python.exe;389563727;16;32.8;29.4;1778167989;2026-05-29 14:33:09;Friday;832892
SteamData;Porto Alegre;DC-POA01;ZonaA;SRV-WEB-01;57.78961711227803;34359738368;27768890689;80.82;536870912000;381018677578;70.97;108.35;118468;62881;16;219;chrome.exe;26.4;python.exe;14.46;discord.exe;10.79;chrome.exe;3278394334;discord.exe;1273647977;python.exe;910766164;32;50.17;18.38;1778254389;2026-05-29 14:33:09;Friday;715982
SteamData;São Paulo;DC-SP01;ZonaA;SRV-WEB-01;43.177550436309936;34359738368;16765657348;48.79;536870912000;387138580873;72.11;35.81;223612;88166;10;309;chrome.exe;27.25;python.exe;6.91;discord.exe;8.37;chrome.exe;2685340489;discord.exe;897473693;python.exe;490190772;16;30.97;25.07;1779636789;2026-05-29 14:53:09;Friday;766238
SteamData;Rio de Janeiro;DC-RJ01;ZonaA;SRV-WEB-01;42.36376000906954;34359738368;14529668026;42.29;536870912000;240035138743;44.71;87.56;253175;291498;13;336;chrome.exe;19.45;python.exe;5.36;discord.exe;12.98;chrome.exe;3815596156;discord.exe;1917350657;python.exe;900209860;16;34.05;13.27;1779895989;2026-05-29 14:53:09;Friday;895777
SteamData;Porto Alegre;DC-POA01;ZonaC;SRV-API-01;86.06306005781664;34359738368;29622287645;86.21;536870912000;436462999699;81.3;88.74;63521;237465;20;333;chrome.exe;30.85;python.exe;5.11;discord.exe;9.33;chrome.exe;2602554553;discord.exe;1756488944;python.exe;938960216;16;34.4;29.27;1779809589;2026-05-29 14:53:09;Friday;763157
SteamData;São Paulo;DC-SP01;ZonaA;SRV-WEB-01;70.3466564555185;34359738368;16739748962;48.72;536870912000;399421495596;74.4;95.0;76992;246827;23;166;chrome.exe;11.53;python.exe;17.04;discord.exe;5.76;chrome.exe;1029300598;discord.exe;1491595813;python.exe;944879005;16;53.37;20.97;1777735989;2026-05-29 15:13:09;Friday;771936
SteamData;Rio de Janeiro;DC-RJ01;ZonaB;SRV-DB-01;99.0;34359738368;27267909875;79.36;536870912000;438275818103;81.64;97.67;251178;228273;6;165;chrome.exe;39.38;python.exe;6.21;discord.exe;14.72;chrome.exe;3293768326;discord.exe;1628239526;python.exe;547801820;32;31.22;21.73;1778859189;2026-05-29 15:13:09;Friday;759335
SteamData;Porto Alegre;DC-POA01;ZonaB;SRV-API-01;78.99416320293959;34359738368;14335588846;41.72;536870912000;295346529999;55.01;17.93;74438;317143;23;211;chrome.exe;23.56;python.exe;15.84;discord.exe;9.74;chrome.exe;3165239033;discord.exe;1121683565;python.exe;958610323;16;27.48;28.41;1778081589;2026-05-29 15:13:09;Friday;603155
SteamData;São Paulo;DC-SP01;ZonaB;SRV-DB-01;62.28;34359738368;16310665891;47.47;536870912000;262865962401;48.96;31.11;86397;369314;3;365;chrome.exe;11.4;python.exe;19.8;discord.exe;10.66;chrome.exe;1520200672;discord.exe;1899070584;python.exe;927339536;8;31.09;7.95;1777735989;2026-05-29 15:33:09;Friday;814844
SteamData;Rio de Janeiro;DC-RJ01;ZonaC;SRV-WEB-01;71.35;34359738368;29643123569;86.27;536870912000;277561401692;51.7;104.55;243493;315342;3;352;chrome.exe;36.29;python.exe;11.99;discord.exe;4.07;chrome.exe;1855194368;discord.exe;1617289724;python.exe;553201868;32;23.63;5.07;1779031989;2026-05-29 15:33:09;Friday;673880
SteamData;Porto Alegre;DC-POA01;ZonaA;SRV-DB-01;59.37;34359738368;21901524776;63.74;536870912000;254230537830;47.35;31.75;282821;126274;1;176;chrome.exe;16.92;python.exe;22.46;discord.exe;2.66;chrome.exe;2428129642;discord.exe;1410752998;python.exe;679597279;32;37.38;18.87;1778254389;2026-05-29 15:33:09;Friday;559094
SteamData;São Paulo;DC-SP01;ZonaA;SRV-WEB-01;67.92;34359738368;17194155975;50.04;536870912000;341235120351;63.56;13.71;294490;71997;2;368;chrome.exe;32.27;python.exe;17.19;discord.exe;2.62;chrome.exe;1955172167;discord.exe;608939999;python.exe;364581702;32;14.63;26.38;1779377589;2026-05-29 15:53:09;Friday;651559
SteamData;Rio de Janeiro;DC-RJ01;ZonaC;SRV-DB-01;33.4;34359738368;13910595787;40.49;536870912000;308934207424;57.54;93.88;280283;114713;12;200;chrome.exe;20.34;python.exe;19.76;discord.exe;2.98;chrome.exe;3716736739;discord.exe;688778247;python.exe;308240718;16;44.64;18.13;1780241589;2026-05-29 15:53:09;Friday;636428
SteamData;Porto Alegre;DC-POA01;ZonaC;SRV-API-01;50.83;34359738368;19123971977;55.66;536870912000;219763201570;40.93;64.61;178764;95287;10;327;chrome.exe;26.93;python.exe;8.65;discord.exe;6.64;chrome.exe;3296239963;discord.exe;1678443916;python.exe;700768764;32;44.7;22.91;1779118389;2026-05-29 15:53:09;Friday;858378
SteamData;São Paulo;DC-SP01;ZonaA;SRV-DB-01;62.78;34359738368;21485271412;62.53;536870912000;286457429898;53.36;52.68;85907;231800;16;251;chrome.exe;17.03;python.exe;5.36;discord.exe;7.45;chrome.exe;3733386626;discord.exe;1021625566;python.exe;875300771;32;38.3;22.36;1777995189;2026-05-29 16:13:09;Friday;583313
SteamData;Rio de Janeiro;DC-RJ01;ZonaB;SRV-WEB-01;35.83;34359738368;14838931480;43.19;536870912000;290317553712;54.08;83.45;91335;230781;4;173;chrome.exe;35.26;python.exe;16.9;discord.exe;5.92;chrome.exe;3389768342;discord.exe;1130393989;python.exe;691780207;32;61.79;6.31;1778945589;2026-05-29 16:13:09;Friday;576723
SteamData;Porto Alegre;DC-POA01;ZonaC;SRV-API-01;78.95;34359738368;19100519739;55.59;536870912000;262269228083;48.85;28.16;71288;131607;22;297;chrome.exe;38.99;python.exe;6.77;discord.exe;6.2;chrome.exe;2257840840;discord.exe;663255834;python.exe;466064868;32;69.62;25.21;1778772789;2026-05-29 16:13:09;Friday;612386
SteamData;São Paulo;DC-SP01;ZonaC;SRV-WEB-01;88.71;34359738368;18442364296;53.67;536870912000;303037826409;56.45;33.52;200804;119312;19;233;chrome.exe;36.15;python.exe;23.22;discord.exe;5.61;chrome.exe;3702785619;discord.exe;1340896171;python.exe;850470142;8;64.98;23.19;1778513589;2026-05-29 16:33:09;Friday;545957
SteamData;Rio de Janeiro;DC-RJ01;ZonaC;SRV-API-01;93.68;34359738368;17148122892;49.91;536870912000;384047518592;71.53;119.38;119817;204240;16;186;chrome.exe;16.75;python.exe;21.26;discord.exe;8.04;chrome.exe;1579534348;discord.exe;1070837693;python.exe;584298612;16;34.57;29.86;1778599989;2026-05-29 16:33:09;Friday;757940
SteamData;Porto Alegre;DC-POA01;ZonaB;SRV-DB-01;46.2;34359738368;22829984797;66.44;536870912000;251022746923;46.76;116.7;228119;63630;6;152;chrome.exe;20.63;python.exe;15.24;discord.exe;3.53;chrome.exe;3241704668;discord.exe;1354974109;python.exe;965095102;8;46.0;5.38;1778254389;2026-05-29 16:33:09;Friday;768410
SteamData;São Paulo;DC-SP01;ZonaC;SRV-DB-01;83.11;34359738368;24357487736;70.89;536870912000;439231343429;81.81;23.87;64420;127019;4;231;chrome.exe;18.08;python.exe;14.25;discord.exe;2.11;chrome.exe;3609650152;discord.exe;1411547975;python.exe;957491700;32;56.44;19.76;1779118389;2026-05-29 16:53:09;Friday;829398
SteamData;Rio de Janeiro;DC-RJ01;ZonaA;SRV-API-01;82.64;34359738368;25019126155;72.82;536870912000;280010592756;52.16;118.73;247620;380249;7;324;chrome.exe;27.89;python.exe;10.08;discord.exe;7.49;chrome.exe;2624139598;discord.exe;1848047401;python.exe;402700263;32;26.54;7.83;1779118389;2026-05-29 16:53:09;Friday;854939
SteamData;Porto Alegre;DC-POA01;ZonaA;SRV-WEB-01;57.03;34359738368;22924640195;66.72;536870912000;415195082948;77.34;17.45;120689;82807;11;335;chrome.exe;13.68;python.exe;9.52;discord.exe;4.89;chrome.exe;2935010516;discord.exe;1930072590;python.exe;705618669;16;65.75;23.79;1778340789;2026-05-29 16:53:09;Friday;744370
SteamData;São Paulo;DC-SP01;ZonaB;SRV-WEB-01;87.94;34359738368;14489558428;42.17;536870912000;359445119129;66.95;38.8;244418;64791;0;191;chrome.exe;11.65;python.exe;22.83;discord.exe;14.52;chrome.exe;3032331386;discord.exe;755360653;python.exe;598106442;16;49.51;12.84;1779636789;2026-05-29 17:13:09;Friday;536083
SteamData;Rio de Janeiro;DC-RJ01;ZonaA;SRV-API-01;63.93;34359738368;14391861248;41.89;536870912000;263037579095;48.99;92.38;146810;279400;9;365;chrome.exe;35.28;python.exe;13.68;discord.exe;5.15;chrome.exe;2732635921;discord.exe;1826403040;python.exe;341959739;32;18.26;5.56;1779031989;2026-05-29 17:13:09;Friday;565494
SteamData;Porto Alegre;DC-POA01;ZonaB;SRV-API-01;89.19;34359738368;27369866152;79.66;536870912000;355814531250;66.28;35.85;79648;149429;12;270;chrome.exe;17.06;python.exe;14.58;discord.exe;11.09;chrome.exe;3297955715;discord.exe;535607961;python.exe;492156880;32;59.08;27.36;1777908789;2026-05-29 17:13:09;Friday;805612
SteamData;São Paulo;DC-SP01;ZonaA;SRV-WEB-01;72.37;34359738368;26703068977;77.72;536870912000;223115135860;41.56;56.61;221603;74584;18;267;chrome.exe;36.89;python.exe;12.8;discord.exe;14.13;chrome.exe;2476323026;discord.exe;782251774;python.exe;824832211;32;13.03;17.34;1780155189;2026-05-29 17:33:09;Friday;628844
SteamData;Rio de Janeiro;DC-RJ01;ZonaB;SRV-API-01;42.43;34359738368;29064454759;84.59;536870912000;265196264631;49.4;83.88;226493;63827;29;322;chrome.exe;19.15;python.exe;24.07;discord.exe;3.92;chrome.exe;2567698182;discord.exe;1402580333;python.exe;562685655;8;37.85;15.8;1779982389;2026-05-29 17:33:09;Friday;663243
SteamData;Porto Alegre;DC-POA01;ZonaB;SRV-DB-01;31.34;34359738368;23217858157;67.57;536870912000;241068733170;44.9;48.84;180420;300087;20;377;chrome.exe;30.97;python.exe;24.29;discord.exe;9.18;chrome.exe;2418336497;discord.exe;1375325504;python.exe;387176188;16;12.02;18.75;1778772789;2026-05-29 17:33:09;Friday;704987
SteamData;São Paulo;DC-SP01;ZonaA;SRV-WEB-01;84.05;34359738368;24660074057;71.77;536870912000;268148922203;49.95;60.07;90541;57182;21;219;chrome.exe;24.64;python.exe;11.15;discord.exe;2.54;chrome.exe;2481971607;discord.exe;1472257212;python.exe;735236772;32;29.47;7.5;1778427189;2026-05-29 17:53:09;Friday;880810
SteamData;Rio de Janeiro;DC-RJ01;ZonaC;SRV-DB-01;73.15;34359738368;28514419910;82.99;536870912000;262699375734;48.93;98.08;208981;209847;17;184;chrome.exe;34.63;python.exe;16.96;discord.exe;12.18;chrome.exe;3814133168;discord.exe;984034879;python.exe;742241902;16;35.82;15.94;1778254389;2026-05-29 17:53:09;Friday;643336
SteamData;Porto Alegre;DC-POA01;ZonaC;SRV-DB-01;32.33;34359738368;18787497806;54.68;536870912000;386919321459;72.07;89.46;124615;284983;6;232;chrome.exe;12.05;python.exe;9.17;discord.exe;6.83;chrome.exe;2018111077;discord.exe;1209857878;python.exe;968136117;8;57.14;14.27;1778513589;2026-05-29 17:53:09;Friday;863452
SteamData;São Paulo;DC-SP01;ZonaA;SRV-DB-01;78.7;34359738368;24594748605;71.58;536870912000;370864995795;69.08;11.46;63176;260454;9;200;chrome.exe;17.75;python.exe;12.09;discord.exe;9.65;chrome.exe;1366502068;discord.exe;1246124392;python.exe;396302999;16;27.86;18.69;1779291189;2026-05-29 18:13:09;Friday;511471
SteamData;Rio de Janeiro;DC-RJ01;ZonaB;SRV-WEB-01;71.55;34359738368;26457128498;77.0;536870912000;382696126592;71.28;111.42;186524;292958;9;154;chrome.exe;25.8;python.exe;15.29;discord.exe;2.42;chrome.exe;2546333595;discord.exe;1553106354;python.exe;734452589;32;63.68;6.68;1779204789;2026-05-29 18:13:09;Friday;858156
SteamData;Porto Alegre;DC-POA01;ZonaB;SRV-DB-01;52.6;34359738368;15794736788;45.97;536870912000;251405321580;46.83;95.59;176650;73002;24;358;chrome.exe;31.08;python.exe;16.51;discord.exe;3.43;chrome.exe;2641555001;discord.exe;694735412;python.exe;559681943;8;10.29;16.92;1778513589;2026-05-29 18:13:09;Friday;729162
SteamData;São Paulo;DC-SP01;ZonaC;SRV-WEB-01;37.59;34359738368;19206842225;55.9;536870912000;443303647529;82.57;112.45;265666;336442;11;395;chrome.exe;16.05;python.exe;12.23;discord.exe;7.23;chrome.exe;2594233409;discord.exe;835372845;python.exe;302005432;32;63.47;27.99;1779463989;2026-05-29 18:33:09;Friday;533387
SteamData;Rio de Janeiro;DC-RJ01;ZonaA;SRV-API-01;26.5;34359738368;24773077342;72.1;536870912000;377495531955;70.31;45.17;247926;214559;27;334;chrome.exe;35.6;python.exe;15.32;discord.exe;9.07;chrome.exe;1794427796;discord.exe;969169391;python.exe;867688422;16;59.14;21.03;1779982389;2026-05-29 18:33:09;Friday;618096
SteamData;Porto Alegre;DC-POA01;ZonaB;SRV-WEB-01;71.4;34359738368;24734394508;71.99;536870912000;258592239236;48.17;39.77;149011;87021;11;303;chrome.exe;33.43;python.exe;24.25;discord.exe;8.0;chrome.exe;2250613241;discord.exe;847224869;python.exe;502817340;16;39.13;22.18;1778513589;2026-05-29 18:33:09;Friday;502782
SteamData;São Paulo;DC-SP01;ZonaB;SRV-API-01;26.54;34359738368;20037332255;58.32;536870912000;321064604367;59.8;76.85;247591;164981;22;387;chrome.exe;34.44;python.exe;12.72;discord.exe;12.31;chrome.exe;2513678997;discord.exe;938930569;python.exe;529415267;8;15.74;9.24;1779291189;2026-05-29 18:53:09;Friday;525563
SteamData;Rio de Janeiro;DC-RJ01;ZonaB;SRV-WEB-01;67.41;34359738368;24802375856;72.18;536870912000;405959598699;75.62;114.85;233885;298850;5;391;chrome.exe;36.15;python.exe;21.35;discord.exe;7.64;chrome.exe;2725210001;discord.exe;921370372;python.exe;452887961;16;35.77;27.6;1778859189;2026-05-29 18:53:09;Friday;573214
SteamData;Porto Alegre;DC-POA01;ZonaC;SRV-WEB-01;34.54;34359738368;20343281441;59.21;536870912000;371133916040;69.13;99.32;97399;327031;28;284;chrome.exe;28.23;python.exe;16.92;discord.exe;5.03;chrome.exe;1244520969;discord.exe;553369131;python.exe;894183069;8;12.37;21.19;1778945589;2026-05-29 18:53:09;Friday;529776
SteamData;São Paulo;DC-SP01;ZonaB;SRV-API-01;56.3;34359738368;20810707906;60.57;536870912000;265984427534;49.54;72.57;256581;81362;8;215;chrome.exe;27.15;python.exe;16.32;discord.exe;2.87;chrome.exe;2655487276;discord.exe;1751171106;python.exe;456007419;32;65.99;22.77;1778945589;2026-05-29 19:13:09;Friday;814107
SteamData;Rio de Janeiro;DC-RJ01;ZonaB;SRV-DB-01;39.76;34359738368;14469503405;42.11;536870912000;447400668383;83.33;88.47;206000;377595;7;196;chrome.exe;32.84;python.exe;13.56;discord.exe;10.75;chrome.exe;3212714476;discord.exe;1460411696;python.exe;656875146;16;40.41;14.64;1779809589;2026-05-29 19:13:09;Friday;788234
SteamData;Porto Alegre;DC-POA01;ZonaC;SRV-DB-01;70.32;34359738368;13367558574;38.9;536870912000;293178056853;54.61;22.4;208802;234537;3;393;chrome.exe;37.24;python.exe;20.53;discord.exe;11.92;chrome.exe;3543527290;discord.exe;732465371;python.exe;852813694;8;10.44;28.72;1778599989;2026-05-29 19:13:09;Friday;793463
SteamData;São Paulo;DC-SP01;ZonaC;SRV-API-01;31.61;34359738368;23627449713;68.76;536870912000;300530034903;55.98;95.37;136166;337423;14;312;chrome.exe;18.88;python.exe;21.82;discord.exe;9.55;chrome.exe;3663917723;discord.exe;1365319102;python.exe;509421352;32;59.48;5.33;1779809589;2026-05-29 19:33:09;Friday;790589
SteamData;Rio de Janeiro;DC-RJ01;ZonaB;SRV-DB-01;38.82;34359738368;21198993398;61.7;536870912000;269348351250;50.17;37.54;167144;360310;8;241;chrome.exe;34.21;python.exe;22.09;discord.exe;6.99;chrome.exe;2065700419;discord.exe;1669099731;python.exe;945720649;32;38.04;12.55;1779463989;2026-05-29 19:33:09;Friday;603501
SteamData;Porto Alegre;DC-POA01;ZonaA;SRV-WEB-01;58.04;34359738368;18334030713;53.36;536870912000;401495856106;74.78;66.14;271623;272798;9;379;chrome.exe;30.1;python.exe;21.51;discord.exe;13.87;chrome.exe;2134660375;discord.exe;1347826502;python.exe;655800051;8;14.66;27.55;1779204789;2026-05-29 19:33:09;Friday;606281
SteamData;São Paulo;DC-SP01;ZonaA;SRV-DB-01;94.67;34359738368;16245804627;47.28;536870912000;416463930656;77.57;33.65;121472;249554;19;212;chrome.exe;24.99;python.exe;14.05;discord.exe;13.58;chrome.exe;1753062426;discord.exe;1217008079;python.exe;949132786;8;32.57;19.73;1779291189;2026-05-29 19:53:09;Friday;712814
SteamData;Rio de Janeiro;DC-RJ01;ZonaC;SRV-DB-01;44.8;34359738368;25815194583;75.13;536870912000;307998030801;57.37;102.56;263688;106469;21;269;chrome.exe;32.65;python.exe;20.08;discord.exe;4.78;chrome.exe;2857895218;discord.exe;1598823036;python.exe;317414414;16;34.22;27.54;1777735989;2026-05-29 19:53:09;Friday;568109
SteamData;Porto Alegre;DC-POA01;ZonaB;SRV-API-01;83.08;34359738368;19965939802;58.11;536870912000;352811617612;65.72;70.19;249923;271690;16;358;chrome.exe;18.14;python.exe;13.75;discord.exe;7.74;chrome.exe;2036501686;discord.exe;1569862738;python.exe;626309385;8;15.77;6.05;1777735989;2026-05-29 19:53:09;Friday;503726
SteamData;São Paulo;DC-SP01;ZonaA;SRV-DB-01;80.0;34359738368;22701707101;66.07;536870912000;242406139363;45.15;36.32;232852;124556;19;344;chrome.exe;16.6;python.exe;13.66;discord.exe;9.95;chrome.exe;1012770647;discord.exe;681900188;python.exe;718155060;16;58.76;14.56;1778945589;2026-05-29 20:13:09;Friday;557836
SteamData;Rio de Janeiro;DC-RJ01;ZonaA;SRV-WEB-01;42.28;34359738368;28454780755;82.81;536870912000;267257045768;49.78;34.02;258117;105647;5;284;chrome.exe;30.91;python.exe;8.35;discord.exe;10.47;chrome.exe;2308032814;discord.exe;1176298478;python.exe;804312334;8;20.5;24.52;1778340789;2026-05-29 20:13:09;Friday;788508
SteamData;Porto Alegre;DC-POA01;ZonaC;SRV-API-01;78.53;34359738368;18935081369;55.11;536870912000;229000566302;42.65;79.02;146351;240868;20;185;chrome.exe;19.67;python.exe;14.39;discord.exe;13.6;chrome.exe;1900591529;discord.exe;868401391;python.exe;604541055;16;68.63;26.69;1779895989;2026-05-29 20:13:09;Friday;646365
SteamData;São Paulo;DC-SP01;ZonaC;SRV-API-01;58.67;34359738368;18442601368;53.68;536870912000;287050831531;53.47;77.53;276812;126866;14;226;chrome.exe;19.93;python.exe;5.7;discord.exe;11.78;chrome.exe;1522333450;discord.exe;1204766683;python.exe;385656497;32;17.87;25.96;1779377589;2026-05-29 20:33:09;Friday;808921
SteamData;Rio de Janeiro;DC-RJ01;ZonaB;SRV-API-01;37.4;34359738368;20659989702;60.13;536870912000;341185568503;63.55;35.48;185232;169466;13;390;chrome.exe;20.16;python.exe;21.84;discord.exe;5.76;chrome.exe;2621099127;discord.exe;1742322758;python.exe;406932191;8;62.0;26.48;1778859189;2026-05-29 20:33:09;Friday;861452
SteamData;Porto Alegre;DC-POA01;ZonaC;SRV-DB-01;91.05;34359738368;13870861500;40.37;536870912000;406160899433;75.65;94.16;249886;324836;7;197;chrome.exe;28.18;python.exe;21.68;discord.exe;3.83;chrome.exe;2950753823;discord.exe;1006803423;python.exe;825914560;8;14.22;29.41;1779377589;2026-05-29 20:33:09;Friday;762236
SteamData;São Paulo;DC-SP01;ZonaC;SRV-DB-01;31.0;34359738368;12400218112;36.09;536870912000;383075373369;71.35;97.55;105002;280259;2;314;chrome.exe;14.5;python.exe;21.84;discord.exe;2.49;chrome.exe;3721115141;discord.exe;1237593760;python.exe;633092909;8;51.95;19.8;1777908789;2026-05-29 20:53:09;Friday;604350
SteamData;Rio de Janeiro;DC-RJ01;ZonaB;SRV-API-01;51.93;34359738368;25057546639;72.93;536870912000;302216267903;56.29;62.36;123163;266870;19;232;chrome.exe;12.05;python.exe;9.53;discord.exe;11.71;chrome.exe;2403789124;discord.exe;1095094133;python.exe;607151624;32;59.96;8.06;1779463989;2026-05-29 20:53:09;Friday;779318
SteamData;Porto Alegre;DC-POA01;ZonaC;SRV-API-01;34.44;34359738368;26351893963;76.69;536870912000;282323720851;52.59;96.47;162594;353647;24;361;chrome.exe;24.84;python.exe;10.43;discord.exe;12.57;chrome.exe;3908568889;discord.exe;1765465560;python.exe;967316907;16;55.68;16.53;1778427189;2026-05-29 20:53:09;Friday;896192
SteamData;São Paulo;DC-SP01;ZonaA;SRV-DB-01;76.36;34359738368;12363785892;35.98;536870912000;421427019752;78.5;99.58;174132;297246;0;371;chrome.exe;13.91;python.exe;8.27;discord.exe;14.29;chrome.exe;2881243730;discord.exe;679326772;python.exe;368586880;32;68.48;17.77;1779809589;2026-05-29 21:13:09;Friday;699726
SteamData;Rio de Janeiro;DC-RJ01;ZonaA;SRV-DB-01;92.43;34359738368;22921521596;66.71;536870912000;367947027160;68.54;78.29;270720;99972;9;156;chrome.exe;11.93;python.exe;12.84;discord.exe;10.61;chrome.exe;1164473774;discord.exe;1009800912;python.exe;603193650;16;68.78;6.19;1778254389;2026-05-29 21:13:09;Friday;551237
SteamData;Porto Alegre;DC-POA01;ZonaA;SRV-WEB-01;84.1;34359738368;27526345029;80.11;536870912000;374998639668;69.85;24.6;157430;278371;28;237;chrome.exe;15.19;python.exe;8.73;discord.exe;6.39;chrome.exe;3442012585;discord.exe;1296736010;python.exe;641179436;16;22.91;20.82;1779809589;2026-05-29 21:13:09;Friday;760575
SteamData;São Paulo;DC-SP01;ZonaA;SRV-DB-01;71.03;34359738368;22441846273;65.31;536870912000;203850042117;37.97;91.85;191679;223951;23;376;chrome.exe;22.46;python.exe;10.71;discord.exe;6.51;chrome.exe;2402513072;discord.exe;1168389125;python.exe;755061029;32;51.79;7.39;1779982389;2026-05-29 21:33:09;Friday;579589
SteamData;Rio de Janeiro;DC-RJ01;ZonaC;SRV-API-01;94.66;34359738368;24273988987;70.65;536870912000;299003705379;55.69;97.68;283469;158036;14;367;chrome.exe;31.2;python.exe;17.28;discord.exe;13.59;chrome.exe;1313578121;discord.exe;596522571;python.exe;460690074;32;53.48;11.76;1778081589;2026-05-29 21:33:09;Friday;775783
SteamData;Porto Alegre;DC-POA01;ZonaC;SRV-DB-01;52.03;34359738368;28545213398;83.08;536870912000;276437743628;51.49;56.18;179975;358893;3;189;chrome.exe;36.41;python.exe;17.7;discord.exe;5.55;chrome.exe;2281312176;discord.exe;1782146358;python.exe;381823875;8;12.86;17.89;1779636789;2026-05-29 21:33:09;Friday;599426
SteamData;São Paulo;DC-SP01;ZonaB;SRV-DB-01;64.87;34359738368;15850705836;46.13;536870912000;411330782471;76.62;11.81;285900;249255;29;233;chrome.exe;36.74;python.exe;18.28;discord.exe;5.49;chrome.exe;2825200550;discord.exe;511390134;python.exe;440940174;8;22.98;16.32;1777735989;2026-05-29 21:53:09;Friday;687088
SteamData;Rio de Janeiro;DC-RJ01;ZonaC;SRV-API-01;65.64;34359738368;23698628942;68.97;536870912000;276596038873;51.52;77.05;116833;98415;9;308;chrome.exe;26.18;python.exe;9.43;discord.exe;8.23;chrome.exe;1882566165;discord.exe;554544133;python.exe;632955686;32;69.89;28.17;1778859189;2026-05-29 21:53:09;Friday;758065
SteamData;Porto Alegre;DC-POA01;ZonaB;SRV-API-01;27.06;34359738368;28109465244;81.81;536870912000;375825036545;70.0;19.05;145016;242014;26;344;chrome.exe;15.72;python.exe;19.8;discord.exe;4.76;chrome.exe;2960535111;discord.exe;865372848;python.exe;515848983;32;32.52;10.4;1780068789;2026-05-29 21:53:09;Friday;612526
SteamData;São Paulo;DC-SP01;ZonaB;SRV-WEB-01;30.51;34359738368;18857821758;54.88;536870912000;210764378841;39.26;107.51;125316;345842;22;397;chrome.exe;22.26;python.exe;11.33;discord.exe;13.21;chrome.exe;1114050448;discord.exe;929707276;python.exe;329387034;16;61.44;27.98;1777908789;2026-05-29 22:13:09;Friday;640371
SteamData;Rio de Janeiro;DC-RJ01;ZonaB;SRV-DB-01;69.28;34359738368;18127133629;52.76;536870912000;246058435090;45.83;109.98;178316;185960;21;365;chrome.exe;39.51;python.exe;7.19;discord.exe;3.11;chrome.exe;1376945125;discord.exe;583616881;python.exe;587625900;8;14.86;15.91;1779723189;2026-05-29 22:13:09;Friday;765827
SteamData;Porto Alegre;DC-POA01;ZonaA;SRV-DB-01;51.76;34359738368;12670845048;36.88;536870912000;291621513107;54.32;96.21;264785;132506;11;181;chrome.exe;35.77;python.exe;10.51;discord.exe;5.68;chrome.exe;2599674739;discord.exe;948278394;python.exe;510813662;8;68.16;13.33;1780068789;2026-05-29 22:13:09;Friday;529535
SteamData;São Paulo;DC-SP01;ZonaB;SRV-WEB-01;27.76;34359738368;14233216020;41.42;536870912000;277614839755;51.71;39.98;207539;223695;18;372;chrome.exe;15.88;python.exe;21.83;discord.exe;11.53;chrome.exe;2947142029;discord.exe;768940267;python.exe;311389062;8;19.56;15.87;1780241589;2026-05-29 22:33:09;Friday;795656
SteamData;Rio de Janeiro;DC-RJ01;ZonaB;SRV-WEB-01;79.07;34359738368;22995880143;66.93;536870912000;202371897171;37.69;38.82;268029;294348;21;294;chrome.exe;19.19;python.exe;10.84;discord.exe;8.43;chrome.exe;3551691903;discord.exe;1366807217;python.exe;440535026;16;23.68;28.17;1780241589;2026-05-29 22:33:09;Friday;882955
SteamData;Porto Alegre;DC-POA01;ZonaC;SRV-WEB-01;38.98;34359738368;20412833211;59.41;536870912000;447215707356;83.3;115.38;132013;59189;27;245;chrome.exe;38.07;python.exe;18.89;discord.exe;12.61;chrome.exe;2333229090;discord.exe;1334603821;python.exe;989298978;32;68.14;21.06;1779204789;2026-05-29 22:33:09;Friday;600921
SteamData;São Paulo;DC-SP01;ZonaA;SRV-DB-01;87.52;34359738368;21349660424;62.14;536870912000;387730925056;72.22;117.76;277694;90330;29;357;chrome.exe;39.91;python.exe;5.47;discord.exe;5.06;chrome.exe;2029460606;discord.exe;1911371879;python.exe;576203519;16;35.98;22.97;1779291189;2026-05-29 22:53:09;Friday;581604
SteamData;Rio de Janeiro;DC-RJ01;ZonaA;SRV-API-01;42.61;34359738368;19745945999;57.47;536870912000;418120887659;77.88;84.83;50928;385454;13;361;chrome.exe;19.03;python.exe;14.81;discord.exe;13.31;chrome.exe;1183909635;discord.exe;1766674091;python.exe;857518988;8;46.8;29.17;1777822389;2026-05-29 22:53:09;Friday;747623
SteamData;Porto Alegre;DC-POA01;ZonaC;SRV-API-01;85.99;34359738368;17507481609;50.95;536870912000;229014210043;42.66;31.5;71689;159774;1;272;chrome.exe;10.79;python.exe;15.26;discord.exe;2.99;chrome.exe;2947227320;discord.exe;1422644260;python.exe;572966461;8;16.33;14.27;1780068789;2026-05-29 22:53:09;Friday;795254
SteamData;São Paulo;DC-SP01;ZonaC;SRV-WEB-01;55.27;34359738368;24364314398;70.91;536870912000;304802230511;56.77;48.5;96410;217699;6;270;chrome.exe;35.83;python.exe;24.44;discord.exe;4.57;chrome.exe;2840204454;discord.exe;1254912504;python.exe;671131905;8;10.11;16.84;1780068789;2026-05-29 23:13:09;Friday;544439
SteamData;Rio de Janeiro;DC-RJ01;ZonaB;SRV-WEB-01;92.19;34359738368;13583349976;39.53;536870912000;417678391128;77.8;68.64;201889;248618;26;383;chrome.exe;39.49;python.exe;19.18;discord.exe;10.71;chrome.exe;3226107846;discord.exe;548921804;python.exe;788555935;16;28.32;25.86;1779550389;2026-05-29 23:13:09;Friday;644805
SteamData;Porto Alegre;DC-POA01;ZonaA;SRV-DB-01;84.51;34359738368;17798109936;51.8;536870912000;281076700849;52.35;108.9;142463;131065;21;361;chrome.exe;23.63;python.exe;24.11;discord.exe;7.53;chrome.exe;2814972447;discord.exe;1173296842;python.exe;424098544;16;52.96;11.93;1777735989;2026-05-29 23:13:09;Friday;852440
SteamData;São Paulo;DC-SP01;ZonaC;SRV-WEB-01;91.24;34359738368;22749822221;66.21;536870912000;337192064039;62.81;102.46;182778;368861;20;298;chrome.exe;32.36;python.exe;14.11;discord.exe;9.66;chrome.exe;1514210556;discord.exe;1340677967;python.exe;691972309;32;24.57;29.96;1779377589;2026-05-29 23:33:09;Friday;816162
SteamData;Rio de Janeiro;DC-RJ01;ZonaC;SRV-DB-01;33.75;34359738368;27880093903;81.14;536870912000;237400030680;44.22;76.07;280873;93200;29;272;chrome.exe;36.83;python.exe;16.07;discord.exe;13.21;chrome.exe;3389698978;discord.exe;1001016779;python.exe;610172108;8;69.06;5.38;1779204789;2026-05-29 23:33:09;Friday;868603
SteamData;Porto Alegre;DC-POA01;ZonaB;SRV-DB-01;42.99;34359738368;28261558172;82.25;536870912000;397513418071;74.04;107.37;147492;151546;20;166;chrome.exe;39.89;python.exe;24.26;discord.exe;14.17;chrome.exe;2875941975;discord.exe;1554361799;python.exe;371255620;8;31.78;18.54;1778772789;2026-05-29 23:33:09;Friday;872425
SteamData;São Paulo;DC-SP01;ZonaC;SRV-API-01;37.39;34359738368;18598486624;54.13;536870912000;364613391253;67.91;88.73;75870;191403;30;220;chrome.exe;19.51;python.exe;22.23;discord.exe;13.98;chrome.exe;1636613701;discord.exe;1524751087;python.exe;633886344;8;46.31;16.26;1779463989;2026-05-29 23:53:09;Friday;873554
SteamData;Rio de Janeiro;DC-RJ01;ZonaB;SRV-WEB-01;77.21;34359738368;17689234459;51.48;536870912000;415891657979;77.47;76.28;91658;177564;20;358;chrome.exe;17.44;python.exe;20.75;discord.exe;2.3;chrome.exe;3422437307;discord.exe;899813197;python.exe;830150613;32;68.75;11.09;1778945589;2026-05-29 23:53:09;Friday;855651
SteamData;Porto Alegre;DC-POA01;ZonaB;SRV-DB-01;47.64;34359738368;14390852006;41.88;536870912000;350787791026;65.34;18.43;180651;121447;18;198;chrome.exe;30.76;python.exe;12.98;discord.exe;8.41;chrome.exe;3806717412;discord.exe;1901607991;python.exe;660774347;16;59.44;20.15;1780068789;2026-05-29 23:53:09;Friday;738217
SteamData;São Paulo;DC-SP01;ZonaB;SRV-WEB-01;42.85;34359738368;23278294359;67.75;536870912000;411478767023;76.64;113.63;173713;321667;23;257;chrome.exe;37.64;python.exe;24.65;discord.exe;6.58;chrome.exe;2396447345;discord.exe;839925398;python.exe;711132277;8;60.64;10.16;1779723189;2026-05-30 00:13:09;Saturday;510438
SteamData;Rio de Janeiro;DC-RJ01;ZonaB;SRV-API-01;52.51;34359738368;20633868061;60.05;536870912000;222693587428;41.48;22.18;214890;113074;24;378;chrome.exe;16.42;python.exe;7.25;discord.exe;14.58;chrome.exe;2548866054;discord.exe;1232606073;python.exe;706793870;8;59.66;8.2;1779723189;2026-05-30 00:13:09;Saturday;519673
SteamData;Porto Alegre;DC-POA01;ZonaC;SRV-API-01;82.67;34359738368;13358540842;38.88;536870912000;292894207537;54.56;14.46;88884;209890;26;311;chrome.exe;31.96;python.exe;21.29;discord.exe;7.05;chrome.exe;2586177589;discord.exe;1462514643;python.exe;792523654;16;16.49;21.15;1779377589;2026-05-30 00:13:09;Saturday;695966
SteamData;São Paulo;DC-SP01;ZonaA;SRV-DB-01;59.86;34359738368;29564067818;86.04;536870912000;217654632029;40.54;36.81;137949;310777;7;383;chrome.exe;14.79;python.exe;5.87;discord.exe;13.42;chrome.exe;3683876119;discord.exe;1317854851;python.exe;958694775;8;27.57;26.39;1779809589;2026-05-30 00:33:09;Saturday;658641
SteamData;Rio de Janeiro;DC-RJ01;ZonaB;SRV-WEB-01;47.23;34359738368;16226444388;47.23;536870912000;262420508840;48.88;51.54;117526;382530;19;353;chrome.exe;15.74;python.exe;23.9;discord.exe;2.68;chrome.exe;1734615499;discord.exe;1593041903;python.exe;529249284;32;18.58;13.52;1779636789;2026-05-30 00:33:09;Saturday;619127
SteamData;Porto Alegre;DC-POA01;ZonaB;SRV-WEB-01;53.96;34359738368;15523931313;45.18;536870912000;421956447611;78.6;71.18;251691;83500;15;215;chrome.exe;33.63;python.exe;10.03;discord.exe;8.99;chrome.exe;3532859114;discord.exe;1872572897;python.exe;785428847;16;46.3;12.17;1778772789;2026-05-30 00:33:09;Saturday;895834
SteamData;São Paulo;DC-SP01;ZonaB;SRV-API-01;72.9;34359738368;29809246116;86.76;536870912000;389865071071;72.62;99.93;203226;267364;7;211;chrome.exe;31.15;python.exe;12.34;discord.exe;9.29;chrome.exe;3215275589;discord.exe;1252320648;python.exe;762969779;8;53.41;15.88;1779636789;2026-05-30 00:53:09;Saturday;551462
SteamData;Rio de Janeiro;DC-RJ01;ZonaA;SRV-API-01;75.5;34359738368;20004935165;58.22;536870912000;291469004153;54.29;16.5;124517;295471;13;244;chrome.exe;26.07;python.exe;5.15;discord.exe;11.35;chrome.exe;3889136367;discord.exe;1138355443;python.exe;660348612;16;28.59;29.6;1779377589;2026-05-30 00:53:09;Saturday;899317
SteamData;Porto Alegre;DC-POA01;ZonaC;SRV-WEB-01;28.46;34359738368;29058810781;84.57;536870912000;202712945488;37.76;88.17;125373;321377;0;380;chrome.exe;15.97;python.exe;24.54;discord.exe;13.24;chrome.exe;1315574978;discord.exe;1294265832;python.exe;511292869;8;29.37;27.44;1779723189;2026-05-30 00:53:09;Saturday;895155
SteamData;São Paulo;DC-SP01;ZonaC;SRV-WEB-01;58.59;34359738368;13291070043;38.68;536870912000;343238219796;63.93;105.79;139491;181135;28;312;chrome.exe;13.69;python.exe;7.94;discord.exe;6.31;chrome.exe;2238282342;discord.exe;703624270;python.exe;694036981;8;17.93;21.52;1779809589;2026-05-30 01:13:09;Saturday;711565
SteamData;Rio de Janeiro;DC-RJ01;ZonaA;SRV-WEB-01;85.02;34359738368;15392772974;44.8;536870912000;406612736183;75.74;84.7;108559;317182;18;377;chrome.exe;23.9;python.exe;12.53;discord.exe;5.64;chrome.exe;2179818488;discord.exe;1974995509;python.exe;377579841;32;54.42;29.82;1780155189;2026-05-30 01:13:09;Saturday;564494
SteamData;Porto Alegre;DC-POA01;ZonaC;SRV-DB-01;66.8;34359738368;17327936827;50.43;536870912000;218356296744;40.67;89.95;63209;113228;7;340;chrome.exe;38.35;python.exe;15.81;discord.exe;8.4;chrome.exe;3040370790;discord.exe;953932350;python.exe;303195511;16;68.2;28.73;1779291189;2026-05-30 01:13:09;Saturday;776223
SteamData;São Paulo;DC-SP01;ZonaA;SRV-API-01;51.03;34359738368;22708409840;66.09;536870912000;280293085034;52.21;14.33;116098;390755;19;327;chrome.exe;27.93;python.exe;21.28;discord.exe;7.15;chrome.exe;3170571301;discord.exe;1380237134;python.exe;382658077;32;66.56;20.96;1777995189;2026-05-30 01:33:09;Saturday;899088
SteamData;Rio de Janeiro;DC-RJ01;ZonaC;SRV-WEB-01;74.15;34359738368;23030450406;67.03;536870912000;402031796074;74.88;12.32;267545;94351;5;334;chrome.exe;15.68;python.exe;14.64;discord.exe;5.84;chrome.exe;1652798256;discord.exe;1121033446;python.exe;695966563;16;67.8;18.84;1777995189;2026-05-30 01:33:09;Saturday;832455
SteamData;Porto Alegre;DC-POA01;ZonaA;SRV-DB-01;76.63;34359738368;23363752215;68.0;536870912000;343011357946;63.89;49.56;128120;222621;21;295;chrome.exe;10.25;python.exe;22.77;discord.exe;8.17;chrome.exe;1802647309;discord.exe;1270966712;python.exe;885640343;8;64.84;14.62;1778859189;2026-05-30 01:33:09;Saturday;507686
SteamData;São Paulo;DC-SP01;ZonaC;SRV-API-01;60.48;34359738368;27212832393;79.2;536870912000;346505093433;64.54;109.09;206420;305792;8;395;chrome.exe;12.98;python.exe;6.38;discord.exe;11.42;chrome.exe;1654652722;discord.exe;1180786090;python.exe;947514034;32;12.84;17.32;1780241589;2026-05-30 01:53:09;Saturday;734523
SteamData;Rio de Janeiro;DC-RJ01;ZonaB;SRV-API-01;88.72;34359738368;25726122859;74.87;536870912000;385721606111;71.85;75.24;101186;335433;13;172;chrome.exe;14.49;python.exe;19.87;discord.exe;11.68;chrome.exe;1213568809;discord.exe;1081445564;python.exe;901524079;16;18.25;20.24;1778167989;2026-05-30 01:53:09;Saturday;658564
SteamData;Porto Alegre;DC-POA01;ZonaA;SRV-WEB-01;80.96;34359738368;15562413893;45.29;536870912000;246952128069;46.0;13.5;226886;393013;1;211;chrome.exe;38.55;python.exe;6.62;discord.exe;8.08;chrome.exe;1925677448;discord.exe;1290237587;python.exe;664878862;32;56.88;10.74;1779550389;2026-05-30 01:53:09;Saturday;553935
SteamData;São Paulo;DC-SP01;ZonaB;SRV-API-01;32.89;34359738368;27850846233;81.06;536870912000;213392581062;39.75;78.0;61051;388782;23;329;chrome.exe;13.91;python.exe;15.51;discord.exe;8.77;chrome.exe;3252096409;discord.exe;1808815154;python.exe;857302852;32;45.88;9.69;1778599989;2026-05-30 02:13:09;Saturday;763143
SteamData;Rio de Janeiro;DC-RJ01;ZonaB;SRV-API-01;37.17;34359738368;14662436565;42.67;536870912000;405195499964;75.47;86.29;236586;206515;11;331;chrome.exe;10.97;python.exe;24.63;discord.exe;14.4;chrome.exe;2606950737;discord.exe;818255330;python.exe;818666921;8;65.04;12.26;1779031989;2026-05-30 02:13:09;Saturday;545799
SteamData;Porto Alegre;DC-POA01;ZonaA;SRV-DB-01;93.81;34359738368;22659468052;65.95;536870912000;240374512917;44.77;85.46;174894;371240;15;212;chrome.exe;35.42;python.exe;14.88;discord.exe;12.55;chrome.exe;1671881246;discord.exe;916479898;python.exe;985955628;32;25.21;25.42;1779377589;2026-05-30 02:13:09;Saturday;552758
SteamData;São Paulo;DC-SP01;ZonaB;SRV-WEB-01;42.43;34359738368;23173194644;67.44;536870912000;360190335438;67.09;29.8;82545;233791;0;242;chrome.exe;34.4;python.exe;9.18;discord.exe;5.89;chrome.exe;2441840188;discord.exe;882610487;python.exe;542186356;32;26.09;20.0;1780241589;2026-05-30 02:33:09;Saturday;899655
SteamData;Rio de Janeiro;DC-RJ01;ZonaA;SRV-WEB-01;40.9;34359738368;18543134311;53.97;536870912000;296178986080;55.17;86.83;209105;287272;28;231;chrome.exe;14.68;python.exe;22.27;discord.exe;12.29;chrome.exe;3850966056;discord.exe;1483733205;python.exe;618693074;16;56.81;26.99;1779550389;2026-05-30 02:33:09;Saturday;678421
SteamData;Porto Alegre;DC-POA01;ZonaB;SRV-API-01;56.38;34359738368;28888898002;84.08;536870912000;360576952093;67.16;68.8;257122;142908;18;350;chrome.exe;29.45;python.exe;16.35;discord.exe;5.59;chrome.exe;1613882886;discord.exe;1882578847;python.exe;366431028;16;52.92;11.29;1778599989;2026-05-30 02:33:09;Saturday;640357
SteamData;São Paulo;DC-SP01;ZonaA;SRV-WEB-01;93.67;34359738368;24253648141;70.59;536870912000;284384612558;52.97;119.9;131189;354559;30;185;chrome.exe;33.01;python.exe;9.21;discord.exe;8.09;chrome.exe;2834680394;discord.exe;636486216;python.exe;344379995;32;42.24;10.58;1779118389;2026-05-30 02:53:09;Saturday;598678
SteamData;Rio de Janeiro;DC-RJ01;ZonaA;SRV-DB-01;87.91;34359738368;26975501729;78.51;536870912000;345314680706;64.32;66.79;84270;152182;19;302;chrome.exe;23.56;python.exe;8.06;discord.exe;12.63;chrome.exe;3281729137;discord.exe;1051800446;python.exe;416454031;16;55.92;29.08;1777822389;2026-05-30 02:53:09;Saturday;766525
SteamData;Porto Alegre;DC-POA01;ZonaC;SRV-DB-01;66.57;34359738368;14451442898;42.06;536870912000;426496516854;79.44;110.06;237048;288966;6;314;chrome.exe;18.48;python.exe;24.76;discord.exe;6.54;chrome.exe;1632904471;discord.exe;1037996958;python.exe;895931248;32;40.69;14.22;1779809589;2026-05-30 02:53:09;Saturday;502998
SteamData;São Paulo;DC-SP01;ZonaC;SRV-WEB-01;40.64;34359738368;16248216677;47.29;536870912000;392197944070;73.05;93.81;126936;265116;23;340;chrome.exe;16.9;python.exe;9.4;discord.exe;14.71;chrome.exe;1436470396;discord.exe;1383320712;python.exe;877691084;32;40.58;28.63;1778945589;2026-05-30 03:13:09;Saturday;524102
SteamData;Rio de Janeiro;DC-RJ01;ZonaC;SRV-API-01;39.33;34359738368;26593306686;77.4;536870912000;361875755761;67.4;117.06;155817;246691;19;184;chrome.exe;10.94;python.exe;24.8;discord.exe;3.05;chrome.exe;1679791260;discord.exe;1299701919;python.exe;887029389;8;33.24;29.06;1777908789;2026-05-30 03:13:09;Saturday;693780
SteamData;Porto Alegre;DC-POA01;ZonaA;SRV-API-01;91.79;34359738368;20357375267;59.25;536870912000;230450219972;42.92;69.54;165774;115680;29;364;chrome.exe;21.93;python.exe;19.83;discord.exe;12.99;chrome.exe;2518507432;discord.exe;1163459887;python.exe;414663266;8;25.77;23.98;1779723189;2026-05-30 03:13:09;Saturday;868701
SteamData;São Paulo;DC-SP01;ZonaA;SRV-WEB-01;29.24;34359738368;12332688158;35.89;536870912000;425083032728;79.18;87.9;159000;135135;15;382;chrome.exe;31.03;python.exe;19.52;discord.exe;5.69;chrome.exe;1058268764;discord.exe;1722176151;python.exe;490744117;16;13.94;29.54;1780155189;2026-05-30 03:33:09;Saturday;829286
SteamData;Rio de Janeiro;DC-RJ01;ZonaA;SRV-WEB-01;62.55;34359738368;23324857718;67.88;536870912000;280820628893;52.31;107.53;286663;99658;3;370;chrome.exe;35.37;python.exe;23.67;discord.exe;7.42;chrome.exe;3330617176;discord.exe;905686675;python.exe;600830961;8;61.03;17.88;1779723189;2026-05-30 03:33:09;Saturday;851435
SteamData;Porto Alegre;DC-POA01;ZonaC;SRV-DB-01;26.33;34359738368;14514743116;42.24;536870912000;368804959979;68.7;70.72;190200;71522;11;269;chrome.exe;23.12;python.exe;13.67;discord.exe;12.0;chrome.exe;1058987029;discord.exe;508269004;python.exe;484382987;16;36.36;28.36;1779809589;2026-05-30 03:33:09;Saturday;561268
SteamData;São Paulo;DC-SP01;ZonaB;SRV-API-01;81.86;34359738368;18628686309;54.22;536870912000;437880146237;81.56;83.71;106953;288663;11;270;chrome.exe;21.61;python.exe;18.5;discord.exe;12.12;chrome.exe;1797827414;discord.exe;1944747815;python.exe;611329808;8;26.25;29.25;1778081589;2026-05-30 03:53:09;Saturday;616581
SteamData;Rio de Janeiro;DC-RJ01;ZonaB;SRV-DB-01;70.16;34359738368;16839865028;49.01;536870912000;239498474594;44.61;94.98;233012;125290;11;255;chrome.exe;13.39;python.exe;13.85;discord.exe;3.39;chrome.exe;1944237122;discord.exe;752684566;python.exe;987164569;16;17.12;13.15;1779291189;2026-05-30 03:53:09;Saturday;612369
SteamData;Porto Alegre;DC-POA01;ZonaA;SRV-DB-01;89.32;34359738368;25173732301;73.27;536870912000;436134675584;81.24;62.07;239106;375334;23;395;chrome.exe;20.66;python.exe;15.76;discord.exe;5.49;chrome.exe;2191665617;discord.exe;1985015202;python.exe;695777649;32;18.57;5.01;1778945589;2026-05-30 03:53:09;Saturday;599307
SteamData;São Paulo;DC-SP01;ZonaB;SRV-WEB-01;32.7;34359738368;29380335976;85.51;536870912000;426074559982;79.36;26.48;112194;373977;12;171;chrome.exe;39.2;python.exe;5.75;discord.exe;13.06;chrome.exe;2785353734;discord.exe;1788247450;python.exe;712152274;8;34.77;21.58;1779204789;2026-05-30 04:13:09;Saturday;855496
SteamData;Rio de Janeiro;DC-RJ01;ZonaB;SRV-DB-01;84.41;34359738368;18280339911;53.2;536870912000;409589005686;76.29;66.86;248347;273540;4;160;chrome.exe;31.68;python.exe;19.84;discord.exe;6.4;chrome.exe;1202018143;discord.exe;1212496407;python.exe;555424713;16;13.89;29.46;1778513589;2026-05-30 04:13:09;Saturday;864872
SteamData;Porto Alegre;DC-POA01;ZonaC;SRV-DB-01;64.26;34359738368;26419949992;76.89;536870912000;360546107775;67.16;117.04;83150;349249;6;277;chrome.exe;19.29;python.exe;18.02;discord.exe;13.55;chrome.exe;1392275410;discord.exe;1805469751;python.exe;552670773;16;26.68;7.78;1778859189;2026-05-30 04:13:09;Saturday;685959
SteamData;São Paulo;DC-SP01;ZonaA;SRV-WEB-01;78.97;34359738368;12343725525;35.92;536870912000;219673791710;40.92;107.54;135985;185332;21;218;chrome.exe;33.97;python.exe;24.96;discord.exe;3.57;chrome.exe;1884065796;discord.exe;1007514064;python.exe;840561443;8;66.78;15.72;1779031989;2026-05-30 04:33:09;Saturday;828829
SteamData;Rio de Janeiro;DC-RJ01;ZonaB;SRV-WEB-01;28.51;34359738368;22477936088;65.42;536870912000;201862211043;37.6;12.64;292978;340919;6;332;chrome.exe;12.53;python.exe;22.46;discord.exe;13.87;chrome.exe;1964293041;discord.exe;1487804655;python.exe;927363713;32;28.28;11.24;1778081589;2026-05-30 04:33:09;Saturday;827039
SteamData;Porto Alegre;DC-POA01;ZonaC;SRV-API-01;61.55;34359738368;18685763777;54.38;536870912000;237862414183;44.31;80.98;147161;52237;19;164;chrome.exe;18.19;python.exe;18.95;discord.exe;12.75;chrome.exe;2525871344;discord.exe;769697768;python.exe;624552072;32;49.39;22.07;1779204789;2026-05-30 04:33:09;Saturday;893005
SteamData;São Paulo;DC-SP01;ZonaC;SRV-WEB-01;70.03;34359738368;19562926129;56.94;536870912000;410897586926;76.54;119.97;55092;381033;22;315;chrome.exe;25.65;python.exe;21.78;discord.exe;10.8;chrome.exe;3267952886;discord.exe;1161192778;python.exe;825453243;8;56.82;27.53;1778945589;2026-05-30 04:53:09;Saturday;627602
SteamData;Rio de Janeiro;DC-RJ01;ZonaA;SRV-API-01;33.24;34359738368;15361959282;44.71;536870912000;275698948960;51.35;63.16;277214;211700;17;184;chrome.exe;28.05;python.exe;19.47;discord.exe;10.97;chrome.exe;1951815920;discord.exe;1457101048;python.exe;549466359;32;66.55;11.76;1778859189;2026-05-30 04:53:09;Saturday;641328
SteamData;Porto Alegre;DC-POA01;ZonaC;SRV-WEB-01;47.31;34359738368;29369136303;85.48;536870912000;420198269740;78.27;78.26;141436;321529;7;287;chrome.exe;34.69;python.exe;19.04;discord.exe;12.04;chrome.exe;2852617697;discord.exe;1777340820;python.exe;309124466;32;48.38;29.8;1780068789;2026-05-30 04:53:09;Saturday;843751
SteamData;São Paulo;DC-SP01;ZonaA;SRV-DB-01;56.1;34359738368;22807068610;66.38;536870912000;321117396868;59.81;99.54;294007;381041;18;298;chrome.exe;30.02;python.exe;22.47;discord.exe;7.4;chrome.exe;1484150440;discord.exe;1082836464;python.exe;873329784;32;29.13;18.98;1777735989;2026-05-30 05:13:09;Saturday;841000
SteamData;Rio de Janeiro;DC-RJ01;ZonaC;SRV-WEB-01;60.2;34359738368;14046432664;40.88;536870912000;203913353837;37.98;40.23;275250;315380;17;287;chrome.exe;28.83;python.exe;23.51;discord.exe;10.78;chrome.exe;3961812263;discord.exe;1772122995;python.exe;699085246;32;33.29;25.57;1778772789;2026-05-30 05:13:09;Saturday;561913
SteamData;Porto Alegre;DC-POA01;ZonaB;SRV-API-01;51.63;34359738368;18944600585;55.14;536870912000;289529224401;53.93;105.23;269120;138017;25;399;chrome.exe;34.24;python.exe;5.93;discord.exe;11.24;chrome.exe;2265985646;discord.exe;836766192;python.exe;769455850;16;53.85;9.27;1778167989;2026-05-30 05:13:09;Saturday;865610
SteamData;São Paulo;DC-SP01;ZonaA;SRV-API-01;89.02;34359738368;21477791642;62.51;536870912000;250738933233;46.7;97.04;87727;392982;8;182;chrome.exe;11.03;python.exe;23.94;discord.exe;9.69;chrome.exe;2070492289;discord.exe;1447960870;python.exe;911195308;16;60.26;25.02;1779723189;2026-05-30 05:33:09;Saturday;895342
SteamData;Rio de Janeiro;DC-RJ01;ZonaC;SRV-WEB-01;60.86;34359738368;15831791463;46.08;536870912000;411205115274;76.59;19.84;119832;306660;5;341;chrome.exe;23.34;python.exe;21.41;discord.exe;7.88;chrome.exe;1395130080;discord.exe;1952699049;python.exe;525205116;8;12.5;12.2;1778945589;2026-05-30 05:33:09;Saturday;662280
SteamData;Porto Alegre;DC-POA01;ZonaC;SRV-API-01;85.51;34359738368;20491585637;59.64;536870912000;378028448413;70.41;88.43;103006;341399;5;204;chrome.exe;13.48;python.exe;17.63;discord.exe;12.85;chrome.exe;2082618325;discord.exe;1759012751;python.exe;597226372;8;26.28;13.71;1779550389;2026-05-30 05:33:09;Saturday;507921
SteamData;São Paulo;DC-SP01;ZonaA;SRV-WEB-01;72.37;34359738368;23265058247;67.71;536870912000;301638252140;56.18;60.0;107459;383093;10;227;chrome.exe;32.36;python.exe;12.49;discord.exe;11.03;chrome.exe;3004746035;discord.exe;1661596853;python.exe;570179296;8;18.62;15.2;1780241589;2026-05-30 05:53:09;Saturday;603617
SteamData;Rio de Janeiro;DC-RJ01;ZonaC;SRV-DB-01;79.76;34359738368;21300097962;61.99;536870912000;250204019164;46.6;51.9;258783;263490;11;386;chrome.exe;38.12;python.exe;21.89;discord.exe;6.91;chrome.exe;3083441591;discord.exe;1693085275;python.exe;656860043;32;25.48;14.24;1779291189;2026-05-30 05:53:09;Saturday;760789
SteamData;Porto Alegre;DC-POA01;ZonaB;SRV-API-01;45.54;34359738368;26322586385;76.61;536870912000;267924690792;49.9;86.14;182157;254070;11;392;chrome.exe;10.65;python.exe;12.5;discord.exe;5.37;chrome.exe;1196910874;discord.exe;1695684430;python.exe;478829493;16;62.93;23.09;1778254389;2026-05-30 05:53:09;Saturday;681035
SteamData;São Paulo;DC-SP01;ZonaB;SRV-DB-01;65.42;34359738368;21004094994;61.13;536870912000;339584552177;63.25;64.76;256524;338415;18;160;chrome.exe;36.61;python.exe;14.62;discord.exe;12.07;chrome.exe;2032130850;discord.exe;516191535;python.exe;517862704;8;15.33;28.51;1778427189;2026-05-30 06:13:09;Saturday;732750
SteamData;Rio de Janeiro;DC-RJ01;ZonaA;SRV-DB-01;57.99;34359738368;15841601252;46.11;536870912000;223468465768;41.62;90.84;132198;53074;2;372;chrome.exe;22.15;python.exe;14.76;discord.exe;10.73;chrome.exe;3755938122;discord.exe;969477280;python.exe;976678483;32;53.9;16.21;1779723189;2026-05-30 06:13:09;Saturday;798496
SteamData;Porto Alegre;DC-POA01;ZonaB;SRV-API-01;69.48;34359738368;28270136329;82.28;536870912000;284720041205;53.03;87.3;251390;241076;11;363;chrome.exe;20.44;python.exe;9.42;discord.exe;9.21;chrome.exe;1848164705;discord.exe;1501685346;python.exe;623822370;32;15.14;26.08;1778427189;2026-05-30 06:13:09;Saturday;627331
SteamData;São Paulo;DC-SP01;ZonaC;SRV-API-01;64.2;34359738368;16947942065;49.33;536870912000;340444681007;63.41;81.0;176129;134571;17;350;chrome.exe;22.43;python.exe;17.66;discord.exe;3.9;chrome.exe;2925103366;discord.exe;705700462;python.exe;756237204;8;34.26;24.35;1779204789;2026-05-30 06:33:09;Saturday;653226
SteamData;Rio de Janeiro;DC-RJ01;ZonaA;SRV-DB-01;70.61;34359738368;23489663976;68.36;536870912000;239268885577;44.57;27.27;187051;150063;28;329;chrome.exe;28.48;python.exe;22.88;discord.exe;11.52;chrome.exe;3801817368;discord.exe;1766355133;python.exe;967621328;8;37.67;19.09;1779377589;2026-05-30 06:33:09;Saturday;780918
SteamData;Porto Alegre;DC-POA01;ZonaC;SRV-DB-01;39.54;34359738368;25265810033;73.53;536870912000;203809842798;37.96;26.0;64144;253867;12;260;chrome.exe;25.88;python.exe;22.32;discord.exe;3.53;chrome.exe;3608676470;discord.exe;1747491204;python.exe;973540987;8;13.58;23.56;1777735989;2026-05-30 06:33:09;Saturday;570455
SteamData;São Paulo;DC-SP01;ZonaA;SRV-WEB-01;48.38;34359738368;22734812697;66.17;536870912000;303351806305;56.5;82.19;50844;300959;20;343;chrome.exe;33.26;python.exe;19.27;discord.exe;13.35;chrome.exe;1914359302;discord.exe;1634783323;python.exe;841932382;32;27.51;15.64;1778081589;2026-05-30 06:53:09;Saturday;694034
SteamData;Rio de Janeiro;DC-RJ01;ZonaB;SRV-WEB-01;83.09;34359738368;18605888807;54.15;536870912000;372729702467;69.43;95.5;137155;94363;6;331;chrome.exe;17.92;python.exe;7.78;discord.exe;10.28;chrome.exe;2436364196;discord.exe;1998535382;python.exe;828502486;8;50.83;23.51;1778945589;2026-05-30 06:53:09;Saturday;869355
SteamData;Porto Alegre;DC-POA01;ZonaA;SRV-WEB-01;38.99;34359738368;23815883154;69.31;536870912000;252973521832;47.12;103.87;101859;240805;10;295;chrome.exe;29.23;python.exe;11.97;discord.exe;10.65;chrome.exe;2382576100;discord.exe;1269715743;python.exe;627581351;8;35.61;10.04;1778254389;2026-05-30 06:53:09;Saturday;575832
SteamData;São Paulo;DC-SP01;ZonaB;SRV-API-01;62.2;34359738368;15767880792;45.89;536870912000;392423531776;73.09;62.42;246967;235831;29;191;chrome.exe;13.39;python.exe;13.29;discord.exe;14.01;chrome.exe;1286774693;discord.exe;1037893892;python.exe;314488461;16;39.83;5.62;1778167989;2026-05-30 07:13:09;Saturday;767125
SteamData;Rio de Janeiro;DC-RJ01;ZonaA;SRV-DB-01;65.77;34359738368;13783562064;40.12;536870912000;381695018836;71.1;65.66;135782;327169;5;242;chrome.exe;32.75;python.exe;12.87;discord.exe;9.28;chrome.exe;1965591539;discord.exe;1812665657;python.exe;324055545;8;30.62;17.98;1778340789;2026-05-30 07:13:09;Saturday;669816
SteamData;Porto Alegre;DC-POA01;ZonaA;SRV-WEB-01;41.4;34359738368;18381032889;53.5;536870912000;433582640006;80.76;106.24;239060;156487;14;270;chrome.exe;25.65;python.exe;9.63;discord.exe;2.02;chrome.exe;3018710206;discord.exe;1218665465;python.exe;945406501;8;51.38;7.58;1777822389;2026-05-30 07:13:09;Saturday;575889
SteamData;São Paulo;DC-SP01;ZonaC;SRV-WEB-01;27.13;34359738368;26479397633;77.07;536870912000;412889378544;76.91;81.91;190207;97069;9;305;chrome.exe;32.59;python.exe;22.85;discord.exe;6.79;chrome.exe;3266811633;discord.exe;1202489525;python.exe;549523953;32;58.96;24.46;1779895989;2026-05-30 07:33:09;Saturday;736816
SteamData;Rio de Janeiro;DC-RJ01;ZonaB;SRV-API-01;82.4;34359738368;19477121245;56.69;536870912000;319355373477;59.48;108.95;235434;150550;10;326;chrome.exe;34.1;python.exe;24.34;discord.exe;14.3;chrome.exe;3246192115;discord.exe;1808603057;python.exe;919882176;8;53.01;16.81;1778167989;2026-05-30 07:33:09;Saturday;509434
SteamData;Porto Alegre;DC-POA01;ZonaB;SRV-DB-01;48.44;34359738368;14652087652;42.64;536870912000;224618182307;41.84;59.49;232639;98138;8;334;chrome.exe;34.43;python.exe;20.64;discord.exe;2.94;chrome.exe;2039058909;discord.exe;1601081323;python.exe;984130061;8;37.79;8.79;1778945589;2026-05-30 07:33:09;Saturday;551758
SteamData;São Paulo;DC-SP01;ZonaC;SRV-API-01;68.25;34359738368;18957072140;55.17;536870912000;288055619055;53.65;18.65;273578;189008;8;289;chrome.exe;12.94;python.exe;22.09;discord.exe;10.81;chrome.exe;2625460736;discord.exe;606695865;python.exe;741134748;8;21.26;20.02;1778686389;2026-05-30 07:53:09;Saturday;610818
SteamData;Rio de Janeiro;DC-RJ01;ZonaB;SRV-WEB-01;42.75;34359738368;19495680414;56.74;536870912000;268419263687;50.0;112.46;88517;204242;10;298;chrome.exe;32.73;python.exe;7.99;discord.exe;12.48;chrome.exe;1510813415;discord.exe;1266190117;python.exe;663492920;32;46.11;29.21;1778686389;2026-05-30 07:53:09;Saturday;553140
SteamData;Porto Alegre;DC-POA01;ZonaB;SRV-WEB-01;71.6;34359738368;13499575932;39.29;536870912000;344936154731;64.25;72.73;106431;152217;22;251;chrome.exe;35.71;python.exe;13.58;discord.exe;14.78;chrome.exe;3359386675;discord.exe;945785160;python.exe;922434736;8;28.46;15.19;1778772789;2026-05-30 07:53:09;Saturday;817265
SteamData;São Paulo;DC-SP01;ZonaB;SRV-WEB-01;62.53;34359738368;16581514962;48.26;536870912000;325129842255;60.56;110.13;215546;75794;9;296;chrome.exe;37.63;python.exe;22.97;discord.exe;10.72;chrome.exe;3158016111;discord.exe;1070977192;python.exe;757743899;16;44.35;21.13;1777995189;2026-05-30 08:13:09;Saturday;675675
SteamData;Rio de Janeiro;DC-RJ01;ZonaC;SRV-WEB-01;53.19;34359738368;18365779838;53.45;536870912000;339715517436;63.28;103.22;70785;205348;18;318;chrome.exe;15.35;python.exe;21.97;discord.exe;12.07;chrome.exe;1088683732;discord.exe;690741895;python.exe;745111129;16;54.54;13.94;1779463989;2026-05-30 08:13:09;Saturday;526781
SteamData;Porto Alegre;DC-POA01;ZonaC;SRV-DB-01;42.88;34359738368;12265382119;35.7;536870912000;273994750715;51.04;104.64;156967;336464;15;383;chrome.exe;18.2;python.exe;12.7;discord.exe;9.09;chrome.exe;1519691090;discord.exe;1722036487;python.exe;620965287;16;61.98;28.21;1779636789;2026-05-30 08:13:09;Saturday;593846
SteamData;São Paulo;DC-SP01;ZonaB;SRV-API-01;61.27;34359738368;15331576177;44.62;536870912000;384932398884;71.7;11.74;84989;180810;20;358;chrome.exe;19.57;python.exe;12.37;discord.exe;14.19;chrome.exe;3299509986;discord.exe;1256868071;python.exe;996533331;16;44.49;9.55;1778254389;2026-05-30 08:33:09;Saturday;845757
SteamData;Rio de Janeiro;DC-RJ01;ZonaB;SRV-API-01;76.43;34359738368;29736222476;86.54;536870912000;326130401693;60.75;95.89;285552;111080;4;249;chrome.exe;15.04;python.exe;21.55;discord.exe;11.15;chrome.exe;3808789162;discord.exe;1581162070;python.exe;349005070;32;53.68;12.23;1778513589;2026-05-30 08:33:09;Saturday;704247
SteamData;Porto Alegre;DC-POA01;ZonaA;SRV-DB-01;39.52;34359738368;22505825156;65.5;536870912000;226265063735;42.15;47.91;230810;381849;27;321;chrome.exe;26.69;python.exe;16.1;discord.exe;5.1;chrome.exe;2016786726;discord.exe;1743345790;python.exe;478846679;32;38.71;18.13;1779636789;2026-05-30 08:33:09;Saturday;741044
SteamData;São Paulo;DC-SP01;ZonaA;SRV-WEB-01;54.84;34359738368;15071072379;43.86;536870912000;438351830093;81.65;33.95;208421;289437;6;155;chrome.exe;34.79;python.exe;21.81;discord.exe;14.77;chrome.exe;1781799337;discord.exe;1494407672;python.exe;360010212;8;21.55;6.2;1778945589;2026-05-30 08:53:09;Saturday;712270
SteamData;Rio de Janeiro;DC-RJ01;ZonaB;SRV-DB-01;29.02;34359738368;24827351129;72.26;536870912000;270932059723;50.47;113.97;240085;115771;14;221;chrome.exe;18.83;python.exe;22.74;discord.exe;13.35;chrome.exe;2161575301;discord.exe;1433582463;python.exe;343185683;32;34.07;19.11;1778081589;2026-05-30 08:53:09;Saturday;791515
SteamData;Porto Alegre;DC-POA01;ZonaC;SRV-WEB-01;34.67;34359738368;29583184722;86.1;536870912000;217001053555;40.42;73.88;158280;276208;29;275;chrome.exe;29.75;python.exe;18.55;discord.exe;6.56;chrome.exe;3091956973;discord.exe;844201863;python.exe;716959011;32;69.19;14.2;1777908789;2026-05-30 08:53:09;Saturday;607698
SteamData;São Paulo;DC-SP01;ZonaB;SRV-DB-01;92.97;34359738368;15942851661;46.4;536870912000;356424300557;66.39;112.01;148357;248724;1;318;chrome.exe;38.81;python.exe;7.91;discord.exe;4.63;chrome.exe;2750500979;discord.exe;1346818355;python.exe;710942485;16;54.54;24.61;1777908789;2026-05-30 09:13:09;Saturday;837625
SteamData;Rio de Janeiro;DC-RJ01;ZonaC;SRV-DB-01;53.1;34359738368;28839367964;83.93;536870912000;351024548347;65.38;43.05;163389;334155;23;395;chrome.exe;17.44;python.exe;6.58;discord.exe;7.31;chrome.exe;3429216618;discord.exe;1415012911;python.exe;811406035;16;24.06;13.58;1777995189;2026-05-30 09:13:09;Saturday;542978
SteamData;Porto Alegre;DC-POA01;ZonaC;SRV-DB-01;70.04;34359738368;18670797339;54.34;536870912000;287987464972;53.64;78.32;295371;327834;22;312;chrome.exe;33.9;python.exe;7.05;discord.exe;4.53;chrome.exe;2550153208;discord.exe;1829853283;python.exe;633544860;32;42.61;12.36;1777822389;2026-05-30 09:13:09;Saturday;785418
SteamData;São Paulo;DC-SP01;ZonaB;SRV-WEB-01;97.42596937125708;34359738368;13992914471;40.72;536870912000;202534225297;37.72;83.06;77743;232822;4;310;chrome.exe;39.62;python.exe;6.73;discord.exe;6.55;chrome.exe;3170026984;discord.exe;634958469;python.exe;583514035;32;39.5;21.19;1778513589;2026-05-30 09:33:09;Saturday;889269
SteamData;Rio de Janeiro;DC-RJ01;ZonaA;SRV-WEB-01;38.89826388703153;34359738368;17833237062;51.9;536870912000;335184613856;62.43;71.1;151904;234750;25;239;chrome.exe;29.07;python.exe;20.69;discord.exe;9.11;chrome.exe;2599376789;discord.exe;1462140260;python.exe;922755837;32;68.04;11.19;1779377589;2026-05-30 09:33:09;Saturday;821311
SteamData;Porto Alegre;DC-POA01;ZonaA;SRV-WEB-01;35.94457218261205;34359738368;26339900581;76.66;536870912000;372754491884;69.43;53.62;189537;381172;20;300;chrome.exe;13.92;python.exe;23.78;discord.exe;8.0;chrome.exe;2874799477;discord.exe;1677681004;python.exe;719614846;32;29.97;12.81;1779118389;2026-05-30 09:33:09;Saturday;636527
SteamData;São Paulo;DC-SP01;ZonaA;SRV-WEB-01;98.65396302570021;34359738368;13228880876;38.5;536870912000;282822881165;52.68;108.32;256271;294916;26;392;chrome.exe;33.55;python.exe;18.82;discord.exe;14.46;chrome.exe;2533330037;discord.exe;1219447728;python.exe;877479721;32;19.91;21.32;1778167989;2026-05-30 09:53:09;Saturday;826428
SteamData;Rio de Janeiro;DC-RJ01;ZonaB;SRV-DB-01;70.70455078243705;34359738368;17738320005;51.63;536870912000;219844610155;40.95;72.9;197675;186713;8;270;chrome.exe;30.3;python.exe;7.8;discord.exe;7.09;chrome.exe;2984521044;discord.exe;1032706841;python.exe;891997018;16;51.01;15.79;1779723189;2026-05-30 09:53:09;Saturday;611656
SteamData;Porto Alegre;DC-POA01;ZonaB;SRV-API-01;99.0;34359738368;25090287652;73.02;536870912000;207682993742;38.68;101.99;58571;203744;12;274;chrome.exe;25.77;python.exe;23.38;discord.exe;8.53;chrome.exe;1187122411;discord.exe;1088343495;python.exe;314237939;16;17.46;17.82;1778167989;2026-05-30 09:53:09;Saturday;700436
SteamData;São Paulo;DC-SP01;ZonaC;SRV-DB-01;52.35555946813867;34359738368;25202315731;73.35;536870912000;343937315164;64.06;104.28;80352;141676;0;364;chrome.exe;16.45;python.exe;20.17;discord.exe;4.69;chrome.exe;1291650884;discord.exe;1036773691;python.exe;570380619;32;38.09;29.63;1778945589;2026-05-30 10:13:09;Saturday;762312
SteamData;Rio de Janeiro;DC-RJ01;ZonaB;SRV-DB-01;63.02063149275601;34359738368;15424472384;44.89;536870912000;334079328098;62.23;28.03;289266;285596;18;374;chrome.exe;12.31;python.exe;19.49;discord.exe;10.45;chrome.exe;1798512663;discord.exe;1443709343;python.exe;915349201;8;24.42;24.74;1777822389;2026-05-30 10:13:09;Saturday;772636
SteamData;Porto Alegre;DC-POA01;ZonaC;SRV-API-01;69.52468517794988;34359738368;23638098679;68.8;536870912000;241588181383;45.0;75.07;238711;61242;3;318;chrome.exe;37.2;python.exe;21.72;discord.exe;9.23;chrome.exe;3619341591;discord.exe;1607257267;python.exe;792867394;32;31.98;26.11;1779118389;2026-05-30 10:13:09;Saturday;894494
SteamData;São Paulo;DC-SP01;ZonaC;SRV-WEB-01;75.13787990575537;34359738368;24553247993;71.46;536870912000;214819399119;40.01;12.86;67558;396703;1;331;chrome.exe;33.92;python.exe;15.84;discord.exe;4.96;chrome.exe;2621969720;discord.exe;1306234749;python.exe;457749325;16;43.58;21.42;1779723189;2026-05-30 10:33:09;Saturday;836556
SteamData;Rio de Janeiro;DC-RJ01;ZonaC;SRV-DB-01;95.95221800986734;34359738368;12690088617;36.93;536870912000;446438544111;83.16;44.25;297440;287394;0;255;chrome.exe;14.63;python.exe;5.96;discord.exe;9.52;chrome.exe;2046621501;discord.exe;804998221;python.exe;355875315;8;46.57;20.35;1779809589;2026-05-30 10:33:09;Saturday;644924
SteamData;Porto Alegre;DC-POA01;ZonaA;SRV-API-01;76.92254538990181;34359738368;17047750249;49.62;536870912000;364464608372;67.89;85.22;146950;228758;8;223;chrome.exe;16.41;python.exe;13.37;discord.exe;3.78;chrome.exe;1731803555;discord.exe;1435395208;python.exe;665674817;16;37.59;7.59;1778686389;2026-05-30 10:33:09;Saturday;578204
SteamData;São Paulo;DC-SP01;ZonaC;SRV-WEB-01;82.4108122158303;34359738368;26548853028;77.27;536870912000;403459651754;75.15;95.55;191686;65642;21;205;chrome.exe;20.26;python.exe;24.07;discord.exe;8.66;chrome.exe;2285859501;discord.exe;1571687222;python.exe;770418541;32;11.78;10.78;1779809589;2026-05-30 10:53:09;Saturday;718004
SteamData;Rio de Janeiro;DC-RJ01;ZonaA;SRV-DB-01;68.56530932630987;34359738368;26605289173;77.43;536870912000;376316612033;70.09;65.1;158724;388812;28;323;chrome.exe;29.92;python.exe;21.4;discord.exe;12.93;chrome.exe;1793368549;discord.exe;1744107354;python.exe;487822424;8;59.83;13.67;1779895989;2026-05-30 10:53:09;Saturday;504993
SteamData;Porto Alegre;DC-POA01;ZonaA;SRV-DB-01;43.14122169872144;34359738368;15931770101;46.37;536870912000;396920683715;73.93;17.92;100027;60017;5;169;chrome.exe;13.68;python.exe;20.53;discord.exe;13.92;chrome.exe;2109917719;discord.exe;1831299657;python.exe;962641253;8;55.27;22.16;1779723189;2026-05-30 10:53:09;Saturday;541915
SteamData;São Paulo;DC-SP01;ZonaC;SRV-API-01;78.78230903841936;34359738368;17906703663;52.12;536870912000;355478978863;66.21;60.12;275642;325328;1;375;chrome.exe;31.57;python.exe;8.82;discord.exe;3.97;chrome.exe;2250783683;discord.exe;1258176596;python.exe;315977378;8;40.93;13.32;1778513589;2026-05-30 11:13:09;Saturday;614680
SteamData;Rio de Janeiro;DC-RJ01;ZonaA;SRV-API-01;38.52133077292328;34359738368;29170332652;84.9;536870912000;432368268401;80.53;97.56;276796;181059;14;291;chrome.exe;13.23;python.exe;7.12;discord.exe;4.73;chrome.exe;1218812245;discord.exe;1459380119;python.exe;794931531;32;62.41;28.89;1777995189;2026-05-30 11:13:09;Saturday;736981
SteamData;Porto Alegre;DC-POA01;ZonaA;SRV-WEB-01;86.85576698700285;34359738368;14621390964;42.55;536870912000;353366147832;65.82;64.52;128804;328748;20;238;chrome.exe;25.49;python.exe;16.35;discord.exe;9.99;chrome.exe;2921027739;discord.exe;1274972726;python.exe;417271860;16;42.11;16.65;1777908789;2026-05-30 11:13:09;Saturday;691280
SteamData;São Paulo;DC-SP01;ZonaA;SRV-DB-01;91.1031025309117;34359738368;25938886735;75.49;536870912000;201930969023;37.61;11.56;157067;73712;13;389;chrome.exe;28.35;python.exe;10.91;discord.exe;7.89;chrome.exe;2915935112;discord.exe;1495198336;python.exe;497758173;32;42.55;28.47;1778599989;2026-05-30 11:33:09;Saturday;666914
SteamData;Rio de Janeiro;DC-RJ01;ZonaA;SRV-WEB-01;54.5029387064598;34359738368;18648913575;54.28;536870912000;307191754767;57.22;72.56;73717;361740;27;321;chrome.exe;22.12;python.exe;8.32;discord.exe;5.54;chrome.exe;1137246883;discord.exe;1493259463;python.exe;390947897;16;63.28;27.42;1779204789;2026-05-30 11:33:09;Saturday;803514
SteamData;Porto Alegre;DC-POA01;ZonaB;SRV-DB-01;42.037066904722344;34359738368;24801149764;72.18;536870912000;327542222203;61.01;110.81;95954;202813;21;215;chrome.exe;16.69;python.exe;15.03;discord.exe;9.25;chrome.exe;3149161298;discord.exe;1527082560;python.exe;430813614;32;42.33;21.49;1780068789;2026-05-30 11:33:09;Saturday;604985
SteamData;São Paulo;DC-SP01;ZonaC;SRV-DB-01;40.94718319678417;34359738368;21223341778;61.77;536870912000;241288376928;44.94;49.21;151175;195873;2;220;chrome.exe;22.5;python.exe;7.0;discord.exe;12.67;chrome.exe;1294809088;discord.exe;1046932841;python.exe;568757231;32;38.05;28.12;1777908789;2026-05-30 11:53:09;Saturday;889341
SteamData;Rio de Janeiro;DC-RJ01;ZonaC;SRV-WEB-01;74.54914209684809;34359738368;25356631401;73.8;536870912000;385057807605;71.72;55.84;257839;100452;28;396;chrome.exe;14.62;python.exe;11.18;discord.exe;12.95;chrome.exe;2893072623;discord.exe;1409869176;python.exe;642090139;32;67.56;18.42;1779463989;2026-05-30 11:53:09;Saturday;693162
SteamData;Porto Alegre;DC-POA01;ZonaA;SRV-DB-01;64.74014563659978;34359738368;27705784933;80.63;536870912000;211274156335;39.35;11.76;69855;184762;14;272;chrome.exe;17.77;python.exe;6.22;discord.exe;14.36;chrome.exe;2599171677;discord.exe;1766882603;python.exe;575313823;32;26.54;13.71;1778859189;2026-05-30 11:53:09;Saturday;730966
SteamData;São Paulo;DC-SP01;ZonaB;SRV-API-01;50.119781068223894;34359738368;13454752684;39.16;536870912000;410480025877;76.46;96.07;56328;373777;14;373;chrome.exe;35.29;python.exe;19.57;discord.exe;8.52;chrome.exe;2645766185;discord.exe;1899731851;python.exe;842516165;32;30.38;11.68;1777995189;2026-05-30 12:13:09;Saturday;519059
SteamData;Rio de Janeiro;DC-RJ01;ZonaB;SRV-API-01;75.15906033257599;34359738368;24727873155;71.97;536870912000;311135040032;57.95;29.12;103536;341079;12;157;chrome.exe;35.25;python.exe;14.17;discord.exe;11.55;chrome.exe;3961059877;discord.exe;771433304;python.exe;376280780;32;48.78;13.39;1777908789;2026-05-30 12:13:09;Saturday;787067
SteamData;Porto Alegre;DC-POA01;ZonaC;SRV-API-01;72.69607617560189;34359738368;14181331673;41.27;536870912000;393034460276;73.21;88.11;64320;266494;26;237;chrome.exe;10.53;python.exe;10.2;discord.exe;12.22;chrome.exe;1686318644;discord.exe;1636051890;python.exe;501220865;32;51.2;22.67;1778167989;2026-05-30 12:13:09;Saturday;593454
SteamData;São Paulo;DC-SP01;ZonaB;SRV-API-01;79.83298428028768;34359738368;27227564621;79.24;536870912000;205070764900;38.2;26.64;125900;260626;17;250;chrome.exe;34.37;python.exe;15.89;discord.exe;10.92;chrome.exe;1054193527;discord.exe;1956541890;python.exe;822772562;8;65.77;18.53;1779982389;2026-05-30 12:33:09;Saturday;617452
SteamData;Rio de Janeiro;DC-RJ01;ZonaC;SRV-WEB-01;70.96738434110027;34359738368;21454568976;62.44;536870912000;359458602742;66.95;50.66;123811;282033;2;386;chrome.exe;18.1;python.exe;7.86;discord.exe;7.03;chrome.exe;3572713724;discord.exe;544962999;python.exe;789900632;32;41.0;6.8;1779636789;2026-05-30 12:33:09;Saturday;886857
SteamData;Porto Alegre;DC-POA01;ZonaA;SRV-API-01;99.0;34359738368;28651333013;83.39;536870912000;252945295920;47.11;110.97;266027;148612;30;163;chrome.exe;19.31;python.exe;15.9;discord.exe;7.53;chrome.exe;2308046356;discord.exe;1000222786;python.exe;927600449;32;19.82;17.32;1777822389;2026-05-30 12:33:09;Saturday;813405
SteamData;São Paulo;DC-SP01;ZonaA;SRV-API-01;61.56633141572807;34359738368;24737552957;72.0;536870912000;365817736333;68.14;86.71;217058;63923;4;385;chrome.exe;23.8;python.exe;15.16;discord.exe;3.6;chrome.exe;2347203821;discord.exe;1944985933;python.exe;541042935;8;15.78;19.27;1779204789;2026-05-30 12:53:09;Saturday;648347
SteamData;Rio de Janeiro;DC-RJ01;ZonaB;SRV-API-01;47.09227307101992;34359738368;13217538755;38.47;536870912000;385821015258;71.86;33.96;165774;309891;2;343;chrome.exe;35.62;python.exe;18.46;discord.exe;4.84;chrome.exe;1787447037;discord.exe;534446736;python.exe;463506893;16;32.36;12.36;1778427189;2026-05-30 12:53:09;Saturday;610952
SteamData;Porto Alegre;DC-POA01;ZonaB;SRV-API-01;78.16190675767913;34359738368;20949059873;60.97;536870912000;214266574718;39.91;88.14;99367;288199;16;205;chrome.exe;27.09;python.exe;14.61;discord.exe;3.29;chrome.exe;2269001673;discord.exe;687649778;python.exe;910972805;32;63.95;7.48;1779291189;2026-05-30 12:53:09;Saturday;601052
SteamData;São Paulo;DC-SP01;ZonaC;SRV-DB-01;86.95342463618697;34359738368;28670548897;83.44;536870912000;328541940319;61.2;56.43;281832;156430;15;304;chrome.exe;33.13;python.exe;23.34;discord.exe;7.01;chrome.exe;1971697189;discord.exe;508800698;python.exe;480606993;32;40.37;17.57;1777822389;2026-05-30 13:13:09;Saturday;681951
SteamData;Rio de Janeiro;DC-RJ01;ZonaC;SRV-API-01;88.78642602429846;34359738368;17955661855;52.26;536870912000;335579275475;62.51;58.51;299885;269595;18;309;chrome.exe;31.82;python.exe;20.98;discord.exe;9.35;chrome.exe;1580880406;discord.exe;873718882;python.exe;338449062;32;49.35;22.24;1779723189;2026-05-30 13:13:09;Saturday;567422
SteamData;Porto Alegre;DC-POA01;ZonaB;SRV-DB-01;99.0;34359738368;21479958238;62.51;536870912000;235591511416;43.88;96.46;115976;100509;15;211;chrome.exe;13.9;python.exe;9.88;discord.exe;6.81;chrome.exe;2873575159;discord.exe;1893065273;python.exe;347697663;8;69.65;26.14;1779118389;2026-05-30 13:13:09;Saturday;801441
SteamData;São Paulo;DC-SP01;ZonaB;SRV-WEB-01;54.62289694455236;34359738368;29764051570;86.62;536870912000;234151144910;43.61;59.83;189397;77883;26;396;chrome.exe;10.89;python.exe;23.16;discord.exe;7.0;chrome.exe;1658839199;discord.exe;949684590;python.exe;411746106;8;22.38;20.21;1779031989;2026-05-30 13:33:09;Saturday;506060
SteamData;Rio de Janeiro;DC-RJ01;ZonaA;SRV-WEB-01;42.88078498390825;34359738368;22621762027;65.84;536870912000;355275875022;66.18;64.74;111659;186530;28;293;chrome.exe;15.89;python.exe;21.49;discord.exe;10.53;chrome.exe;2560558629;discord.exe;575635189;python.exe;445247356;16;63.28;13.68;1778513589;2026-05-30 13:33:09;Saturday;638169
SteamData;Porto Alegre;DC-POA01;ZonaA;SRV-WEB-01;97.55397683525797;34359738368;17896049186;52.08;536870912000;389910018391;72.63;43.33;60967;374060;5;399;chrome.exe;30.28;python.exe;22.37;discord.exe;6.99;chrome.exe;1444061906;discord.exe;1408121260;python.exe;731667469;32;64.77;26.36;1779377589;2026-05-30 13:33:09;Saturday;696464
SteamData;São Paulo;DC-SP01;ZonaB;SRV-DB-01;47.21724849984824;34359738368;13650656581;39.73;536870912000;343442838314;63.97;71.57;234630;203641;26;330;chrome.exe;30.73;python.exe;12.61;discord.exe;14.97;chrome.exe;1643469244;discord.exe;1412621591;python.exe;626292648;32;61.11;5.74;1780241589;2026-05-30 13:53:09;Saturday;760576
SteamData;Rio de Janeiro;DC-RJ01;ZonaA;SRV-WEB-01;63.83032927344552;34359738368;27708301494;80.64;536870912000;329170968450;61.31;57.23;225596;336754;30;261;chrome.exe;37.79;python.exe;20.09;discord.exe;8.04;chrome.exe;3140478066;discord.exe;1112564682;python.exe;601055082;8;42.16;17.49;1779118389;2026-05-30 13:53:09;Saturday;635640
SteamData;Porto Alegre;DC-POA01;ZonaA;SRV-DB-01;83.37599488097905;34359738368;20123121853;58.57;536870912000;351506570219;65.47;70.41;88436;219995;27;279;chrome.exe;21.06;python.exe;10.57;discord.exe;8.91;chrome.exe;2005695392;discord.exe;551333143;python.exe;663079557;8;51.19;11.03;1780241589;2026-05-30 13:53:09;Saturday;501199
SteamData;São Paulo;DC-SP01;ZonaC;SRV-API-01;55.529843249503685;34359738368;13634805050;39.68;536870912000;447449017763;83.34;34.95;273737;394440;15;277;chrome.exe;28.14;python.exe;19.04;discord.exe;2.25;chrome.exe;1960222539;discord.exe;646897055;python.exe;638672502;8;19.26;29.0;1778599989;2026-05-30 14:13:09;Saturday;568354
SteamData;Rio de Janeiro;DC-RJ01;ZonaA;SRV-API-01;69.25631276094953;34359738368;22495433687;65.47;536870912000;432378951071;80.54;107.97;180461;157530;17;168;chrome.exe;22.74;python.exe;13.76;discord.exe;11.09;chrome.exe;3609948945;discord.exe;1003517910;python.exe;310203398;16;22.1;18.92;1779291189;2026-05-30 14:13:09;Saturday;878854
SteamData;Porto Alegre;DC-POA01;ZonaA;SRV-API-01;76.57038082748403;34359738368;16956663199;49.35;536870912000;355494056854;66.22;118.11;232509;131592;2;258;chrome.exe;34.14;python.exe;7.73;discord.exe;6.89;chrome.exe;2926730510;discord.exe;982990483;python.exe;606875925;16;63.73;23.23;1778945589;2026-05-30 14:13:09;Saturday;523182
SteamData;São Paulo;DC-SP01;ZonaB;SRV-DB-01;78.35604466333953;34359738368;25062259869;72.94;536870912000;431066083202;80.29;12.68;118809;67855;16;259;chrome.exe;29.28;python.exe;24.22;discord.exe;2.5;chrome.exe;3786348183;discord.exe;951252965;python.exe;870795170;32;46.76;6.13;1779636789;2026-05-30 14:33:09;Saturday;814777
SteamData;Rio de Janeiro;DC-RJ01;ZonaA;SRV-DB-01;38.62407287266538;34359738368;27687093358;80.58;536870912000;232149794407;43.24;85.97;76678;205468;2;380;chrome.exe;30.12;python.exe;24.89;discord.exe;7.65;chrome.exe;3182704049;discord.exe;500613885;python.exe;577027222;8;63.32;16.99;1777822389;2026-05-30 14:33:09;Saturday;658802
SteamData;Porto Alegre;DC-POA01;ZonaC;SRV-DB-01;77.14394504403238;34359738368;20103081201;58.51;536870912000;413435327304;77.01;118.98;202170;115164;27;326;chrome.exe;26.34;python.exe;8.31;discord.exe;14.12;chrome.exe;1667999357;discord.exe;1232454339;python.exe;598261029;8;49.19;23.39;1778340789;2026-05-30 14:33:09;Saturday;506580
SteamData;São Paulo;DC-SP01;ZonaA;SRV-API-01;76.01121985389851;34359738368;25964104981;75.57;536870912000;232591824330;43.32;76.25;69806;203389;3;396;chrome.exe;25.49;python.exe;24.61;discord.exe;3.77;chrome.exe;3300432204;discord.exe;551666925;python.exe;806004569;8;30.51;28.87;1777822389;2026-05-30 14:53:09;Saturday;535208
SteamData;Rio de Janeiro;DC-RJ01;ZonaB;SRV-API-01;39.78254993091378;34359738368;21865477467;63.64;536870912000;347962869121;64.81;75.76;79711;64974;7;195;chrome.exe;22.04;python.exe;11.78;discord.exe;10.21;chrome.exe;2184349573;discord.exe;1824041061;python.exe;311578731;32;51.64;26.01;1779636789;2026-05-30 14:53:09;Saturday;754555
SteamData;Porto Alegre;DC-POA01;ZonaA;SRV-WEB-01;99.0;34359738368;18895104779;54.99;536870912000;294797750551;54.91;43.92;127422;117667;18;164;chrome.exe;36.82;python.exe;23.19;discord.exe;12.99;chrome.exe;2709961199;discord.exe;971209217;python.exe;885629263;32;69.83;19.56;1779031989;2026-05-30 14:53:09;Saturday;528262
SteamData;São Paulo;DC-SP01;ZonaA;SRV-API-01;56.45887037252312;34359738368;28213099628;82.11;536870912000;379446116762;70.68;16.99;254701;367013;28;345;chrome.exe;29.45;python.exe;19.15;discord.exe;5.48;chrome.exe;3506132036;discord.exe;1543922447;python.exe;743349984;32;40.97;28.41;1778340789;2026-05-30 15:13:09;Saturday;714153
SteamData;Rio de Janeiro;DC-RJ01;ZonaB;SRV-DB-01;88.44635025306934;34359738368;28249086186;82.22;536870912000;379073823907;70.61;27.55;133974;376159;2;173;chrome.exe;19.25;python.exe;19.76;discord.exe;6.59;chrome.exe;2176286937;discord.exe;1131947394;python.exe;475890360;8;31.34;29.0;1779031989;2026-05-30 15:13:09;Saturday;825547
SteamData;Porto Alegre;DC-POA01;ZonaC;SRV-API-01;89.49810902874924;34359738368;17291070191;50.32;536870912000;223245238604;41.58;60.07;263410;145644;26;202;chrome.exe;11.61;python.exe;12.61;discord.exe;6.71;chrome.exe;3371365393;discord.exe;1789707140;python.exe;859439924;8;22.79;22.75;1778945589;2026-05-30 15:13:09;Saturday;734390
SteamData;São Paulo;DC-SP01;ZonaC;SRV-WEB-01;74.83;34359738368;19694937938;57.32;536870912000;416334468106;77.55;72.11;271518;218045;3;153;chrome.exe;15.28;python.exe;22.65;discord.exe;5.59;chrome.exe;3773303878;discord.exe;992128708;python.exe;947968000;16;49.72;6.58;1778686389;2026-05-30 15:33:09;Saturday;783246
SteamData;Rio de Janeiro;DC-RJ01;ZonaB;SRV-WEB-01;32.12;34359738368;15256452239;44.4;536870912000;408635657485;76.11;86.3;283247;196329;12;366;chrome.exe;31.86;python.exe;5.79;discord.exe;3.74;chrome.exe;2716050680;discord.exe;1071037645;python.exe;800150619;32;27.05;17.87;1779031989;2026-05-30 15:33:09;Saturday;577871
SteamData;Porto Alegre;DC-POA01;ZonaB;SRV-DB-01;91.12;34359738368;26029677452;75.76;536870912000;348442573163;64.9;19.22;100546;224704;3;216;chrome.exe;14.13;python.exe;20.52;discord.exe;5.04;chrome.exe;3314940805;discord.exe;1808845197;python.exe;328567903;8;40.66;21.95;1778945589;2026-05-30 15:33:09;Saturday;506701
SteamData;São Paulo;DC-SP01;ZonaB;SRV-WEB-01;83.09;34359738368;24089090722;70.11;536870912000;224651124511;41.84;59.82;183995;181911;24;362;chrome.exe;33.86;python.exe;20.7;discord.exe;14.38;chrome.exe;3908722543;discord.exe;1047398591;python.exe;929574475;16;38.29;23.58;1779377589;2026-05-30 15:53:09;Saturday;608771
SteamData;Rio de Janeiro;DC-RJ01;ZonaA;SRV-WEB-01;84.33;34359738368;18201005113;52.97;536870912000;404426316584;75.33;28.69;289822;283223;7;359;chrome.exe;34.06;python.exe;15.07;discord.exe;6.42;chrome.exe;3609223451;discord.exe;1987841241;python.exe;443062128;8;67.52;13.41;1778340789;2026-05-30 15:53:09;Saturday;784351
SteamData;Porto Alegre;DC-POA01;ZonaB;SRV-WEB-01;38.95;34359738368;14528377093;42.28;536870912000;242490272130;45.17;75.82;153062;80314;7;195;chrome.exe;19.46;python.exe;24.83;discord.exe;4.42;chrome.exe;1887075973;discord.exe;1766330554;python.exe;520036689;32;24.79;9.01;1778427189;2026-05-30 15:53:09;Saturday;652448
SteamData;São Paulo;DC-SP01;ZonaC;SRV-WEB-01;40.33;34359738368;26624680339;77.49;536870912000;260154715003;48.46;47.17;258320;345199;12;386;chrome.exe;15.64;python.exe;23.78;discord.exe;10.97;chrome.exe;3732027140;discord.exe;1977525367;python.exe;300656406;16;46.89;26.04;1778772789;2026-05-30 16:13:09;Saturday;590084
SteamData;Rio de Janeiro;DC-RJ01;ZonaA;SRV-DB-01;64.17;34359738368;18710303252;54.45;536870912000;234138603552;43.61;112.31;155661;167319;29;314;chrome.exe;31.43;python.exe;16.22;discord.exe;13.49;chrome.exe;1570253298;discord.exe;1741817919;python.exe;467752225;32;18.11;5.73;1777822389;2026-05-30 16:13:09;Saturday;800288
SteamData;Porto Alegre;DC-POA01;ZonaC;SRV-WEB-01;72.92;34359738368;26094896215;75.95;536870912000;409956861131;76.36;71.71;104954;342271;29;283;chrome.exe;15.27;python.exe;10.78;discord.exe;3.95;chrome.exe;1076395035;discord.exe;843740021;python.exe;890065159;16;22.71;12.96;1780241589;2026-05-30 16:13:09;Saturday;513959
SteamData;São Paulo;DC-SP01;ZonaC;SRV-API-01;69.23;34359738368;28170739001;81.99;536870912000;373125996383;69.5;53.45;186863;171549;26;352;chrome.exe;36.45;python.exe;22.71;discord.exe;4.36;chrome.exe;3525162980;discord.exe;1700966447;python.exe;467056200;8;25.87;19.57;1779118389;2026-05-30 16:33:09;Saturday;621374
SteamData;Rio de Janeiro;DC-RJ01;ZonaB;SRV-WEB-01;70.56;34359738368;28619767174;83.29;536870912000;426158588776;79.38;91.84;201303;263530;16;397;chrome.exe;19.61;python.exe;8.28;discord.exe;4.42;chrome.exe;2126146701;discord.exe;810764755;python.exe;650806373;16;33.64;29.49;1779118389;2026-05-30 16:33:09;Saturday;612629
SteamData;Porto Alegre;DC-POA01;ZonaB;SRV-DB-01;91.3;34359738368;22287574860;64.87;536870912000;367620939605;68.47;20.28;98628;88938;13;297;chrome.exe;36.24;python.exe;24.07;discord.exe;9.18;chrome.exe;1862214919;discord.exe;800231379;python.exe;509516203;16;69.8;15.64;1778513589;2026-05-30 16:33:09;Saturday;643465
SteamData;São Paulo;DC-SP01;ZonaA;SRV-WEB-01;34.72;34359738368;12495974517;36.37;536870912000;448550753080;83.55;97.27;131276;113935;3;191;chrome.exe;36.56;python.exe;23.58;discord.exe;13.74;chrome.exe;2656442003;discord.exe;1196371963;python.exe;322376683;8;62.45;13.57;1777735989;2026-05-30 16:53:09;Saturday;752066
SteamData;Rio de Janeiro;DC-RJ01;ZonaC;SRV-DB-01;75.71;34359738368;28247065332;82.21;536870912000;235694607684;43.9;29.78;257560;287349;2;233;chrome.exe;20.72;python.exe;24.55;discord.exe;2.76;chrome.exe;3599068673;discord.exe;728294960;python.exe;778279995;16;32.94;13.32;1779723189;2026-05-30 16:53:09;Saturday;581741
SteamData;Porto Alegre;DC-POA01;ZonaC;SRV-DB-01;88.15;34359738368;28096111469;81.77;536870912000;435269700331;81.08;75.96;130287;54753;14;319;chrome.exe;33.34;python.exe;20.96;discord.exe;12.4;chrome.exe;2376660440;discord.exe;1290384477;python.exe;803389595;32;51.87;11.86;1778513589;2026-05-30 16:53:09;Saturday;695163
SteamData;São Paulo;DC-SP01;ZonaB;SRV-API-01;57.13;34359738368;20568280224;59.86;536870912000;219908553129;40.96;65.79;83597;229077;23;370;chrome.exe;18.77;python.exe;14.03;discord.exe;11.16;chrome.exe;2528442913;discord.exe;930335257;python.exe;413712407;8;64.93;13.47;1778686389;2026-05-30 17:13:09;Saturday;863059
SteamData;Rio de Janeiro;DC-RJ01;ZonaB;SRV-DB-01;48.8;34359738368;15689735932;45.66;536870912000;397712896878;74.08;113.89;253727;69390;23;400;chrome.exe;16.21;python.exe;10.91;discord.exe;7.94;chrome.exe;3236079042;discord.exe;1063790531;python.exe;970225232;32;12.22;10.0;1780241589;2026-05-30 17:13:09;Saturday;625186
SteamData;Porto Alegre;DC-POA01;ZonaA;SRV-WEB-01;61.75;34359738368;23771325206;69.18;536870912000;224044286902;41.73;38.91;283457;187963;17;283;chrome.exe;19.45;python.exe;17.72;discord.exe;10.96;chrome.exe;1136457457;discord.exe;1709598329;python.exe;741231691;32;48.55;16.18;1779982389;2026-05-30 17:13:09;Saturday;876498
SteamData;São Paulo;DC-SP01;ZonaC;SRV-WEB-01;49.29;34359738368;18854784537;54.87;536870912000;314079649092;58.5;61.03;263497;197420;12;289;chrome.exe;28.07;python.exe;9.07;discord.exe;9.6;chrome.exe;1142176810;discord.exe;936018665;python.exe;810133203;8;53.15;19.87;1777735989;2026-05-30 17:33:09;Saturday;771401
SteamData;Rio de Janeiro;DC-RJ01;ZonaB;SRV-DB-01;65.56;34359738368;26996996532;78.57;536870912000;355498810420;66.22;46.62;225396;301338;22;199;chrome.exe;25.65;python.exe;18.51;discord.exe;10.38;chrome.exe;2205645291;discord.exe;1016380711;python.exe;359359068;32;16.91;6.31;1778427189;2026-05-30 17:33:09;Saturday;517813
SteamData;Porto Alegre;DC-POA01;ZonaC;SRV-API-01;28.83;34359738368;25514640775;74.26;536870912000;299113840545;55.71;101.7;77656;393715;2;374;chrome.exe;15.89;python.exe;18.41;discord.exe;10.43;chrome.exe;2415316541;discord.exe;1370192031;python.exe;859914304;32;69.89;23.99;1779118389;2026-05-30 17:33:09;Saturday;516226
SteamData;São Paulo;DC-SP01;ZonaC;SRV-DB-01;48.77;34359738368;20291896615;59.06;536870912000;333888146550;62.19;73.69;135304;114420;14;188;chrome.exe;19.4;python.exe;8.14;discord.exe;14.67;chrome.exe;1559590729;discord.exe;1969561211;python.exe;376186587;32;48.18;13.98;1780241589;2026-05-30 17:53:09;Saturday;703268
SteamData;Rio de Janeiro;DC-RJ01;ZonaA;SRV-API-01;60.38;34359738368;14122938608;41.1;536870912000;390167865619;72.67;84.61;158181;145755;7;279;chrome.exe;32.59;python.exe;23.09;discord.exe;7.89;chrome.exe;1487193540;discord.exe;1016967792;python.exe;813774447;32;45.18;20.01;1779204789;2026-05-30 17:53:09;Saturday;802069
SteamData;Porto Alegre;DC-POA01;ZonaB;SRV-API-01;93.95;34359738368;14487795476;42.17;536870912000;207013123122;38.56;18.7;297198;264902;22;236;chrome.exe;34.73;python.exe;16.99;discord.exe;4.63;chrome.exe;3703932989;discord.exe;804612436;python.exe;475258582;32;67.29;24.27;1779550389;2026-05-30 17:53:09;Saturday;606112
SteamData;São Paulo;DC-SP01;ZonaA;SRV-DB-01;68.14;34359738368;19195721414;55.87;536870912000;437783091088;81.54;118.92;164117;158304;9;300;chrome.exe;20.87;python.exe;13.09;discord.exe;13.6;chrome.exe;3529937298;discord.exe;1526031975;python.exe;486785188;16;18.59;19.93;1778772789;2026-05-30 18:13:09;Saturday;639548
SteamData;Rio de Janeiro;DC-RJ01;ZonaC;SRV-DB-01;43.23;34359738368;18965225571;55.2;536870912000;244472706304;45.54;29.09;222236;77747;26;301;chrome.exe;37.74;python.exe;9.0;discord.exe;10.01;chrome.exe;2963035487;discord.exe;584377110;python.exe;536032191;8;48.19;8.04;1779895989;2026-05-30 18:13:09;Saturday;624496
SteamData;Porto Alegre;DC-POA01;ZonaB;SRV-API-01;32.88;34359738368;29701486000;86.44;536870912000;323880459654;60.33;30.61;268745;177937;20;335;chrome.exe;38.37;python.exe;16.51;discord.exe;14.62;chrome.exe;3012570984;discord.exe;1505682409;python.exe;846465769;16;49.64;15.31;1779636789;2026-05-30 18:13:09;Saturday;634894
SteamData;São Paulo;DC-SP01;ZonaC;SRV-DB-01;87.1;34359738368;24137059982;70.25;536870912000;205813941511;38.34;66.8;96880;85425;4;375;chrome.exe;36.1;python.exe;16.88;discord.exe;4.21;chrome.exe;2483247493;discord.exe;1970098386;python.exe;639255262;32;53.64;18.64;1779291189;2026-05-30 18:33:09;Saturday;549838
SteamData;Rio de Janeiro;DC-RJ01;ZonaC;SRV-WEB-01;80.48;34359738368;28048103108;81.63;536870912000;412705087301;76.87;14.91;80828;238282;4;253;chrome.exe;27.6;python.exe;24.29;discord.exe;14.6;chrome.exe;3193565446;discord.exe;1459219739;python.exe;776113244;32;21.82;27.36;1778340789;2026-05-30 18:33:09;Saturday;739661
SteamData;Porto Alegre;DC-POA01;ZonaC;SRV-API-01;64.04;34359738368;12095739217;35.2;536870912000;294106461295;54.78;73.49;250693;106272;24;220;chrome.exe;20.88;python.exe;10.1;discord.exe;11.93;chrome.exe;1218595725;discord.exe;1155191072;python.exe;378319035;16;13.92;27.09;1778340789;2026-05-30 18:33:09;Saturday;553060
SteamData;São Paulo;DC-SP01;ZonaB;SRV-DB-01;36.89;34359738368;26607126326;77.44;536870912000;389876626907;72.62;94.86;129991;391805;26;317;chrome.exe;25.4;python.exe;24.55;discord.exe;14.53;chrome.exe;1444707018;discord.exe;1434689234;python.exe;502747141;32;28.23;25.11;1779723189;2026-05-30 18:53:09;Saturday;563403
SteamData;Rio de Janeiro;DC-RJ01;ZonaA;SRV-API-01;52.82;34359738368;25585356693;74.46;536870912000;253096014811;47.14;52.7;275577;333327;28;243;chrome.exe;12.21;python.exe;8.06;discord.exe;2.57;chrome.exe;2285649524;discord.exe;1571257590;python.exe;429913263;32;59.39;24.12;1779723189;2026-05-30 18:53:09;Saturday;868679
SteamData;Porto Alegre;DC-POA01;ZonaC;SRV-WEB-01;93.23;34359738368;26810528444;78.03;536870912000;298015444163;55.51;33.87;109656;242452;19;239;chrome.exe;36.48;python.exe;14.65;discord.exe;12.0;chrome.exe;2745970071;discord.exe;638769134;python.exe;475652302;16;40.28;7.36;1779031989;2026-05-30 18:53:09;Saturday;788122
SteamData;São Paulo;DC-SP01;ZonaC;SRV-DB-01;37.38;34359738368;28157209738;81.95;536870912000;412868943240;76.9;26.45;80311;270687;25;202;chrome.exe;15.42;python.exe;9.07;discord.exe;8.03;chrome.exe;2260893647;discord.exe;700327369;python.exe;977301695;8;57.05;12.36;1778254389;2026-05-30 19:13:09;Saturday;579740
SteamData;Rio de Janeiro;DC-RJ01;ZonaC;SRV-WEB-01;88.7;34359738368;15199609270;44.24;536870912000;383357508859;71.41;94.94;197989;364581;16;202;chrome.exe;10.08;python.exe;13.52;discord.exe;4.25;chrome.exe;3372928192;discord.exe;574060467;python.exe;680988369;16;56.15;28.94;1778427189;2026-05-30 19:13:09;Saturday;735911
SteamData;Porto Alegre;DC-POA01;ZonaB;SRV-WEB-01;31.6;34359738368;17446533946;50.78;536870912000;270978698474;50.47;81.18;247647;131367;19;237;chrome.exe;29.53;python.exe;5.59;discord.exe;7.61;chrome.exe;1990277404;discord.exe;791003880;python.exe;858427776;16;69.2;19.07;1777908789;2026-05-30 19:13:09;Saturday;732030
SteamData;São Paulo;DC-SP01;ZonaB;SRV-DB-01;32.94;34359738368;23973429653;69.77;536870912000;232845163372;43.37;70.8;298169;132089;29;188;chrome.exe;35.55;python.exe;20.02;discord.exe;12.86;chrome.exe;2634810784;discord.exe;1261728412;python.exe;358993347;16;30.97;26.6;1778772789;2026-05-30 19:33:09;Saturday;748514
SteamData;Rio de Janeiro;DC-RJ01;ZonaB;SRV-DB-01;69.69;34359738368;20030872281;58.3;536870912000;329316666405;61.34;44.73;260997;79468;27;298;chrome.exe;30.15;python.exe;8.41;discord.exe;8.28;chrome.exe;1502565079;discord.exe;1152806461;python.exe;459496607;32;50.23;7.23;1779031989;2026-05-30 19:33:09;Saturday;882056
SteamData;Porto Alegre;DC-POA01;ZonaC;SRV-WEB-01;72.59;34359738368;14344098785;41.75;536870912000;387492707812;72.18;80.17;85525;254532;9;368;chrome.exe;18.94;python.exe;6.69;discord.exe;10.8;chrome.exe;2867144450;discord.exe;501097123;python.exe;447800683;16;48.83;5.22;1780241589;2026-05-30 19:33:09;Saturday;741009
SteamData;São Paulo;DC-SP01;ZonaC;SRV-DB-01;78.64;34359738368;23167314015;67.43;536870912000;292932041203;54.56;89.42;142379;93482;12;246;chrome.exe;25.23;python.exe;11.94;discord.exe;4.06;chrome.exe;1169025246;discord.exe;1476190065;python.exe;418631679;16;27.69;14.44;1780241589;2026-05-30 19:53:09;Saturday;682494
SteamData;Rio de Janeiro;DC-RJ01;ZonaC;SRV-DB-01;84.96;34359738368;22308666718;64.93;536870912000;324162184588;60.38;104.36;143598;277024;19;165;chrome.exe;10.4;python.exe;10.3;discord.exe;3.91;chrome.exe;2775919198;discord.exe;823147392;python.exe;925068159;8;32.36;22.4;1778254389;2026-05-30 19:53:09;Saturday;795987
SteamData;Porto Alegre;DC-POA01;ZonaA;SRV-WEB-01;37.65;34359738368;22308352169;64.93;536870912000;271274971925;50.53;87.22;67579;357984;29;275;chrome.exe;32.69;python.exe;18.85;discord.exe;10.24;chrome.exe;1575769157;discord.exe;1482476280;python.exe;841196761;32;36.36;28.29;1777735989;2026-05-30 19:53:09;Saturday;824979
SteamData;São Paulo;DC-SP01;ZonaA;SRV-DB-01;43.85;34359738368;22937101662;66.76;536870912000;374995463034;69.85;36.4;133258;69969;10;325;chrome.exe;20.71;python.exe;5.14;discord.exe;5.54;chrome.exe;1293150369;discord.exe;592708992;python.exe;802682633;32;10.22;17.41;1777995189;2026-05-30 20:13:09;Saturday;625688
SteamData;Rio de Janeiro;DC-RJ01;ZonaC;SRV-DB-01;83.55;34359738368;28239567944;82.19;536870912000;222189506751;41.39;15.83;226756;259780;12;164;chrome.exe;34.65;python.exe;14.62;discord.exe;2.66;chrome.exe;2265533557;discord.exe;1607136530;python.exe;317998202;16;18.21;13.96;1779118389;2026-05-30 20:13:09;Saturday;507259
SteamData;Porto Alegre;DC-POA01;ZonaB;SRV-API-01;87.31;34359738368;13093607137;38.11;536870912000;263193866979;49.02;47.49;266663;299765;0;317;chrome.exe;26.57;python.exe;15.38;discord.exe;8.14;chrome.exe;3804737717;discord.exe;1215988536;python.exe;947622588;16;58.93;28.85;1779982389;2026-05-30 20:13:09;Saturday;524553
SteamData;São Paulo;DC-SP01;ZonaB;SRV-API-01;33.99;34359738368;19857372985;57.79;536870912000;279601427647;52.08;119.37;254371;268792;12;258;chrome.exe;13.44;python.exe;20.07;discord.exe;5.71;chrome.exe;1284981127;discord.exe;1123780348;python.exe;566159732;16;13.47;16.02;1779118389;2026-05-30 20:33:09;Saturday;800493
SteamData;Rio de Janeiro;DC-RJ01;ZonaA;SRV-API-01;50.05;34359738368;12406952138;36.11;536870912000;432317160973;80.53;109.33;192405;116367;29;396;chrome.exe;28.17;python.exe;20.29;discord.exe;8.48;chrome.exe;2015217841;discord.exe;584784206;python.exe;481341529;32;66.8;6.16;1779377589;2026-05-30 20:33:09;Saturday;672335
SteamData;Porto Alegre;DC-POA01;ZonaA;SRV-API-01;33.48;34359738368;22846714316;66.49;536870912000;237930119359;44.32;36.75;296556;211730;11;172;chrome.exe;27.32;python.exe;20.11;discord.exe;9.02;chrome.exe;1664603843;discord.exe;1135214073;python.exe;455247362;32;56.53;12.14;1779118389;2026-05-30 20:33:09;Saturday;666002
SteamData;São Paulo;DC-SP01;ZonaC;SRV-DB-01;78.77;34359738368;23290192252;67.78;536870912000;404812046539;75.4;78.92;217652;391268;10;214;chrome.exe;37.42;python.exe;23.33;discord.exe;2.39;chrome.exe;3414954008;discord.exe;640978170;python.exe;516629316;16;41.92;12.66;1777822389;2026-05-30 20:53:09;Saturday;843612
SteamData;Rio de Janeiro;DC-RJ01;ZonaC;SRV-DB-01;55.83;34359738368;15730318977;45.78;536870912000;247474603497;46.1;89.55;297061;180916;24;196;chrome.exe;37.58;python.exe;12.6;discord.exe;8.9;chrome.exe;3536196231;discord.exe;1968515948;python.exe;388912677;32;52.79;18.79;1778513589;2026-05-30 20:53:09;Saturday;622022
SteamData;Porto Alegre;DC-POA01;ZonaC;SRV-DB-01;68.7;34359738368;25172056330;73.26;536870912000;381140711534;70.99;60.77;215178;270620;4;309;chrome.exe;34.73;python.exe;19.73;discord.exe;4.67;chrome.exe;2763773773;discord.exe;1609003899;python.exe;360816979;16;46.43;13.16;1779895989;2026-05-30 20:53:09;Saturday;872284
SteamData;São Paulo;DC-SP01;ZonaA;SRV-WEB-01;29.47;34359738368;29552882328;86.01;536870912000;244231545284;45.49;26.53;181565;190914;5;325;chrome.exe;10.95;python.exe;7.59;discord.exe;12.31;chrome.exe;2679851635;discord.exe;1632683827;python.exe;555622655;32;47.73;15.04;1778167989;2026-05-30 21:13:09;Saturday;681133
SteamData;Rio de Janeiro;DC-RJ01;ZonaC;SRV-WEB-01;35.25;34359738368;13439294643;39.11;536870912000;318264541755;59.28;85.97;280601;117504;5;387;chrome.exe;29.94;python.exe;9.02;discord.exe;8.05;chrome.exe;3976517784;discord.exe;1770037600;python.exe;764991464;32;45.06;26.32;1779723189;2026-05-30 21:13:09;Saturday;517654
SteamData;Porto Alegre;DC-POA01;ZonaA;SRV-DB-01;83.98;34359738368;27293862685;79.44;536870912000;240633321775;44.82;11.11;117808;393664;30;156;chrome.exe;22.8;python.exe;20.37;discord.exe;7.87;chrome.exe;1830932258;discord.exe;1742085363;python.exe;657264810;16;15.02;19.6;1778513589;2026-05-30 21:13:09;Saturday;650218
SteamData;São Paulo;DC-SP01;ZonaC;SRV-WEB-01;38.3;34359738368;19674048765;57.26;536870912000;253197506740;47.16;39.54;132018;362298;6;299;chrome.exe;20.31;python.exe;17.96;discord.exe;2.9;chrome.exe;3997984522;discord.exe;1015931332;python.exe;701290996;16;25.74;29.58;1779291189;2026-05-30 21:33:09;Saturday;703373
SteamData;Rio de Janeiro;DC-RJ01;ZonaC;SRV-WEB-01;66.61;34359738368;20773871462;60.46;536870912000;322206057241;60.02;13.71;259593;134598;1;398;chrome.exe;27.58;python.exe;14.13;discord.exe;7.74;chrome.exe;2195094844;discord.exe;810233295;python.exe;956921283;16;68.78;21.94;1779204789;2026-05-30 21:33:09;Saturday;824813
SteamData;Porto Alegre;DC-POA01;ZonaB;SRV-API-01;77.18;34359738368;12927822618;37.62;536870912000;251161849866;46.78;113.24;60318;64964;26;166;chrome.exe;36.61;python.exe;12.42;discord.exe;7.99;chrome.exe;1330519922;discord.exe;1880403288;python.exe;826979528;32;44.89;14.81;1777735989;2026-05-30 21:33:09;Saturday;817129
SteamData;São Paulo;DC-SP01;ZonaB;SRV-WEB-01;49.05;34359738368;19851563108;57.78;536870912000;281220168516;52.38;116.44;109082;112527;0;157;chrome.exe;20.54;python.exe;24.73;discord.exe;13.03;chrome.exe;1685496355;discord.exe;1619567592;python.exe;374498673;32;29.38;29.5;1777995189;2026-05-30 21:53:09;Saturday;773091
SteamData;Rio de Janeiro;DC-RJ01;ZonaB;SRV-WEB-01;78.95;34359738368;13969071550;40.66;536870912000;414206937207;77.15;94.54;110081;196169;29;166;chrome.exe;38.52;python.exe;14.83;discord.exe;6.93;chrome.exe;2505505075;discord.exe;806738071;python.exe;786355551;16;11.17;9.14;1780068789;2026-05-30 21:53:09;Saturday;610374
SteamData;Porto Alegre;DC-POA01;ZonaC;SRV-WEB-01;50.34;34359738368;23359572695;67.99;536870912000;439142404685;81.8;70.7;152754;263267;22;178;chrome.exe;24.89;python.exe;17.01;discord.exe;8.24;chrome.exe;3015175924;discord.exe;553017444;python.exe;433244322;16;68.55;8.37;1777908789;2026-05-30 21:53:09;Saturday;808262
SteamData;São Paulo;DC-SP01;ZonaC;SRV-WEB-01;69.12;34359738368;23164812964;67.42;536870912000;245576644700;45.74;76.16;248809;218108;9;154;chrome.exe;35.57;python.exe;18.08;discord.exe;13.58;chrome.exe;3955835006;discord.exe;1423436909;python.exe;406960675;16;17.72;11.33;1779723189;2026-05-30 22:13:09;Saturday;546128
SteamData;Rio de Janeiro;DC-RJ01;ZonaB;SRV-WEB-01;40.69;34359738368;27766868614;80.81;536870912000;442812625049;82.48;62.87;150238;86531;28;341;chrome.exe;16.99;python.exe;23.49;discord.exe;14.39;chrome.exe;3883571739;discord.exe;1391444158;python.exe;412643792;8;11.77;28.33;1778254389;2026-05-30 22:13:09;Saturday;826126
SteamData;Porto Alegre;DC-POA01;ZonaB;SRV-API-01;63.8;34359738368;26823292383;78.07;536870912000;290453191382;54.1;105.93;193418;335148;30;199;chrome.exe;12.97;python.exe;6.66;discord.exe;2.36;chrome.exe;2473515927;discord.exe;1250513316;python.exe;400578092;32;20.73;15.23;1778340789;2026-05-30 22:13:09;Saturday;584655
SteamData;São Paulo;DC-SP01;ZonaA;SRV-WEB-01;39.71;34359738368;18699070957;54.42;536870912000;399225464499;74.36;87.59;200647;89062;18;169;chrome.exe;31.1;python.exe;22.47;discord.exe;7.83;chrome.exe;3884372681;discord.exe;975716520;python.exe;630129105;32;58.45;11.97;1778686389;2026-05-30 22:33:09;Saturday;881689
SteamData;Rio de Janeiro;DC-RJ01;ZonaA;SRV-DB-01;60.42;34359738368;26441130766;76.95;536870912000;384173459862;71.56;76.07;257665;331165;14;215;chrome.exe;20.53;python.exe;16.35;discord.exe;7.84;chrome.exe;2461167599;discord.exe;1819051174;python.exe;458666374;32;61.48;9.57;1778945589;2026-05-30 22:33:09;Saturday;728379
SteamData;Porto Alegre;DC-POA01;ZonaC;SRV-DB-01;41.04;34359738368;25497166210;74.21;536870912000;310002323578;57.74;19.53;216900;197696;5;244;chrome.exe;21.02;python.exe;20.34;discord.exe;6.6;chrome.exe;3707371383;discord.exe;1246841653;python.exe;448636961;32;46.62;10.06;1779291189;2026-05-30 22:33:09;Saturday;524011
SteamData;São Paulo;DC-SP01;ZonaC;SRV-API-01;35.51;34359738368;22836265897;66.46;536870912000;314979957013;58.67;29.09;288037;274045;20;192;chrome.exe;35.16;python.exe;5.37;discord.exe;13.53;chrome.exe;2967960478;discord.exe;1386243009;python.exe;373658158;16;50.76;12.66;1779809589;2026-05-30 22:53:09;Saturday;553385
SteamData;Rio de Janeiro;DC-RJ01;ZonaA;SRV-WEB-01;78.57;34359738368;12070132082;35.13;536870912000;321513936586;59.89;82.29;147150;121905;0;303;chrome.exe;29.87;python.exe;16.32;discord.exe;8.66;chrome.exe;3334784054;discord.exe;1156276694;python.exe;913472789;32;42.95;20.7;1779118389;2026-05-30 22:53:09;Saturday;596060
SteamData;Porto Alegre;DC-POA01;ZonaB;SRV-API-01;94.84;34359738368;22546230168;65.62;536870912000;267975079165;49.91;107.42;241379;221217;4;314;chrome.exe;38.85;python.exe;17.14;discord.exe;4.82;chrome.exe;3201043855;discord.exe;831584309;python.exe;587159375;16;67.89;5.04;1778772789;2026-05-30 22:53:09;Saturday;871872
SteamData;São Paulo;DC-SP01;ZonaB;SRV-DB-01;82.82;34359738368;15867351414;46.18;536870912000;404359545353;75.32;95.02;93335;266599;11;354;chrome.exe;34.62;python.exe;16.58;discord.exe;12.57;chrome.exe;2006736250;discord.exe;1697084348;python.exe;915187533;16;69.27;5.09;1779723189;2026-05-30 23:13:09;Saturday;832425
SteamData;Rio de Janeiro;DC-RJ01;ZonaC;SRV-API-01;67.38;34359738368;16034496847;46.67;536870912000;293754670848;54.72;98.2;251434;283788;16;289;chrome.exe;16.81;python.exe;23.24;discord.exe;5.75;chrome.exe;2012252825;discord.exe;1409902735;python.exe;342058372;32;55.42;15.45;1777995189;2026-05-30 23:13:09;Saturday;511188
SteamData;Porto Alegre;DC-POA01;ZonaA;SRV-DB-01;84.27;34359738368;26726758830;77.79;536870912000;209040431120;38.94;16.12;274996;247366;1;206;chrome.exe;14.28;python.exe;19.03;discord.exe;5.86;chrome.exe;3143701095;discord.exe;1174636046;python.exe;762212001;32;63.49;10.17;1779982389;2026-05-30 23:13:09;Saturday;512670
SteamData;São Paulo;DC-SP01;ZonaC;SRV-DB-01;84.62;34359738368;20926141420;60.9;536870912000;245750310011;45.77;23.11;77162;227118;21;174;chrome.exe;32.07;python.exe;10.24;discord.exe;8.94;chrome.exe;1914368607;discord.exe;750572530;python.exe;770610648;8;50.17;6.87;1780068789;2026-05-30 23:33:09;Saturday;894333
SteamData;Rio de Janeiro;DC-RJ01;ZonaA;SRV-DB-01;57.18;34359738368;25987088867;75.63;536870912000;429023446224;79.91;103.97;128973;154941;30;260;chrome.exe;20.15;python.exe;6.88;discord.exe;3.07;chrome.exe;3944571443;discord.exe;1180548031;python.exe;693447466;16;31.68;29.94;1778772789;2026-05-30 23:33:09;Saturday;859162
SteamData;Porto Alegre;DC-POA01;ZonaC;SRV-WEB-01;59.96;34359738368;24372044157;70.93;536870912000;206569791196;38.48;28.53;111470;294516;14;210;chrome.exe;14.27;python.exe;10.05;discord.exe;12.57;chrome.exe;1257244175;discord.exe;1352440639;python.exe;688770728;8;27.9;16.9;1778340789;2026-05-30 23:33:09;Saturday;719104
SteamData;São Paulo;DC-SP01;ZonaC;SRV-DB-01;47.3;34359738368;27114274985;78.91;536870912000;205870956184;38.35;48.17;231280;112953;0;185;chrome.exe;29.5;python.exe;22.93;discord.exe;14.87;chrome.exe;1985191826;discord.exe;1374795952;python.exe;459884486;16;23.53;17.24;1778254389;2026-05-30 23:53:09;Saturday;756202
SteamData;Rio de Janeiro;DC-RJ01;ZonaA;SRV-API-01;73.09;34359738368;14937585591;43.47;536870912000;252936711550;47.11;71.3;290028;110607;13;301;chrome.exe;29.11;python.exe;12.38;discord.exe;4.61;chrome.exe;3992589472;discord.exe;1779355879;python.exe;803372567;32;55.65;20.33;1778081589;2026-05-30 23:53:09;Saturday;516844
SteamData;Porto Alegre;DC-POA01;ZonaB;SRV-DB-01;51.96;34359738368;26471327232;77.04;536870912000;404184997718;75.29;35.42;185911;103280;30;269;chrome.exe;29.27;python.exe;12.01;discord.exe;14.77;chrome.exe;1738172168;discord.exe;1572572668;python.exe;702241114;16;39.39;6.66;1780155189;2026-05-30 23:53:09;Saturday;794546
SteamData;São Paulo;DC-SP01;ZonaB;SRV-WEB-01;83.17;34359738368;25464001891;74.11;536870912000;274790369781;51.18;55.73;70574;104614;11;364;chrome.exe;37.23;python.exe;22.67;discord.exe;13.99;chrome.exe;2722099902;discord.exe;616975439;python.exe;982332425;8;51.39;29.01;1778254389;2026-05-31 00:13:09;Sunday;557630
SteamData;Rio de Janeiro;DC-RJ01;ZonaC;SRV-API-01;44.67;34359738368;18782352421;54.66;536870912000;318578503637;59.34;66.79;153321;64349;15;182;chrome.exe;24.04;python.exe;15.05;discord.exe;2.94;chrome.exe;2775079014;discord.exe;1687682785;python.exe;778729515;32;42.4;25.33;1778772789;2026-05-31 00:13:09;Sunday;596240
SteamData;Porto Alegre;DC-POA01;ZonaC;SRV-API-01;82.77;34359738368;21563670298;62.76;536870912000;441746581582;82.28;112.93;278024;311047;21;164;chrome.exe;25.87;python.exe;7.54;discord.exe;9.47;chrome.exe;1847271973;discord.exe;1953165542;python.exe;626537886;16;36.7;27.33;1778254389;2026-05-31 00:13:09;Sunday;728225
SteamData;São Paulo;DC-SP01;ZonaC;SRV-API-01;92.27;34359738368;21011800760;61.15;536870912000;426659059734;79.47;78.93;273560;387798;26;351;chrome.exe;23.06;python.exe;22.47;discord.exe;10.99;chrome.exe;1043302052;discord.exe;1446308655;python.exe;452759940;8;52.78;10.56;1779204789;2026-05-31 00:33:09;Sunday;557160
SteamData;Rio de Janeiro;DC-RJ01;ZonaC;SRV-DB-01;63.81;34359738368;27183253414;79.11;536870912000;361751589449;67.38;78.03;221226;320179;11;184;chrome.exe;18.98;python.exe;12.85;discord.exe;10.3;chrome.exe;3935863022;discord.exe;1571629248;python.exe;444812260;8;26.46;22.05;1778859189;2026-05-31 00:33:09;Sunday;822225
SteamData;Porto Alegre;DC-POA01;ZonaC;SRV-API-01;80.15;34359738368;18295260936;53.25;536870912000;299574167817;55.8;55.35;84950;206086;27;163;chrome.exe;35.6;python.exe;7.74;discord.exe;3.55;chrome.exe;2919495305;discord.exe;1070309881;python.exe;583869637;32;12.23;11.88;1779636789;2026-05-31 00:33:09;Sunday;511858
SteamData;São Paulo;DC-SP01;ZonaA;SRV-WEB-01;47.25;34359738368;25071534276;72.97;536870912000;319355149573;59.48;27.26;166555;297460;16;298;chrome.exe;28.19;python.exe;21.82;discord.exe;6.24;chrome.exe;3088202314;discord.exe;1755618230;python.exe;692173304;8;48.5;29.85;1777735989;2026-05-31 00:53:09;Sunday;603527
SteamData;Rio de Janeiro;DC-RJ01;ZonaA;SRV-DB-01;66.82;34359738368;20985727455;61.08;536870912000;343066010953;63.9;81.98;98608;52619;13;399;chrome.exe;13.01;python.exe;7.16;discord.exe;6.81;chrome.exe;1598503076;discord.exe;1719639722;python.exe;695370519;32;33.96;25.46;1779118389;2026-05-31 00:53:09;Sunday;896128
SteamData;Porto Alegre;DC-POA01;ZonaC;SRV-DB-01;53.65;34359738368;25499833420;74.21;536870912000;388897820884;72.44;99.1;258189;353901;21;286;chrome.exe;39.41;python.exe;19.95;discord.exe;8.39;chrome.exe;1521681346;discord.exe;1509045224;python.exe;806147669;16;30.41;11.87;1778945589;2026-05-31 00:53:09;Sunday;693604
SteamData;São Paulo;DC-SP01;ZonaC;SRV-API-01;41.94;34359738368;29963526403;87.21;536870912000;333499317065;62.12;16.11;79331;155350;28;266;chrome.exe;27.56;python.exe;10.75;discord.exe;2.23;chrome.exe;2566425536;discord.exe;1418152776;python.exe;850856567;16;50.7;27.16;1778599989;2026-05-31 01:13:09;Sunday;788084
SteamData;Rio de Janeiro;DC-RJ01;ZonaC;SRV-DB-01;75.01;34359738368;17146879015;49.9;536870912000;251349021272;46.82;74.05;250037;380301;23;265;chrome.exe;33.26;python.exe;24.17;discord.exe;13.78;chrome.exe;3489740375;discord.exe;1584181833;python.exe;585035688;32;21.57;15.85;1779809589;2026-05-31 01:13:09;Sunday;735650
SteamData;Porto Alegre;DC-POA01;ZonaB;SRV-WEB-01;31.91;34359738368;17377000174;50.57;536870912000;331891185762;61.82;108.2;235412;273787;4;324;chrome.exe;12.48;python.exe;12.08;discord.exe;12.38;chrome.exe;3249521855;discord.exe;1217363692;python.exe;954250984;32;46.31;29.14;1777735989;2026-05-31 01:13:09;Sunday;694316
SteamData;São Paulo;DC-SP01;ZonaC;SRV-API-01;38.18;34359738368;17436150818;50.75;536870912000;314721569719;58.62;79.82;113647;334517;17;173;chrome.exe;20.58;python.exe;13.07;discord.exe;3.74;chrome.exe;2720767464;discord.exe;530024539;python.exe;786912824;32;65.48;13.22;1778427189;2026-05-31 01:33:09;Sunday;609666
SteamData;Rio de Janeiro;DC-RJ01;ZonaC;SRV-DB-01;78.81;34359738368;28421084038;82.72;536870912000;225387058286;41.98;18.34;285973;340478;27;234;chrome.exe;23.13;python.exe;6.13;discord.exe;10.3;chrome.exe;2554369495;discord.exe;1065496494;python.exe;637652584;32;68.15;19.05;1778686389;2026-05-31 01:33:09;Sunday;713739
SteamData;Porto Alegre;DC-POA01;ZonaB;SRV-DB-01;45.46;34359738368;14285330737;41.58;536870912000;249026490310;46.38;98.01;280293;342256;21;247;chrome.exe;27.52;python.exe;24.27;discord.exe;3.69;chrome.exe;2013416403;discord.exe;609229889;python.exe;596425485;32;19.64;12.98;1779031989;2026-05-31 01:33:09;Sunday;592939
SteamData;São Paulo;DC-SP01;ZonaA;SRV-WEB-01;73.35;34359738368;28465834212;82.85;536870912000;407535460387;75.91;57.15;273924;260851;21;207;chrome.exe;32.83;python.exe;11.84;discord.exe;5.86;chrome.exe;1003534773;discord.exe;1565765268;python.exe;534454922;16;43.64;15.41;1778167989;2026-05-31 01:53:09;Sunday;584756
SteamData;Rio de Janeiro;DC-RJ01;ZonaB;SRV-API-01;89.02;34359738368;21349544665;62.14;536870912000;417499989215;77.77;93.14;197133;66408;15;172;chrome.exe;39.21;python.exe;19.11;discord.exe;12.58;chrome.exe;1098673653;discord.exe;1024355251;python.exe;512307548;16;31.38;15.16;1779031989;2026-05-31 01:53:09;Sunday;796903
SteamData;Porto Alegre;DC-POA01;ZonaB;SRV-API-01;70.45;34359738368;19840785412;57.74;536870912000;303797457905;56.59;54.44;67571;121807;18;216;chrome.exe;17.16;python.exe;18.04;discord.exe;13.52;chrome.exe;3077200053;discord.exe;1169351364;python.exe;449955311;16;27.08;9.52;1779118389;2026-05-31 01:53:09;Sunday;663466
SteamData;São Paulo;DC-SP01;ZonaB;SRV-API-01;45.64;34359738368;13645333228;39.71;536870912000;234046994729;43.59;98.72;125105;385123;0;333;chrome.exe;10.88;python.exe;8.14;discord.exe;7.83;chrome.exe;2903547849;discord.exe;577816858;python.exe;606143798;8;16.08;8.65;1779291189;2026-05-31 02:13:09;Sunday;845599
SteamData;Rio de Janeiro;DC-RJ01;ZonaA;SRV-DB-01;31.23;34359738368;16235373976;47.25;536870912000;327860339918;61.07;94.67;255962;139088;21;249;chrome.exe;12.87;python.exe;18.36;discord.exe;13.41;chrome.exe;1106551639;discord.exe;532962153;python.exe;475961393;8;61.64;5.62;1778772789;2026-05-31 02:13:09;Sunday;523423
SteamData;Porto Alegre;DC-POA01;ZonaA;SRV-API-01;60.61;34359738368;29879311543;86.96;536870912000;430989343576;80.28;104.41;256362;397005;7;166;chrome.exe;19.52;python.exe;20.98;discord.exe;10.55;chrome.exe;3556965791;discord.exe;1761224035;python.exe;332686652;16;62.33;24.95;1778081589;2026-05-31 02:13:09;Sunday;515913
SteamData;São Paulo;DC-SP01;ZonaC;SRV-WEB-01;56.88;34359738368;28071974881;81.7;536870912000;285217934461;53.13;101.89;64120;242211;8;226;chrome.exe;38.51;python.exe;17.16;discord.exe;7.76;chrome.exe;1903650304;discord.exe;1758575258;python.exe;395589701;32;31.89;23.53;1778167989;2026-05-31 02:33:09;Sunday;732935
SteamData;Rio de Janeiro;DC-RJ01;ZonaA;SRV-WEB-01;74.89;34359738368;25981003368;75.61;536870912000;323642490835;60.28;68.29;255075;103640;18;209;chrome.exe;10.35;python.exe;17.45;discord.exe;12.69;chrome.exe;2242803357;discord.exe;676667246;python.exe;995104227;32;16.19;9.09;1778945589;2026-05-31 02:33:09;Sunday;838301
SteamData;Porto Alegre;DC-POA01;ZonaA;SRV-WEB-01;87.36;34359738368;20183457801;58.74;536870912000;321413159138;59.87;97.66;166298;348624;9;348;chrome.exe;16.3;python.exe;16.9;discord.exe;6.85;chrome.exe;1008754783;discord.exe;813831466;python.exe;928596754;8;25.69;27.18;1780241589;2026-05-31 02:33:09;Sunday;653022
SteamData;São Paulo;DC-SP01;ZonaA;SRV-API-01;60.32;34359738368;12065376090;35.11;536870912000;419989543661;78.23;112.92;223071;193597;23;209;chrome.exe;23.07;python.exe;16.92;discord.exe;5.82;chrome.exe;3494070375;discord.exe;1387115586;python.exe;467830842;16;49.16;10.29;1778081589;2026-05-31 02:53:09;Sunday;677277
SteamData;Rio de Janeiro;DC-RJ01;ZonaC;SRV-WEB-01;59.11;34359738368;29022254295;84.47;536870912000;392975928268;73.2;75.98;274892;302557;22;299;chrome.exe;31.03;python.exe;14.08;discord.exe;2.41;chrome.exe;2426124829;discord.exe;626147589;python.exe;865385155;32;13.31;10.55;1779895989;2026-05-31 02:53:09;Sunday;780963
SteamData;Porto Alegre;DC-POA01;ZonaA;SRV-WEB-01;39.83;34359738368;29667785491;86.34;536870912000;416510746084;77.58;88.51;216159;235841;20;172;chrome.exe;27.97;python.exe;18.04;discord.exe;6.4;chrome.exe;1731937057;discord.exe;1311458976;python.exe;746536054;8;59.49;7.63;1779636789;2026-05-31 02:53:09;Sunday;747768
SteamData;São Paulo;DC-SP01;ZonaA;SRV-DB-01;83.44;34359738368;22903414818;66.66;536870912000;244708136762;45.58;113.2;90104;332558;2;358;chrome.exe;35.33;python.exe;13.83;discord.exe;9.87;chrome.exe;2155976862;discord.exe;1684275046;python.exe;312532912;8;24.84;13.41;1780241589;2026-05-31 03:13:09;Sunday;625923
SteamData;Rio de Janeiro;DC-RJ01;ZonaC;SRV-DB-01;64.7;34359738368;24830628309;72.27;536870912000;283729613670;52.85;63.94;65872;67244;9;154;chrome.exe;34.24;python.exe;22.97;discord.exe;11.08;chrome.exe;1787377878;discord.exe;1807011163;python.exe;739529889;8;49.58;18.15;1779636789;2026-05-31 03:13:09;Sunday;571020
SteamData;Porto Alegre;DC-POA01;ZonaC;SRV-WEB-01;73.86;34359738368;19344057557;56.3;536870912000;284063231361;52.91;60.65;139069;112355;30;220;chrome.exe;37.27;python.exe;24.08;discord.exe;6.8;chrome.exe;2550994715;discord.exe;1500636906;python.exe;638811257;16;57.71;10.79;1778859189;2026-05-31 03:13:09;Sunday;534082
SteamData;São Paulo;DC-SP01;ZonaA;SRV-WEB-01;87.79;34359738368;23321869656;67.88;536870912000;358259246639;66.73;73.71;131385;291810;21;299;chrome.exe;20.15;python.exe;16.85;discord.exe;12.9;chrome.exe;1379197832;discord.exe;1440869631;python.exe;407154087;32;48.97;29.95;1778427189;2026-05-31 03:33:09;Sunday;835440
SteamData;Rio de Janeiro;DC-RJ01;ZonaB;SRV-API-01;32.09;34359738368;19684067233;57.29;536870912000;289692469731;53.96;32.4;188744;244465;26;184;chrome.exe;12.27;python.exe;24.73;discord.exe;4.88;chrome.exe;1542151932;discord.exe;1243199835;python.exe;928665546;32;21.81;17.23;1777995189;2026-05-31 03:33:09;Sunday;848737
SteamData;Porto Alegre;DC-POA01;ZonaC;SRV-API-01;39.14;34359738368;12099571923;35.21;536870912000;365739344003;68.12;73.96;225944;204027;18;172;chrome.exe;36.31;python.exe;10.65;discord.exe;7.73;chrome.exe;1073247663;discord.exe;1904169820;python.exe;616253935;16;49.63;12.71;1778167989;2026-05-31 03:33:09;Sunday;607319
SteamData;São Paulo;DC-SP01;ZonaA;SRV-WEB-01;28.64;34359738368;22936427100;66.75;536870912000;407362561778;75.88;98.39;292987;340457;24;184;chrome.exe;30.5;python.exe;13.89;discord.exe;9.32;chrome.exe;2391460411;discord.exe;1189507781;python.exe;636302316;8;64.65;26.74;1777995189;2026-05-31 03:53:09;Sunday;863835
SteamData;Rio de Janeiro;DC-RJ01;ZonaA;SRV-API-01;54.62;34359738368;24887106742;72.43;536870912000;400225716393;74.55;20.91;89356;280899;7;294;chrome.exe;23.73;python.exe;19.04;discord.exe;4.64;chrome.exe;2988017769;discord.exe;756860025;python.exe;795850286;16;66.2;21.57;1779204789;2026-05-31 03:53:09;Sunday;877436
SteamData;Porto Alegre;DC-POA01;ZonaB;SRV-API-01;25.74;34359738368;25835294769;75.19;536870912000;279859668605;52.13;98.37;104877;51066;4;277;chrome.exe;35.62;python.exe;15.27;discord.exe;7.32;chrome.exe;1996514828;discord.exe;590426856;python.exe;448545665;16;28.54;21.12;1777735989;2026-05-31 03:53:09;Sunday;535745
SteamData;São Paulo;DC-SP01;ZonaB;SRV-DB-01;91.44;34359738368;27213575473;79.2;536870912000;425135671245;79.19;118.67;292684;56840;11;225;chrome.exe;35.58;python.exe;18.09;discord.exe;7.38;chrome.exe;2088364233;discord.exe;1094304991;python.exe;460550982;8;17.07;16.58;1779377589;2026-05-31 04:13:09;Sunday;645633
SteamData;Rio de Janeiro;DC-RJ01;ZonaB;SRV-API-01;86.72;34359738368;15350913331;44.68;536870912000;275877514525;51.39;118.69;285262;83570;2;312;chrome.exe;29.56;python.exe;22.27;discord.exe;3.7;chrome.exe;2393839312;discord.exe;1012976868;python.exe;784036671;16;36.88;12.13;1779809589;2026-05-31 04:13:09;Sunday;636882
SteamData;Porto Alegre;DC-POA01;ZonaA;SRV-API-01;41.65;34359738368;22574966757;65.7;536870912000;220637160414;41.1;70.84;139640;177748;21;374;chrome.exe;11.89;python.exe;6.3;discord.exe;7.75;chrome.exe;2905598642;discord.exe;1076477147;python.exe;335494485;32;64.31;18.29;1779636789;2026-05-31 04:13:09;Sunday;519637
SteamData;São Paulo;DC-SP01;ZonaB;SRV-API-01;73.75;34359738368;16960963544;49.36;536870912000;397061690415;73.96;50.95;183227;316875;20;198;chrome.exe;26.83;python.exe;13.7;discord.exe;4.17;chrome.exe;3875767794;discord.exe;708538354;python.exe;657523829;8;45.56;13.89;1780068789;2026-05-31 04:33:09;Sunday;534735
SteamData;Rio de Janeiro;DC-RJ01;ZonaB;SRV-DB-01;39.42;34359738368;25375164664;73.85;536870912000;282345736852;52.59;36.97;256481;120925;2;320;chrome.exe;28.5;python.exe;14.5;discord.exe;14.64;chrome.exe;2142348311;discord.exe;1162223313;python.exe;688089327;16;54.09;8.16;1778686389;2026-05-31 04:33:09;Sunday;539895
SteamData;Porto Alegre;DC-POA01;ZonaA;SRV-WEB-01;47.43;34359738368;28936754118;84.22;536870912000;404117822036;75.27;107.98;285169;276754;20;243;chrome.exe;15.52;python.exe;5.42;discord.exe;10.15;chrome.exe;2576434453;discord.exe;749809367;python.exe;369410338;8;42.0;26.8;1778167989;2026-05-31 04:33:09;Sunday;805360
SteamData;São Paulo;DC-SP01;ZonaA;SRV-API-01;64.71;34359738368;13480404691;39.23;536870912000;326923500925;60.89;114.91;74098;192062;17;203;chrome.exe;23.84;python.exe;9.7;discord.exe;12.39;chrome.exe;1479946100;discord.exe;1734758598;python.exe;810259021;32;68.89;9.62;1778945589;2026-05-31 04:53:09;Sunday;667658
SteamData;Rio de Janeiro;DC-RJ01;ZonaA;SRV-API-01;40.93;34359738368;27593625640;80.31;536870912000;391276133042;72.88;81.56;57022;254303;26;254;chrome.exe;29.08;python.exe;19.4;discord.exe;13.65;chrome.exe;2602040047;discord.exe;1488532143;python.exe;830189461;8;61.71;19.78;1777908789;2026-05-31 04:53:09;Sunday;681841
SteamData;Porto Alegre;DC-POA01;ZonaA;SRV-DB-01;28.38;34359738368;24593863641;71.58;536870912000;402440765003;74.96;113.35;280492;56116;28;168;chrome.exe;29.18;python.exe;7.11;discord.exe;13.73;chrome.exe;2988247595;discord.exe;1660777086;python.exe;493790486;8;12.48;14.77;1779118389;2026-05-31 04:53:09;Sunday;513013
SteamData;São Paulo;DC-SP01;ZonaC;SRV-WEB-01;63.16;34359738368;26709101621;77.73;536870912000;402684528234;75.01;75.31;151360;63602;5;300;chrome.exe;22.45;python.exe;24.29;discord.exe;9.76;chrome.exe;2417328388;discord.exe;1655933495;python.exe;488664590;16;51.45;22.85;1779291189;2026-05-31 05:13:09;Sunday;680202
SteamData;Rio de Janeiro;DC-RJ01;ZonaB;SRV-WEB-01;34.51;34359738368;28107637475;81.8;536870912000;219465792573;40.88;60.1;248044;55066;7;398;chrome.exe;14.2;python.exe;7.71;discord.exe;4.47;chrome.exe;3999848382;discord.exe;1380657515;python.exe;367787511;32;55.59;21.0;1779118389;2026-05-31 05:13:09;Sunday;523602
SteamData;Porto Alegre;DC-POA01;ZonaB;SRV-WEB-01;51.09;34359738368;18721804649;54.49;536870912000;217328497947;40.48;98.42;263808;125397;28;257;chrome.exe;12.4;python.exe;7.78;discord.exe;5.93;chrome.exe;3059025925;discord.exe;629561187;python.exe;675973897;8;65.22;5.45;1779031989;2026-05-31 05:13:09;Sunday;658301
SteamData;São Paulo;DC-SP01;ZonaC;SRV-WEB-01;86.64;34359738368;26516218645;77.17;536870912000;286749989047;53.41;29.23;125662;396394;13;334;chrome.exe;10.83;python.exe;8.45;discord.exe;7.19;chrome.exe;2221726204;discord.exe;951415074;python.exe;435410687;32;15.82;18.42;1779377589;2026-05-31 05:33:09;Sunday;620733
SteamData;Rio de Janeiro;DC-RJ01;ZonaA;SRV-API-01;80.22;34359738368;13719261519;39.93;536870912000;250049843947;46.58;85.09;247998;63748;19;245;chrome.exe;17.49;python.exe;8.47;discord.exe;5.01;chrome.exe;3692816019;discord.exe;560863178;python.exe;726482091;32;33.51;10.69;1779723189;2026-05-31 05:33:09;Sunday;708445
SteamData;Porto Alegre;DC-POA01;ZonaA;SRV-DB-01;48.83;34359738368;26018642461;75.72;536870912000;400564604926;74.61;72.74;263199;76599;19;205;chrome.exe;31.57;python.exe;6.96;discord.exe;12.77;chrome.exe;3592669389;discord.exe;1610258985;python.exe;478370468;8;10.4;6.8;1780068789;2026-05-31 05:33:09;Sunday;871213
SteamData;São Paulo;DC-SP01;ZonaC;SRV-DB-01;41.59;34359738368;24801494434;72.18;536870912000;399338195932;74.38;26.59;94702;197526;19;241;chrome.exe;27.8;python.exe;14.7;discord.exe;6.19;chrome.exe;1184141944;discord.exe;556523552;python.exe;867948296;32;35.02;23.24;1780068789;2026-05-31 05:53:09;Sunday;517488
SteamData;Rio de Janeiro;DC-RJ01;ZonaA;SRV-DB-01;63.33;34359738368;24759254708;72.06;536870912000;256681230417;47.81;61.87;57400;99744;28;393;chrome.exe;22.4;python.exe;16.35;discord.exe;14.06;chrome.exe;3002204683;discord.exe;971125426;python.exe;707829512;32;60.83;23.98;1779204789;2026-05-31 05:53:09;Sunday;775251
SteamData;Porto Alegre;DC-POA01;ZonaB;SRV-WEB-01;32.31;34359738368;17982008919;52.33;536870912000;299717472583;55.83;68.4;235244;169455;30;344;chrome.exe;23.39;python.exe;9.87;discord.exe;11.17;chrome.exe;2666445670;discord.exe;1648070150;python.exe;373361321;8;14.72;11.4;1778945589;2026-05-31 05:53:09;Sunday;751248
SteamData;São Paulo;DC-SP01;ZonaA;SRV-WEB-01;71.7;34359738368;20686469033;60.21;536870912000;429281241612;79.96;80.91;100627;182915;26;177;chrome.exe;35.78;python.exe;16.07;discord.exe;12.15;chrome.exe;2582991314;discord.exe;544997537;python.exe;879349497;32;58.4;9.21;1779723189;2026-05-31 06:13:09;Sunday;702806
SteamData;Rio de Janeiro;DC-RJ01;ZonaC;SRV-WEB-01;93.62;34359738368;23150528676;67.38;536870912000;266466945050;49.63;62.0;141898;65587;15;293;chrome.exe;10.78;python.exe;11.81;discord.exe;7.72;chrome.exe;1040350989;discord.exe;1752623612;python.exe;443080064;8;67.3;9.52;1777735989;2026-05-31 06:13:09;Sunday;882125
SteamData;Porto Alegre;DC-POA01;ZonaA;SRV-DB-01;45.21;34359738368;16320763142;47.5;536870912000;384700911302;71.66;101.21;256249;57008;21;344;chrome.exe;39.75;python.exe;20.97;discord.exe;3.03;chrome.exe;3597771662;discord.exe;515457579;python.exe;669752030;32;19.39;24.92;1778772789;2026-05-31 06:13:09;Sunday;665308
SteamData;São Paulo;DC-SP01;ZonaC;SRV-WEB-01;38.43;34359738368;15111018644;43.98;536870912000;290222526856;54.06;74.59;101047;296451;10;307;chrome.exe;22.0;python.exe;17.06;discord.exe;9.6;chrome.exe;1847821552;discord.exe;1235227280;python.exe;871782177;16;11.63;17.37;1777908789;2026-05-31 06:33:09;Sunday;845828
SteamData;Rio de Janeiro;DC-RJ01;ZonaC;SRV-DB-01;64.8;34359738368;27614798208;80.37;536870912000;330314134088;61.53;99.35;275038;377368;27;226;chrome.exe;11.38;python.exe;9.79;discord.exe;11.97;chrome.exe;3357192210;discord.exe;1588628459;python.exe;851397701;8;26.72;11.39;1778513589;2026-05-31 06:33:09;Sunday;526213
SteamData;Porto Alegre;DC-POA01;ZonaA;SRV-API-01;88.91;34359738368;19692822920;57.31;536870912000;241969030587;45.07;117.46;156112;341797;25;340;chrome.exe;13.42;python.exe;16.47;discord.exe;4.28;chrome.exe;3334714274;discord.exe;647675002;python.exe;987774963;16;45.81;25.38;1780155189;2026-05-31 06:33:09;Sunday;713338
SteamData;São Paulo;DC-SP01;ZonaA;SRV-DB-01;43.75;34359738368;17275398397;50.28;536870912000;243020605888;45.27;116.18;147649;306725;10;379;chrome.exe;30.33;python.exe;22.85;discord.exe;14.51;chrome.exe;3318097634;discord.exe;1514481888;python.exe;753554919;8;41.5;11.9;1780068789;2026-05-31 06:53:09;Sunday;876355
SteamData;Rio de Janeiro;DC-RJ01;ZonaB;SRV-API-01;32.48;34359738368;24272534924;70.64;536870912000;305400713100;56.89;57.31;130058;295831;18;270;chrome.exe;26.39;python.exe;9.68;discord.exe;2.07;chrome.exe;2959279293;discord.exe;1256207913;python.exe;951450325;32;43.5;9.31;1779809589;2026-05-31 06:53:09;Sunday;877119
SteamData;Porto Alegre;DC-POA01;ZonaB;SRV-DB-01;55.4;34359738368;18875967722;54.94;536870912000;286885831838;53.44;83.2;133590;307817;1;363;chrome.exe;35.18;python.exe;16.39;discord.exe;5.36;chrome.exe;1224337485;discord.exe;1459222929;python.exe;384841069;32;51.21;27.05;1780155189;2026-05-31 06:53:09;Sunday;868375
SteamData;São Paulo;DC-SP01;ZonaC;SRV-API-01;35.73;34359738368;28545787024;83.08;536870912000;356334817604;66.37;110.61;197105;213902;16;347;chrome.exe;31.61;python.exe;23.36;discord.exe;3.06;chrome.exe;1648796422;discord.exe;1619063829;python.exe;425184172;32;36.0;16.4;1778945589;2026-05-31 07:13:09;Sunday;637794
SteamData;Rio de Janeiro;DC-RJ01;ZonaB;SRV-API-01;50.82;34359738368;13043549343;37.96;536870912000;352429396108;65.65;39.87;69173;172583;21;158;chrome.exe;37.97;python.exe;18.1;discord.exe;2.63;chrome.exe;1600297993;discord.exe;704006157;python.exe;712082057;32;34.33;8.93;1779982389;2026-05-31 07:13:09;Sunday;770558
SteamData;Porto Alegre;DC-POA01;ZonaB;SRV-API-01;70.4;34359738368;13019003590;37.89;536870912000;281129684706;52.36;46.57;281093;370189;3;247;chrome.exe;28.24;python.exe;14.2;discord.exe;13.06;chrome.exe;2935539721;discord.exe;566715951;python.exe;411572766;32;42.34;20.92;1778945589;2026-05-31 07:13:09;Sunday;558538
SteamData;São Paulo;DC-SP01;ZonaC;SRV-WEB-01;69.27;34359738368;13163742086;38.31;536870912000;286267809203;53.32;10.03;111985;320276;6;206;chrome.exe;28.67;python.exe;11.1;discord.exe;3.09;chrome.exe;2642104647;discord.exe;1286771606;python.exe;997135597;16;27.42;12.83;1777822389;2026-05-31 07:33:09;Sunday;703030
SteamData;Rio de Janeiro;DC-RJ01;ZonaA;SRV-API-01;50.26;34359738368;24419116609;71.07;536870912000;359308101588;66.93;41.06;182344;229689;9;379;chrome.exe;30.46;python.exe;13.43;discord.exe;8.05;chrome.exe;1369035142;discord.exe;572371001;python.exe;329149832;32;17.11;19.96;1780068789;2026-05-31 07:33:09;Sunday;811962
SteamData;Porto Alegre;DC-POA01;ZonaA;SRV-WEB-01;67.95;34359738368;24560988792;71.48;536870912000;437300484153;81.45;55.96;126509;382238;19;206;chrome.exe;37.67;python.exe;24.57;discord.exe;13.33;chrome.exe;3672397030;discord.exe;512422820;python.exe;891549608;8;64.95;18.04;1779809589;2026-05-31 07:33:09;Sunday;581972
SteamData;São Paulo;DC-SP01;ZonaA;SRV-DB-01;57.3;34359738368;23022229166;67.0;536870912000;420174401058;78.26;24.37;156792;93417;7;151;chrome.exe;36.15;python.exe;19.03;discord.exe;7.77;chrome.exe;3489361511;discord.exe;1414534133;python.exe;817688450;16;42.5;16.92;1780155189;2026-05-31 07:53:09;Sunday;543966
SteamData;Rio de Janeiro;DC-RJ01;ZonaB;SRV-API-01;93.14;34359738368;26274017640;76.47;536870912000;442459203875;82.41;114.68;86052;277963;18;388;chrome.exe;27.66;python.exe;10.2;discord.exe;11.06;chrome.exe;2608026166;discord.exe;1774447590;python.exe;615760384;8;19.6;16.78;1779031989;2026-05-31 07:53:09;Sunday;604798
SteamData;Porto Alegre;DC-POA01;ZonaB;SRV-DB-01;34.47;34359738368;26500868710;77.13;536870912000;390302150192;72.7;70.98;90739;140519;22;214;chrome.exe;30.08;python.exe;8.1;discord.exe;5.67;chrome.exe;2847142460;discord.exe;1187447683;python.exe;467743241;16;42.7;5.65;1778686389;2026-05-31 07:53:09;Sunday;854498
SteamData;São Paulo;DC-SP01;ZonaA;SRV-WEB-01;29.32;34359738368;14846556668;43.21;536870912000;231557227344;43.13;28.86;121905;71797;20;215;chrome.exe;12.06;python.exe;12.92;discord.exe;14.71;chrome.exe;3800720858;discord.exe;1086372991;python.exe;792266047;16;26.0;7.32;1778945589;2026-05-31 08:13:09;Sunday;826561
SteamData;Rio de Janeiro;DC-RJ01;ZonaB;SRV-API-01;79.05;34359738368;15526652483;45.19;536870912000;333654879074;62.15;82.31;135788;51025;13;233;chrome.exe;21.52;python.exe;14.93;discord.exe;9.06;chrome.exe;1243563401;discord.exe;845153550;python.exe;572149184;8;67.17;21.56;1779723189;2026-05-31 08:13:09;Sunday;747497
SteamData;Porto Alegre;DC-POA01;ZonaC;SRV-WEB-01;68.37;34359738368;12840640006;37.37;536870912000;240794457798;44.85;111.11;187265;332638;29;225;chrome.exe;35.97;python.exe;22.78;discord.exe;7.41;chrome.exe;1729046350;discord.exe;1940952694;python.exe;481065010;8;36.75;22.24;1778254389;2026-05-31 08:13:09;Sunday;570707
SteamData;São Paulo;DC-SP01;ZonaC;SRV-API-01;27.62;34359738368;22851608781;66.51;536870912000;255153387229;47.53;67.26;248334;62869;21;315;chrome.exe;29.25;python.exe;7.4;discord.exe;4.3;chrome.exe;2043345854;discord.exe;1868791658;python.exe;590295858;8;28.24;23.79;1778859189;2026-05-31 08:33:09;Sunday;730672
SteamData;Rio de Janeiro;DC-RJ01;ZonaB;SRV-WEB-01;91.94;34359738368;15755750096;45.86;536870912000;400811551279;74.66;27.91;154564;123860;14;367;chrome.exe;23.06;python.exe;14.18;discord.exe;14.04;chrome.exe;3885467978;discord.exe;1666332123;python.exe;550809555;32;42.61;28.42;1777822389;2026-05-31 08:33:09;Sunday;861706
SteamData;Porto Alegre;DC-POA01;ZonaA;SRV-API-01;39.16;34359738368;24087683425;70.1;536870912000;434307270584;80.9;99.01;89130;242258;19;307;chrome.exe;11.28;python.exe;18.94;discord.exe;6.97;chrome.exe;2819337977;discord.exe;1790646465;python.exe;983180905;8;14.93;29.86;1779463989;2026-05-31 08:33:09;Sunday;821504
SteamData;São Paulo;DC-SP01;ZonaB;SRV-DB-01;62.1;34359738368;16908171636;49.21;536870912000;298054927159;55.52;116.25;146837;343955;5;358;chrome.exe;19.2;python.exe;5.42;discord.exe;10.3;chrome.exe;1587626145;discord.exe;1110559760;python.exe;536196644;32;27.55;6.36;1780155189;2026-05-31 08:53:09;Sunday;582458
SteamData;Rio de Janeiro;DC-RJ01;ZonaB;SRV-DB-01;36.57;34359738368;12830478710;37.34;536870912000;312950848951;58.29;64.55;251065;355618;0;363;chrome.exe;37.07;python.exe;21.32;discord.exe;6.21;chrome.exe;1632996898;discord.exe;1671835198;python.exe;807658128;16;50.8;18.66;1779982389;2026-05-31 08:53:09;Sunday;840781
SteamData;Porto Alegre;DC-POA01;ZonaC;SRV-API-01;79.31;34359738368;29401468943;85.57;536870912000;439984979591;81.95;60.69;232086;304154;30;224;chrome.exe;25.14;python.exe;20.19;discord.exe;13.75;chrome.exe;3927652746;discord.exe;1592505045;python.exe;806851899;32;55.67;11.14;1778772789;2026-05-31 08:53:09;Sunday;815151
SteamData;São Paulo;DC-SP01;ZonaA;SRV-API-01;81.4;34359738368;25405623144;73.94;536870912000;339641206106;63.26;40.56;120493;262119;28;309;chrome.exe;25.14;python.exe;19.69;discord.exe;6.64;chrome.exe;1820756425;discord.exe;1354091741;python.exe;301263612;16;60.29;19.09;1779031989;2026-05-31 09:13:09;Sunday;665260
SteamData;Rio de Janeiro;DC-RJ01;ZonaC;SRV-API-01;72.77;34359738368;12221650743;35.57;536870912000;310765961599;57.88;15.9;75843;70567;8;361;chrome.exe;25.37;python.exe;11.73;discord.exe;3.27;chrome.exe;2163068119;discord.exe;610437595;python.exe;719178347;8;64.02;24.16;1779463989;2026-05-31 09:13:09;Sunday;851191
SteamData;Porto Alegre;DC-POA01;ZonaC;SRV-DB-01;53.11;34359738368;27461552819;79.92;536870912000;284132242069;52.92;35.29;185395;172510;9;293;chrome.exe;15.43;python.exe;16.5;discord.exe;6.34;chrome.exe;1802968808;discord.exe;1828589550;python.exe;494551577;16;16.17;25.3;1778686389;2026-05-31 09:13:09;Sunday;591198
SteamData;São Paulo;DC-SP01;ZonaB;SRV-API-01;65.2482450021502;34359738368;16879724083;49.13;536870912000;242058518250;45.09;79.09;194379;355465;1;376;chrome.exe;31.97;python.exe;6.69;discord.exe;5.23;chrome.exe;2018437538;discord.exe;670631187;python.exe;353790147;8;52.58;17.67;1778513589;2026-05-31 09:33:09;Sunday;629103
SteamData;Rio de Janeiro;DC-RJ01;ZonaC;SRV-API-01;86.05247142456332;34359738368;16832379963;48.99;536870912000;248312314386;46.25;59.33;186812;321133;29;326;chrome.exe;35.48;python.exe;7.02;discord.exe;2.14;chrome.exe;1815933639;discord.exe;1945433839;python.exe;558061331;32;25.21;11.19;1779204789;2026-05-31 09:33:09;Sunday;673145
SteamData;Porto Alegre;DC-POA01;ZonaC;SRV-API-01;92.26745800102162;34359738368;22162325134;64.5;536870912000;286200872622;53.31;34.6;94852;115204;13;229;chrome.exe;33.59;python.exe;15.73;discord.exe;7.82;chrome.exe;2618726598;discord.exe;836691506;python.exe;683485735;32;69.36;12.19;1778427189;2026-05-31 09:33:09;Sunday;722173
SteamData;São Paulo;DC-SP01;ZonaB;SRV-API-01;82.07231955234775;34359738368;12770794145;37.17;536870912000;219103524294;40.81;76.67;177458;123708;9;243;chrome.exe;28.74;python.exe;20.06;discord.exe;11.68;chrome.exe;3372041797;discord.exe;644885237;python.exe;749571835;32;69.0;10.57;1779204789;2026-05-31 09:53:09;Sunday;587074
SteamData;Rio de Janeiro;DC-RJ01;ZonaA;SRV-API-01;48.98661729272268;34359738368;17940782609;52.21;536870912000;350980248645;65.38;40.8;112999;374105;19;313;chrome.exe;35.79;python.exe;16.41;discord.exe;12.82;chrome.exe;1469353716;discord.exe;638157154;python.exe;359682925;32;28.66;19.49;1779895989;2026-05-31 09:53:09;Sunday;727560
SteamData;Porto Alegre;DC-POA01;ZonaB;SRV-API-01;86.82055808382209;34359738368;25320152842;73.69;536870912000;246972357000;46.0;11.57;233972;351805;10;187;chrome.exe;17.04;python.exe;12.09;discord.exe;12.76;chrome.exe;2648522349;discord.exe;569900628;python.exe;992240777;8;18.6;19.91;1779982389;2026-05-31 09:53:09;Sunday;892089
SteamData;São Paulo;DC-SP01;ZonaA;SRV-DB-01;78.15419740165451;34359738368;21347959535;62.13;536870912000;317263791764;59.09;31.13;124479;77620;10;221;chrome.exe;22.48;python.exe;13.15;discord.exe;5.68;chrome.exe;2522472494;discord.exe;645958406;python.exe;708701130;32;64.38;28.15;1778945589;2026-05-31 10:13:09;Sunday;846990
SteamData;Rio de Janeiro;DC-RJ01;ZonaA;SRV-API-01;61.06000495679915;34359738368;29583296346;86.1;536870912000;217523028536;40.52;55.9;278521;248443;1;180;chrome.exe;39.01;python.exe;9.32;discord.exe;8.57;chrome.exe;3090633120;discord.exe;1681776846;python.exe;841140298;32;27.59;21.03;1778340789;2026-05-31 10:13:09;Sunday;831121
SteamData;Porto Alegre;DC-POA01;ZonaC;SRV-API-01;83.10332747906654;34359738368;13991681066;40.72;536870912000;391049769403;72.84;20.93;50596;288151;2;247;chrome.exe;37.56;python.exe;17.02;discord.exe;13.8;chrome.exe;3964114157;discord.exe;1615493923;python.exe;626904871;32;19.11;5.9;1777995189;2026-05-31 10:13:09;Sunday;658527
SteamData;São Paulo;DC-SP01;ZonaB;SRV-WEB-01;69.8413162355622;34359738368;23371205663;68.02;536870912000;441340192123;82.21;84.94;223635;184331;6;293;chrome.exe;32.14;python.exe;15.1;discord.exe;8.69;chrome.exe;3179875774;discord.exe;1370957378;python.exe;759079612;8;47.31;9.5;1779723189;2026-05-31 10:33:09;Sunday;856299
SteamData;Rio de Janeiro;DC-RJ01;ZonaA;SRV-WEB-01;50.14861707314397;34359738368;22565543022;65.67;536870912000;354466786600;66.02;41.15;119507;385080;29;209;chrome.exe;26.42;python.exe;5.35;discord.exe;6.65;chrome.exe;1305772871;discord.exe;1637715171;python.exe;712350060;32;41.63;26.69;1778427189;2026-05-31 10:33:09;Sunday;512171
SteamData;Porto Alegre;DC-POA01;ZonaC;SRV-WEB-01;68.15928536606759;34359738368;12148473164;35.36;536870912000;366847215157;68.33;98.07;127286;286095;8;350;chrome.exe;37.0;python.exe;23.66;discord.exe;9.65;chrome.exe;3055239125;discord.exe;1864857085;python.exe;936570823;8;16.46;5.88;1778254389;2026-05-31 10:33:09;Sunday;718732
SteamData;São Paulo;DC-SP01;ZonaB;SRV-DB-01;56.09314627406895;34359738368;19605240068;57.06;536870912000;337147205913;62.8;18.77;117221;298982;11;158;chrome.exe;35.12;python.exe;24.71;discord.exe;9.88;chrome.exe;2759583611;discord.exe;1723627691;python.exe;331976151;8;22.3;18.52;1779118389;2026-05-31 10:53:09;Sunday;544570
SteamData;Rio de Janeiro;DC-RJ01;ZonaC;SRV-WEB-01;86.93020387586796;34359738368;14111489349;41.07;536870912000;337269069021;62.82;92.16;241270;347078;18;249;chrome.exe;24.58;python.exe;9.01;discord.exe;6.65;chrome.exe;1201949841;discord.exe;753866887;python.exe;690869169;32;13.06;16.25;1779463989;2026-05-31 10:53:09;Sunday;642089
SteamData;Porto Alegre;DC-POA01;ZonaB;SRV-DB-01;80.32164774925995;34359738368;21751095918;63.3;536870912000;434871381921;81.0;48.57;117598;92786;5;154;chrome.exe;20.12;python.exe;21.17;discord.exe;9.68;chrome.exe;1845775256;discord.exe;1359991130;python.exe;422230974;8;16.3;27.71;1779204789;2026-05-31 10:53:09;Sunday;666777
SteamData;São Paulo;DC-SP01;ZonaB;SRV-DB-01;99.0;34359738368;28687409468;83.49;536870912000;325185994150;60.57;87.67;289470;268163;16;330;chrome.exe;22.06;python.exe;6.64;discord.exe;2.14;chrome.exe;1117526738;discord.exe;1076945505;python.exe;530391561;32;40.78;6.46;1779031989;2026-05-31 11:13:09;Sunday;883242
SteamData;Rio de Janeiro;DC-RJ01;ZonaA;SRV-API-01;84.53321279731239;34359738368;18118171690;52.73;536870912000;449022103164;83.64;34.63;246930;154699;21;272;chrome.exe;28.11;python.exe;8.34;discord.exe;14.72;chrome.exe;3097591834;discord.exe;734558616;python.exe;748464043;16;21.7;18.2;1778340789;2026-05-31 11:13:09;Sunday;740378
SteamData;Porto Alegre;DC-POA01;ZonaC;SRV-WEB-01;36.508230205622745;34359738368;20798144856;60.53;536870912000;389880423058;72.62;90.71;241782;288600;12;352;chrome.exe;11.05;python.exe;15.58;discord.exe;3.33;chrome.exe;2584350717;discord.exe;1892387677;python.exe;410996886;32;24.91;16.13;1778686389;2026-05-31 11:13:09;Sunday;623829
SteamData;São Paulo;DC-SP01;ZonaA;SRV-WEB-01;71.96885277707862;34359738368;27653915272;80.48;536870912000;383978378726;71.52;80.0;160199;249934;14;220;chrome.exe;38.0;python.exe;23.51;discord.exe;5.64;chrome.exe;2449563819;discord.exe;1237193899;python.exe;661938163;8;32.18;15.55;1780241589;2026-05-31 11:33:09;Sunday;718478
SteamData;Rio de Janeiro;DC-RJ01;ZonaA;SRV-DB-01;31.61290587745496;34359738368;24287337827;70.69;536870912000;366690316710;68.3;111.74;229692;381906;7;168;chrome.exe;36.35;python.exe;12.03;discord.exe;11.0;chrome.exe;3870984192;discord.exe;1294357056;python.exe;372379804;32;39.33;11.63;1778167989;2026-05-31 11:33:09;Sunday;610459
SteamData;Porto Alegre;DC-POA01;ZonaB;SRV-DB-01;77.3248159961667;34359738368;22110507005;64.35;536870912000;332316400283;61.9;70.9;70002;228007;13;353;chrome.exe;11.15;python.exe;10.05;discord.exe;11.58;chrome.exe;1619093164;discord.exe;1879906782;python.exe;447842787;32;29.29;17.29;1779982389;2026-05-31 11:33:09;Sunday;661716
SteamData;São Paulo;DC-SP01;ZonaB;SRV-API-01;81.54051553649272;34359738368;26118876151;76.02;536870912000;387412002201;72.16;52.67;261670;63495;16;159;chrome.exe;29.24;python.exe;10.83;discord.exe;10.58;chrome.exe;1244423259;discord.exe;1138535669;python.exe;998070427;32;20.05;24.42;1778340789;2026-05-31 11:53:09;Sunday;790780
SteamData;Rio de Janeiro;DC-RJ01;ZonaC;SRV-WEB-01;50.0246624768551;34359738368;17818375370;51.86;536870912000;246572466877;45.93;58.39;84090;339066;9;299;chrome.exe;33.41;python.exe;5.21;discord.exe;2.53;chrome.exe;3734446030;discord.exe;665763665;python.exe;631679954;8;11.13;18.06;1778599989;2026-05-31 11:53:09;Sunday;500758
SteamData;Porto Alegre;DC-POA01;ZonaC;SRV-API-01;51.31933982230177;34359738368;16478718875;47.96;536870912000;405812668498;75.59;92.96;71546;342589;0;307;chrome.exe;25.67;python.exe;24.82;discord.exe;2.83;chrome.exe;2861407467;discord.exe;1848369411;python.exe;569805722;8;10.3;5.05;1778081589;2026-05-31 11:53:09;Sunday;758094
SteamData;São Paulo;DC-SP01;ZonaB;SRV-DB-01;43.455128154160114;34359738368;25763294980;74.98;536870912000;263602325977;49.1;17.74;63466;364810;22;327;chrome.exe;29.85;python.exe;15.67;discord.exe;8.56;chrome.exe;3195217064;discord.exe;976172872;python.exe;397259970;8;37.81;9.16;1778945589;2026-05-31 12:13:09;Sunday;679597
SteamData;Rio de Janeiro;DC-RJ01;ZonaA;SRV-API-01;75.97090692828019;34359738368;27219915239;79.22;536870912000;268983348317;50.1;69.78;97454;200396;17;212;chrome.exe;25.86;python.exe;5.4;discord.exe;8.2;chrome.exe;2357434300;discord.exe;1445286963;python.exe;406117698;8;37.56;5.56;1779377589;2026-05-31 12:13:09;Sunday;888915
SteamData;Porto Alegre;DC-POA01;ZonaA;SRV-WEB-01;38.66434476660147;34359738368;21873028096;63.66;536870912000;328857828045;61.25;119.43;190323;213971;1;231;chrome.exe;25.14;python.exe;20.09;discord.exe;5.41;chrome.exe;2563355721;discord.exe;1897481771;python.exe;651892762;16;10.13;6.99;1778599989;2026-05-31 12:13:09;Sunday;832029
SteamData;São Paulo;DC-SP01;ZonaA;SRV-DB-01;39.050260733174426;34359738368;27037543825;78.69;536870912000;275486473364;51.31;67.01;252449;237604;6;156;chrome.exe;29.53;python.exe;22.62;discord.exe;8.67;chrome.exe;3951655801;discord.exe;1541572424;python.exe;328490771;32;62.8;15.66;1778772789;2026-05-31 12:33:09;Sunday;724278
SteamData;Rio de Janeiro;DC-RJ01;ZonaC;SRV-WEB-01;66.67716241949928;34359738368;12775539100;37.18;536870912000;210281403498;39.17;49.35;93465;307554;16;354;chrome.exe;21.0;python.exe;12.26;discord.exe;12.54;chrome.exe;3996712954;discord.exe;1707204151;python.exe;422978306;16;30.59;7.06;1778859189;2026-05-31 12:33:09;Sunday;587716
SteamData;Porto Alegre;DC-POA01;ZonaA;SRV-WEB-01;99.0;34359738368;24692764626;71.87;536870912000;350191939270;65.23;84.47;201249;228279;10;157;chrome.exe;16.35;python.exe;21.11;discord.exe;10.21;chrome.exe;3409318328;discord.exe;911402376;python.exe;947320853;16;23.24;17.7;1777735989;2026-05-31 12:33:09;Sunday;540498
SteamData;São Paulo;DC-SP01;ZonaA;SRV-WEB-01;90.38028620398904;34359738368;21936559129;63.84;536870912000;295698789441;55.08;110.19;194886;198465;17;244;chrome.exe;18.79;python.exe;6.63;discord.exe;5.69;chrome.exe;3619104193;discord.exe;1262888581;python.exe;830386819;32;43.59;9.07;1779723189;2026-05-31 12:53:09;Sunday;741175
SteamData;Rio de Janeiro;DC-RJ01;ZonaA;SRV-API-01;91.47187850760467;34359738368;12514313463;36.42;536870912000;345736174011;64.4;44.23;225617;300124;25;343;chrome.exe;21.68;python.exe;15.83;discord.exe;5.31;chrome.exe;3190284191;discord.exe;973489292;python.exe;334108490;32;16.41;12.81;1780241589;2026-05-31 12:53:09;Sunday;593915
SteamData;Porto Alegre;DC-POA01;ZonaC;SRV-API-01;35.545192834557284;34359738368;18016472327;52.43;536870912000;368356797575;68.61;61.05;191715;338416;2;390;chrome.exe;33.79;python.exe;9.65;discord.exe;3.1;chrome.exe;3983135927;discord.exe;693642424;python.exe;894468587;8;39.11;22.22;1779204789;2026-05-31 12:53:09;Sunday;829490
SteamData;São Paulo;DC-SP01;ZonaB;SRV-DB-01;60.31353009202459;34359738368;15514391703;45.15;536870912000;215491876577;40.14;44.14;209432;259340;19;342;chrome.exe;14.3;python.exe;21.47;discord.exe;11.21;chrome.exe;1892581789;discord.exe;1916305841;python.exe;977453087;16;53.97;16.48;1779809589;2026-05-31 13:13:09;Sunday;522508
SteamData;Rio de Janeiro;DC-RJ01;ZonaB;SRV-DB-01;60.46370005983591;34359738368;17553807235;51.09;536870912000;438608588610;81.7;115.97;57617;279465;26;333;chrome.exe;25.03;python.exe;24.07;discord.exe;13.53;chrome.exe;1503627153;discord.exe;1826527684;python.exe;688098749;32;64.03;17.65;1777908789;2026-05-31 13:13:09;Sunday;849938
SteamData;Porto Alegre;DC-POA01;ZonaA;SRV-API-01;45.632854154761276;34359738368;17600734599;51.22;536870912000;328901872002;61.26;29.98;185797;345312;7;373;chrome.exe;38.53;python.exe;19.47;discord.exe;6.79;chrome.exe;3181823828;discord.exe;791207688;python.exe;410153695;32;20.81;10.91;1779204789;2026-05-31 13:13:09;Sunday;669795
SteamData;São Paulo;DC-SP01;ZonaA;SRV-API-01;67.63515662500967;34359738368;24543637857;71.43;536870912000;424996074969;79.16;87.12;215288;122021;20;281;chrome.exe;26.04;python.exe;22.7;discord.exe;13.04;chrome.exe;3445983925;discord.exe;1066612457;python.exe;442967232;8;40.88;6.26;1778772789;2026-05-31 13:33:09;Sunday;743891
SteamData;Rio de Janeiro;DC-RJ01;ZonaC;SRV-WEB-01;97.58164091367092;34359738368;18330704388;53.35;536870912000;294366230502;54.83;42.52;172999;84854;18;376;chrome.exe;18.6;python.exe;9.99;discord.exe;14.08;chrome.exe;3258058800;discord.exe;1925889121;python.exe;545100504;16;28.73;12.86;1778859189;2026-05-31 13:33:09;Sunday;610377
SteamData;Porto Alegre;DC-POA01;ZonaA;SRV-API-01;65.62066432099985;34359738368;28013091949;81.53;536870912000;422780405774;78.75;31.86;203815;121110;28;283;chrome.exe;29.54;python.exe;24.29;discord.exe;9.3;chrome.exe;1478574025;discord.exe;1691181138;python.exe;653249851;16;66.73;20.02;1778859189;2026-05-31 13:33:09;Sunday;771244
SteamData;São Paulo;DC-SP01;ZonaC;SRV-WEB-01;55.26181809050277;34359738368;16678452944;48.54;536870912000;285927605894;53.26;61.45;247141;299127;10;255;chrome.exe;33.5;python.exe;21.71;discord.exe;10.89;chrome.exe;2142213704;discord.exe;696812932;python.exe;856882688;8;57.73;29.46;1779895989;2026-05-31 13:53:09;Sunday;533753
SteamData;Rio de Janeiro;DC-RJ01;ZonaC;SRV-DB-01;62.54396631464375;34359738368;29624652956;86.22;536870912000;348067911687;64.83;113.06;156409;125909;2;362;chrome.exe;34.99;python.exe;9.56;discord.exe;3.8;chrome.exe;1707397824;discord.exe;1377023237;python.exe;609633080;8;55.47;13.46;1779636789;2026-05-31 13:53:09;Sunday;759392
SteamData;Porto Alegre;DC-POA01;ZonaB;SRV-API-01;76.7874942229603;34359738368;20795658576;60.52;536870912000;294439195108;54.84;62.22;299416;172472;13;235;chrome.exe;21.31;python.exe;7.58;discord.exe;8.88;chrome.exe;3669268814;discord.exe;1399503444;python.exe;912250108;8;66.39;19.11;1780241589;2026-05-31 13:53:09;Sunday;658414
SteamData;São Paulo;DC-SP01;ZonaC;SRV-API-01;95.33747100201099;34359738368;17438415975;50.75;536870912000;309920204378;57.73;59.99;62154;138050;30;326;chrome.exe;28.8;python.exe;13.42;discord.exe;4.23;chrome.exe;1571021227;discord.exe;1572878482;python.exe;442361278;8;24.51;12.5;1778599989;2026-05-31 14:13:09;Sunday;827319
SteamData;Rio de Janeiro;DC-RJ01;ZonaB;SRV-WEB-01;93.3269723199173;34359738368;23385972654;68.06;536870912000;210957228239;39.29;115.09;161450;215232;10;329;chrome.exe;10.88;python.exe;17.15;discord.exe;11.2;chrome.exe;3280821791;discord.exe;1063634852;python.exe;475784136;8;15.24;5.5;1779895989;2026-05-31 14:13:09;Sunday;627000
SteamData;Porto Alegre;DC-POA01;ZonaA;SRV-WEB-01;49.38762091704752;34359738368;15882197603;46.22;536870912000;240340633679;44.77;47.63;90049;75826;27;212;chrome.exe;11.03;python.exe;17.49;discord.exe;13.8;chrome.exe;1754310378;discord.exe;1893821684;python.exe;523571914;8;62.99;29.89;1779809589;2026-05-31 14:13:09;Sunday;880625
SteamData;São Paulo;DC-SP01;ZonaA;SRV-WEB-01;57.1563177585609;34359738368;12595534678;36.66;536870912000;303628013957;56.56;18.17;228707;214314;30;220;chrome.exe;33.41;python.exe;20.56;discord.exe;11.55;chrome.exe;1272861047;discord.exe;1441608527;python.exe;903244942;32;26.54;18.83;1779809589;2026-05-31 14:33:09;Sunday;849940
SteamData;Rio de Janeiro;DC-RJ01;ZonaC;SRV-DB-01;80.57504868949921;34359738368;15504066972;45.12;536870912000;260985238603;48.61;99.65;100796;309632;2;207;chrome.exe;36.9;python.exe;5.73;discord.exe;14.9;chrome.exe;3689240768;discord.exe;1420189960;python.exe;395721122;32;10.77;25.55;1777995189;2026-05-31 14:33:09;Sunday;802248
SteamData;Porto Alegre;DC-POA01;ZonaB;SRV-API-01;78.07294928919521;34359738368;12963499634;37.73;536870912000;441799281583;82.29;21.53;114639;217237;12;290;chrome.exe;13.43;python.exe;10.8;discord.exe;3.6;chrome.exe;1395494832;discord.exe;1662439390;python.exe;968077401;16;57.74;25.16;1778254389;2026-05-31 14:33:09;Sunday;687111
SteamData;São Paulo;DC-SP01;ZonaB;SRV-API-01;62.78919695831233;34359738368;29053443975;84.56;536870912000;350084378231;65.21;47.64;268786;215356;26;211;chrome.exe;27.35;python.exe;16.8;discord.exe;13.97;chrome.exe;1694320896;discord.exe;1388971789;python.exe;316607366;16;54.36;8.79;1778859189;2026-05-31 14:53:09;Sunday;646718
SteamData;Rio de Janeiro;DC-RJ01;ZonaA;SRV-DB-01;71.45963169374608;34359738368;12042579999;35.05;536870912000;382497415276;71.25;67.19;78790;286016;3;214;chrome.exe;34.87;python.exe;7.88;discord.exe;9.99;chrome.exe;2828059772;discord.exe;764736662;python.exe;390253573;8;25.83;14.39;1778686389;2026-05-31 14:53:09;Sunday;867246
SteamData;Porto Alegre;DC-POA01;ZonaA;SRV-WEB-01;98.48644727530065;34359738368;26598637646;77.41;536870912000;346651512505;64.57;78.67;269169;307785;18;307;chrome.exe;27.68;python.exe;7.76;discord.exe;3.62;chrome.exe;2103345037;discord.exe;614299609;python.exe;496822529;32;54.21;29.39;1780155189;2026-05-31 14:53:09;Sunday;702347
SteamData;São Paulo;DC-SP01;ZonaA;SRV-DB-01;58.54021587451653;34359738368;19306780334;56.19;536870912000;273696481249;50.98;104.94;50040;340019;21;296;chrome.exe;17.95;python.exe;11.31;discord.exe;12.97;chrome.exe;1543026678;discord.exe;1083472767;python.exe;319696901;32;16.85;10.19;1778772789;2026-05-31 15:13:09;Sunday;723482
SteamData;Rio de Janeiro;DC-RJ01;ZonaA;SRV-WEB-01;78.66950204146652;34359738368;29173120365;84.9;536870912000;272063183279;50.68;90.21;82107;286389;13;309;chrome.exe;37.17;python.exe;9.5;discord.exe;12.3;chrome.exe;2809559540;discord.exe;1082632049;python.exe;337393237;8;49.92;22.24;1777822389;2026-05-31 15:13:09;Sunday;576433
SteamData;Porto Alegre;DC-POA01;ZonaB;SRV-DB-01;65.50263220610508;34359738368;27544722778;80.17;536870912000;434801090439;80.99;74.75;188151;140209;29;296;chrome.exe;20.48;python.exe;6.68;discord.exe;8.95;chrome.exe;2582528795;discord.exe;1583700955;python.exe;435448252;16;25.88;29.5;1779809589;2026-05-31 15:13:09;Sunday;552884
SteamData;São Paulo;DC-SP01;ZonaB;SRV-DB-01;84.55;34359738368;20249388746;58.93;536870912000;384930874618;71.7;46.65;165901;65199;16;348;chrome.exe;13.49;python.exe;7.15;discord.exe;6.19;chrome.exe;2355400598;discord.exe;1721939506;python.exe;802702033;16;66.79;17.01;1779204789;2026-05-31 15:33:09;Sunday;876907
SteamData;Rio de Janeiro;DC-RJ01;ZonaA;SRV-DB-01;83.16;34359738368;16562923592;48.2;536870912000;340304619608;63.39;49.09;244907;62831;30;357;chrome.exe;31.94;python.exe;19.81;discord.exe;9.65;chrome.exe;1077687535;discord.exe;1581872977;python.exe;745244526;8;25.93;6.57;1779550389;2026-05-31 15:33:09;Sunday;713415
SteamData;Porto Alegre;DC-POA01;ZonaC;SRV-WEB-01;94.26;34359738368;22408888783;65.22;536870912000;421580273661;78.53;67.38;168948;227770;16;179;chrome.exe;26.47;python.exe;21.75;discord.exe;5.92;chrome.exe;1250094205;discord.exe;1775702011;python.exe;608740039;8;28.74;14.06;1778945589;2026-05-31 15:33:09;Sunday;779133
SteamData;São Paulo;DC-SP01;ZonaC;SRV-WEB-01;79.47;34359738368;14311740228;41.65;536870912000;296133733657;55.16;60.89;188776;198153;3;176;chrome.exe;25.22;python.exe;11.29;discord.exe;13.38;chrome.exe;2562862909;discord.exe;1206702504;python.exe;913629636;16;67.57;8.71;1777908789;2026-05-31 15:53:09;Sunday;638558
SteamData;Rio de Janeiro;DC-RJ01;ZonaC;SRV-API-01;75.88;34359738368;26620114409;77.47;536870912000;312068065990;58.13;54.87;274702;305107;16;371;chrome.exe;33.53;python.exe;5.96;discord.exe;10.75;chrome.exe;3932415414;discord.exe;885605199;python.exe;604205001;32;11.41;9.95;1778686389;2026-05-31 15:53:09;Sunday;870605
SteamData;Porto Alegre;DC-POA01;ZonaB;SRV-WEB-01;67.55;34359738368;27944601667;81.33;536870912000;382319975372;71.21;79.42;103720;232567;20;170;chrome.exe;13.73;python.exe;15.88;discord.exe;13.22;chrome.exe;2281578530;discord.exe;1162699136;python.exe;758450050;16;54.26;11.2;1778859189;2026-05-31 15:53:09;Sunday;717674
SteamData;São Paulo;DC-SP01;ZonaC;SRV-WEB-01;49.05;34359738368;21540389493;62.69;536870912000;291542845583;54.3;89.16;250574;135318;4;263;chrome.exe;30.76;python.exe;20.07;discord.exe;9.52;chrome.exe;2811478220;discord.exe;1025948174;python.exe;467896955;32;44.64;17.15;1779809589;2026-05-31 16:13:09;Sunday;837301
SteamData;Rio de Janeiro;DC-RJ01;ZonaA;SRV-WEB-01;28.53;34359738368;20970000453;61.03;536870912000;330113967739;61.49;103.46;262856;207320;23;232;chrome.exe;30.28;python.exe;5.61;discord.exe;13.54;chrome.exe;2318026483;discord.exe;1671431250;python.exe;653276654;8;48.47;18.9;1778686389;2026-05-31 16:13:09;Sunday;522421
SteamData;Porto Alegre;DC-POA01;ZonaC;SRV-API-01;61.82;34359738368;23747389494;69.11;536870912000;216813610242;40.38;106.02;106126;227063;12;308;chrome.exe;34.08;python.exe;7.1;discord.exe;11.56;chrome.exe;2371942595;discord.exe;1395376559;python.exe;881343988;8;52.69;14.68;1779636789;2026-05-31 16:13:09;Sunday;586893
SteamData;São Paulo;DC-SP01;ZonaC;SRV-API-01;76.39;34359738368;22718443459;66.12;536870912000;252692335334;47.07;88.36;86197;250417;28;345;chrome.exe;20.84;python.exe;10.97;discord.exe;9.33;chrome.exe;1204263150;discord.exe;1563213477;python.exe;577000508;8;44.72;10.41;1778427189;2026-05-31 16:33:09;Sunday;762879
SteamData;Rio de Janeiro;DC-RJ01;ZonaB;SRV-API-01;32.64;34359738368;12561673175;36.56;536870912000;406913843893;75.79;118.42;62964;330631;19;233;chrome.exe;10.18;python.exe;20.24;discord.exe;11.8;chrome.exe;3138392771;discord.exe;1117901577;python.exe;696844880;8;67.89;20.75;1779636789;2026-05-31 16:33:09;Sunday;638132
SteamData;Porto Alegre;DC-POA01;ZonaC;SRV-DB-01;60.08;34359738368;29856580487;86.89;536870912000;336968106421;62.77;76.23;156316;267507;11;229;chrome.exe;36.37;python.exe;13.97;discord.exe;4.95;chrome.exe;2577731920;discord.exe;945936167;python.exe;921089806;16;42.48;14.78;1780155189;2026-05-31 16:33:09;Sunday;860313
SteamData;São Paulo;DC-SP01;ZonaB;SRV-WEB-01;88.46;34359738368;28263356469;82.26;536870912000;212321491092;39.55;64.87;137613;116147;17;300;chrome.exe;17.49;python.exe;20.05;discord.exe;14.53;chrome.exe;2819317419;discord.exe;968446286;python.exe;382730148;32;41.6;21.25;1778599989;2026-05-31 16:53:09;Sunday;621857
SteamData;Rio de Janeiro;DC-RJ01;ZonaB;SRV-API-01;82.36;34359738368;27695369957;80.6;536870912000;338002288970;62.96;75.21;82017;131311;0;152;chrome.exe;23.11;python.exe;17.48;discord.exe;9.55;chrome.exe;1924201440;discord.exe;719693338;python.exe;549267894;8;27.21;20.78;1779550389;2026-05-31 16:53:09;Sunday;613196
SteamData;Porto Alegre;DC-POA01;ZonaB;SRV-WEB-01;28.83;34359738368;17248004880;50.2;536870912000;352897128912;65.73;44.65;166689;169227;3;201;chrome.exe;26.54;python.exe;6.64;discord.exe;2.99;chrome.exe;3682459419;discord.exe;1970605967;python.exe;688213830;16;31.41;14.5;1777908789;2026-05-31 16:53:09;Sunday;671237
SteamData;São Paulo;DC-SP01;ZonaA;SRV-WEB-01;65.38;34359738368;24168143718;70.34;536870912000;216894325190;40.4;10.26;70994;189596;10;366;chrome.exe;38.97;python.exe;16.46;discord.exe;3.55;chrome.exe;1677793860;discord.exe;1730723207;python.exe;474401239;16;27.86;14.19;1780241589;2026-05-31 17:13:09;Sunday;776958
SteamData;Rio de Janeiro;DC-RJ01;ZonaA;SRV-API-01;58.03;34359738368;28707754738;83.55;536870912000;392643412492;73.14;84.44;206579;239998;9;204;chrome.exe;21.94;python.exe;11.55;discord.exe;7.22;chrome.exe;2109057289;discord.exe;1987308201;python.exe;908602056;16;58.73;9.04;1779118389;2026-05-31 17:13:09;Sunday;501993
SteamData;Porto Alegre;DC-POA01;ZonaA;SRV-DB-01;80.74;34359738368;14928624777;43.45;536870912000;341569822018;63.62;104.96;95270;189816;23;234;chrome.exe;28.62;python.exe;14.42;discord.exe;4.0;chrome.exe;1834333634;discord.exe;1938186864;python.exe;372218421;16;38.38;29.8;1779723189;2026-05-31 17:13:09;Sunday;611377
SteamData;São Paulo;DC-SP01;ZonaA;SRV-DB-01;70.02;34359738368;28117003002;81.83;536870912000;247401599636;46.08;40.52;272959;166997;30;358;chrome.exe;38.52;python.exe;24.78;discord.exe;3.98;chrome.exe;1743803104;discord.exe;999563605;python.exe;659081885;32;36.97;12.46;1777822389;2026-05-31 17:33:09;Sunday;549543
SteamData;Rio de Janeiro;DC-RJ01;ZonaC;SRV-WEB-01;65.9;34359738368;25655405812;74.67;536870912000;300693151283;56.01;101.83;245783;103774;17;318;chrome.exe;20.3;python.exe;17.63;discord.exe;4.82;chrome.exe;2842068358;discord.exe;658679545;python.exe;488444068;32;19.72;8.86;1777908789;2026-05-31 17:33:09;Sunday;895573
SteamData;Porto Alegre;DC-POA01;ZonaA;SRV-DB-01;42.89;34359738368;20527163655;59.74;536870912000;285067882750;53.1;101.86;148643;321919;9;390;chrome.exe;22.86;python.exe;15.86;discord.exe;10.87;chrome.exe;1616730878;discord.exe;540604299;python.exe;427762891;16;18.44;8.52;1779982389;2026-05-31 17:33:09;Sunday;659488
SteamData;São Paulo;DC-SP01;ZonaC;SRV-WEB-01;88.51;34359738368;15703501066;45.7;536870912000;230332629184;42.9;30.25;258872;163320;28;200;chrome.exe;29.09;python.exe;11.08;discord.exe;11.28;chrome.exe;1897647073;discord.exe;1597380882;python.exe;754561337;16;33.94;12.89;1778772789;2026-05-31 17:53:09;Sunday;513398
SteamData;Rio de Janeiro;DC-RJ01;ZonaA;SRV-WEB-01;67.98;34359738368;28532869412;83.04;536870912000;212502645165;39.58;118.11;131253;180256;13;339;chrome.exe;10.88;python.exe;6.02;discord.exe;14.29;chrome.exe;1133123087;discord.exe;1134673501;python.exe;905260301;32;41.24;8.46;1779723189;2026-05-31 17:53:09;Sunday;898394
SteamData;Porto Alegre;DC-POA01;ZonaC;SRV-WEB-01;36.67;34359738368;25225548904;73.42;536870912000;329184377033;61.32;22.45;146821;53298;8;347;chrome.exe;15.21;python.exe;6.31;discord.exe;11.61;chrome.exe;3716525726;discord.exe;1062886187;python.exe;325591058;32;45.27;21.74;1780241589;2026-05-31 17:53:09;Sunday;535128
SteamData;São Paulo;DC-SP01;ZonaC;SRV-API-01;82.08;34359738368;27084072931;78.83;536870912000;364444618245;67.88;107.74;215635;69200;28;204;chrome.exe;30.46;python.exe;19.54;discord.exe;14.04;chrome.exe;2819233279;discord.exe;966404406;python.exe;360761981;16;29.87;27.4;1779723189;2026-05-31 18:13:09;Sunday;595305
SteamData;Rio de Janeiro;DC-RJ01;ZonaC;SRV-WEB-01;76.91;34359738368;18338953147;53.37;536870912000;321145543465;59.82;20.58;134103;113451;15;336;chrome.exe;24.77;python.exe;15.78;discord.exe;3.51;chrome.exe;3566306012;discord.exe;1741132978;python.exe;372603344;32;20.0;11.62;1779895989;2026-05-31 18:13:09;Sunday;793706
SteamData;Porto Alegre;DC-POA01;ZonaB;SRV-WEB-01;40.41;34359738368;23272328595;67.73;536870912000;292883692611;54.55;93.68;213371;74712;7;150;chrome.exe;14.66;python.exe;6.99;discord.exe;11.27;chrome.exe;3204693372;discord.exe;1664542711;python.exe;481099969;32;66.63;29.02;1778340789;2026-05-31 18:13:09;Sunday;618209
SteamData;São Paulo;DC-SP01;ZonaC;SRV-WEB-01;26.91;34359738368;16954979510;49.35;536870912000;347397868706;64.71;34.44;228617;151561;30;233;chrome.exe;11.91;python.exe;14.68;discord.exe;13.97;chrome.exe;1405516818;discord.exe;517797528;python.exe;823568138;32;13.3;19.73;1779723189;2026-05-31 18:33:09;Sunday;888406
SteamData;Rio de Janeiro;DC-RJ01;ZonaA;SRV-API-01;27.77;34359738368;19077401665;55.52;536870912000;382849323083;71.31;81.6;240465;312322;29;343;chrome.exe;39.51;python.exe;5.87;discord.exe;13.41;chrome.exe;1680568138;discord.exe;1378981824;python.exe;464519828;16;54.71;20.78;1778427189;2026-05-31 18:33:09;Sunday;571502
SteamData;Porto Alegre;DC-POA01;ZonaC;SRV-DB-01;43.56;34359738368;20481630132;59.61;536870912000;298069401801;55.52;97.19;223925;103261;29;244;chrome.exe;38.68;python.exe;22.75;discord.exe;2.39;chrome.exe;2687159297;discord.exe;1810975348;python.exe;612845143;8;62.11;23.81;1779982389;2026-05-31 18:33:09;Sunday;787267
SteamData;São Paulo;DC-SP01;ZonaC;SRV-WEB-01;38.33;34359738368;19526822413;56.83;536870912000;202812404258;37.78;32.33;130956;352740;23;193;chrome.exe;23.37;python.exe;24.73;discord.exe;10.62;chrome.exe;3510488847;discord.exe;1201812389;python.exe;446252623;32;13.07;15.03;1779809589;2026-05-31 18:53:09;Sunday;778127
SteamData;Rio de Janeiro;DC-RJ01;ZonaB;SRV-WEB-01;50.19;34359738368;12404679564;36.1;536870912000;409256393977;76.23;13.08;245194;398491;6;385;chrome.exe;34.47;python.exe;20.13;discord.exe;5.29;chrome.exe;2816620089;discord.exe;1023089700;python.exe;738726472;16;18.94;16.41;1778599989;2026-05-31 18:53:09;Sunday;782455
SteamData;Porto Alegre;DC-POA01;ZonaC;SRV-WEB-01;61.33;34359738368;19871246656;57.83;536870912000;227149018370;42.31;44.7;245621;149979;11;325;chrome.exe;36.85;python.exe;14.41;discord.exe;10.76;chrome.exe;3833655778;discord.exe;1927564436;python.exe;596881705;16;17.02;25.35;1778254389;2026-05-31 18:53:09;Sunday;871899
SteamData;São Paulo;DC-SP01;ZonaA;SRV-WEB-01;51.44;34359738368;23757047833;69.14;536870912000;315936527617;58.85;39.73;76531;149405;12;177;chrome.exe;20.81;python.exe;24.24;discord.exe;12.95;chrome.exe;1625060349;discord.exe;722941082;python.exe;732395351;16;37.64;16.52;1778772789;2026-05-31 19:13:09;Sunday;708651
SteamData;Rio de Janeiro;DC-RJ01;ZonaC;SRV-WEB-01;74.07;34359738368;25387552617;73.89;536870912000;401013013731;74.69;80.52;206350;364814;21;202;chrome.exe;39.94;python.exe;5.91;discord.exe;12.06;chrome.exe;3175651434;discord.exe;1595260594;python.exe;378195462;8;48.43;11.59;1779291189;2026-05-31 19:13:09;Sunday;841992
SteamData;Porto Alegre;DC-POA01;ZonaB;SRV-API-01;94.38;34359738368;16310090359;47.47;536870912000;211515266889;39.4;51.94;88471;210997;10;215;chrome.exe;32.86;python.exe;21.77;discord.exe;13.45;chrome.exe;3931230302;discord.exe;1481632135;python.exe;850292877;32;22.25;11.54;1778945589;2026-05-31 19:13:09;Sunday;749355
SteamData;São Paulo;DC-SP01;ZonaB;SRV-API-01;74.36;34359738368;23121115432;67.29;536870912000;448379744394;83.52;81.85;189728;245983;29;229;chrome.exe;34.57;python.exe;8.67;discord.exe;8.34;chrome.exe;3280270134;discord.exe;1748226359;python.exe;362515263;8;52.15;19.06;1779118389;2026-05-31 19:33:09;Sunday;675197
SteamData;Rio de Janeiro;DC-RJ01;ZonaC;SRV-API-01;81.22;34359738368;21462701160;62.46;536870912000;352480060782;65.65;51.31;137272;249391;22;210;chrome.exe;23.21;python.exe;18.13;discord.exe;5.42;chrome.exe;2414071349;discord.exe;590450018;python.exe;900985876;16;32.63;13.78;1778599989;2026-05-31 19:33:09;Sunday;776927
SteamData;Porto Alegre;DC-POA01;ZonaA;SRV-DB-01;52.47;34359738368;13658765317;39.75;536870912000;317339335254;59.11;99.61;203991;196514;15;307;chrome.exe;34.25;python.exe;12.48;discord.exe;9.78;chrome.exe;1704829605;discord.exe;648269914;python.exe;356087223;8;58.54;27.59;1779377589;2026-05-31 19:33:09;Sunday;582986
SteamData;São Paulo;DC-SP01;ZonaC;SRV-API-01;56.56;34359738368;28170967736;81.99;536870912000;427119951547;79.56;86.56;281546;237110;1;255;chrome.exe;16.47;python.exe;10.15;discord.exe;6.38;chrome.exe;3519643646;discord.exe;1323408793;python.exe;440474001;8;15.57;23.5;1779463989;2026-05-31 19:53:09;Sunday;875906
SteamData;Rio de Janeiro;DC-RJ01;ZonaA;SRV-DB-01;73.78;34359738368;12975358971;37.76;536870912000;431732862212;80.42;41.02;66755;316209;14;238;chrome.exe;31.58;python.exe;8.74;discord.exe;2.47;chrome.exe;3027764627;discord.exe;875332126;python.exe;431807084;32;49.53;13.42;1777822389;2026-05-31 19:53:09;Sunday;835638
SteamData;Porto Alegre;DC-POA01;ZonaC;SRV-DB-01;31.18;34359738368;29029875717;84.49;536870912000;400777426368;74.65;77.73;177345;61436;0;261;chrome.exe;31.15;python.exe;22.03;discord.exe;14.03;chrome.exe;1976552509;discord.exe;959197169;python.exe;936987752;32;57.89;5.61;1779636789;2026-05-31 19:53:09;Sunday;652454
SteamData;São Paulo;DC-SP01;ZonaA;SRV-WEB-01;55.7;34359738368;22504220000;65.5;536870912000;432393889165;80.54;29.26;70328;59392;6;316;chrome.exe;14.71;python.exe;17.36;discord.exe;12.86;chrome.exe;2281231869;discord.exe;1742426731;python.exe;705166107;16;36.68;23.65;1779118389;2026-05-31 20:13:09;Sunday;670562
SteamData;Rio de Janeiro;DC-RJ01;ZonaA;SRV-DB-01;42.7;34359738368;13310674883;38.74;536870912000;431712917999;80.41;23.84;240543;167341;11;242;chrome.exe;32.43;python.exe;21.85;discord.exe;13.22;chrome.exe;3370569021;discord.exe;1268107642;python.exe;917997889;32;21.75;21.91;1778772789;2026-05-31 20:13:09;Sunday;832393
SteamData;Porto Alegre;DC-POA01;ZonaA;SRV-WEB-01;36.76;34359738368;14966710610;43.56;536870912000;388196271014;72.31;50.58;227745;395807;8;235;chrome.exe;22.04;python.exe;7.51;discord.exe;13.41;chrome.exe;1001673244;discord.exe;1357315806;python.exe;874741687;16;59.45;16.0;1780068789;2026-05-31 20:13:09;Sunday;579053
SteamData;São Paulo;DC-SP01;ZonaB;SRV-API-01;62.97;34359738368;21201942884;61.71;536870912000;375726049504;69.98;72.1;103839;105864;30;252;chrome.exe;17.75;python.exe;8.93;discord.exe;10.03;chrome.exe;2975412895;discord.exe;1452060903;python.exe;956049704;32;41.96;29.44;1778427189;2026-05-31 20:33:09;Sunday;580881
SteamData;Rio de Janeiro;DC-RJ01;ZonaC;SRV-DB-01;33.63;34359738368;23586109032;68.64;536870912000;272096874793;50.68;64.37;299406;76647;22;245;chrome.exe;21.19;python.exe;12.66;discord.exe;13.61;chrome.exe;3300414725;discord.exe;1814269340;python.exe;385505385;32;67.08;5.53;1778859189;2026-05-31 20:33:09;Sunday;700024
SteamData;Porto Alegre;DC-POA01;ZonaB;SRV-WEB-01;75.62;34359738368;23486697427;68.36;536870912000;217078109290;40.43;61.46;264709;106285;6;253;chrome.exe;24.13;python.exe;10.12;discord.exe;3.58;chrome.exe;2937241336;discord.exe;1726462783;python.exe;623878195;32;56.2;10.03;1779463989;2026-05-31 20:33:09;Sunday;585767
SteamData;São Paulo;DC-SP01;ZonaB;SRV-WEB-01;71.26;34359738368;24227152921;70.51;536870912000;301706618045;56.2;61.53;114930;89856;13;176;chrome.exe;34.2;python.exe;20.4;discord.exe;2.4;chrome.exe;3079708014;discord.exe;1990416682;python.exe;983073221;8;61.64;13.28;1779463989;2026-05-31 20:53:09;Sunday;617049
SteamData;Rio de Janeiro;DC-RJ01;ZonaA;SRV-API-01;45.84;34359738368;18592334377;54.11;536870912000;260547799315;48.53;107.84;244065;83677;17;245;chrome.exe;39.87;python.exe;13.04;discord.exe;11.93;chrome.exe;3726156431;discord.exe;1010860874;python.exe;856664080;8;39.51;29.13;1779723189;2026-05-31 20:53:09;Sunday;536251
SteamData;Porto Alegre;DC-POA01;ZonaB;SRV-WEB-01;80.18;34359738368;24836817419;72.28;536870912000;267562095442;49.84;91.43;276843;339145;10;179;chrome.exe;22.54;python.exe;19.72;discord.exe;12.28;chrome.exe;2874441089;discord.exe;1978345401;python.exe;666274314;16;54.57;25.99;1779377589;2026-05-31 20:53:09;Sunday;822913
SteamData;São Paulo;DC-SP01;ZonaA;SRV-API-01;42.93;34359738368;16372812197;47.65;536870912000;249372900331;46.45;94.37;82766;345403;22;265;chrome.exe;14.24;python.exe;6.54;discord.exe;11.34;chrome.exe;1744474042;discord.exe;1356844740;python.exe;563440266;8;67.05;7.23;1779291189;2026-05-31 21:13:09;Sunday;513222
SteamData;Rio de Janeiro;DC-RJ01;ZonaA;SRV-DB-01;61.71;34359738368;23372014848;68.02;536870912000;314019915164;58.49;103.28;167827;53947;10;330;chrome.exe;30.84;python.exe;21.88;discord.exe;13.82;chrome.exe;2944223243;discord.exe;662161598;python.exe;420693905;16;20.22;7.17;1779291189;2026-05-31 21:13:09;Sunday;805591
SteamData;Porto Alegre;DC-POA01;ZonaC;SRV-DB-01;51.99;34359738368;26589163673;77.38;536870912000;221478131424;41.25;15.6;200803;227272;29;301;chrome.exe;26.31;python.exe;5.12;discord.exe;9.03;chrome.exe;1970329929;discord.exe;1278462682;python.exe;464054890;16;41.9;28.85;1778599989;2026-05-31 21:13:09;Sunday;664233
SteamData;São Paulo;DC-SP01;ZonaC;SRV-DB-01;25.56;34359738368;25326119396;73.71;536870912000;400703122993;74.64;23.86;208144;160394;26;196;chrome.exe;34.21;python.exe;22.71;discord.exe;12.49;chrome.exe;3190696785;discord.exe;1334021695;python.exe;961913038;16;65.49;19.3;1777995189;2026-05-31 21:33:09;Sunday;698968
SteamData;Rio de Janeiro;DC-RJ01;ZonaB;SRV-API-01;45.18;34359738368;18369427037;53.46;536870912000;388700397093;72.4;58.75;153169;124609;26;258;chrome.exe;23.94;python.exe;15.28;discord.exe;10.3;chrome.exe;2143651939;discord.exe;1373524317;python.exe;946851143;8;36.01;26.66;1779377589;2026-05-31 21:33:09;Sunday;677098
SteamData;Porto Alegre;DC-POA01;ZonaC;SRV-API-01;74.82;34359738368;25962634379;75.56;536870912000;340386578524;63.4;39.65;190054;290596;6;225;chrome.exe;23.85;python.exe;12.51;discord.exe;12.3;chrome.exe;1457681588;discord.exe;1050765373;python.exe;665409110;32;25.21;20.64;1778859189;2026-05-31 21:33:09;Sunday;892655
SteamData;São Paulo;DC-SP01;ZonaC;SRV-WEB-01;78.79;34359738368;20672381942;60.16;536870912000;283468428384;52.8;15.92;99901;59480;5;307;chrome.exe;10.42;python.exe;19.79;discord.exe;5.56;chrome.exe;2442550632;discord.exe;1876813673;python.exe;324350333;8;56.76;7.66;1779031989;2026-05-31 21:53:09;Sunday;590511
SteamData;Rio de Janeiro;DC-RJ01;ZonaA;SRV-DB-01;45.08;34359738368;22602117106;65.78;536870912000;311164746092;57.96;102.41;134777;307304;8;396;chrome.exe;22.93;python.exe;21.0;discord.exe;13.73;chrome.exe;3836159425;discord.exe;1779464935;python.exe;380527170;32;14.72;21.39;1779031989;2026-05-31 21:53:09;Sunday;709385
SteamData;Porto Alegre;DC-POA01;ZonaC;SRV-API-01;34.17;34359738368;19401061295;56.46;536870912000;200159238009;37.28;101.3;153023;116423;16;320;chrome.exe;27.25;python.exe;20.78;discord.exe;8.28;chrome.exe;2058150732;discord.exe;1928821237;python.exe;383528597;32;29.95;21.39;1778945589;2026-05-31 21:53:09;Sunday;758772
SteamData;São Paulo;DC-SP01;ZonaC;SRV-API-01;87.53;34359738368;17622010221;51.29;536870912000;407246642802;75.86;12.53;180973;241732;15;206;chrome.exe;18.34;python.exe;13.72;discord.exe;6.77;chrome.exe;2810101262;discord.exe;1771087241;python.exe;728160302;32;21.28;11.63;1779291189;2026-05-31 22:13:09;Sunday;638711
SteamData;Rio de Janeiro;DC-RJ01;ZonaC;SRV-WEB-01;42.43;34359738368;13174282839;38.34;536870912000;410758388972;76.51;111.19;187093;138171;19;202;chrome.exe;27.83;python.exe;23.68;discord.exe;2.02;chrome.exe;1487815098;discord.exe;1703112392;python.exe;773259807;32;22.42;13.06;1777908789;2026-05-31 22:13:09;Sunday;574984
SteamData;Porto Alegre;DC-POA01;ZonaC;SRV-DB-01;85.37;34359738368;23481449411;68.34;536870912000;374707299851;69.79;42.32;114755;220181;26;358;chrome.exe;32.78;python.exe;21.85;discord.exe;11.22;chrome.exe;3564306679;discord.exe;1651069075;python.exe;375536358;32;58.48;12.16;1777995189;2026-05-31 22:13:09;Sunday;639845
SteamData;São Paulo;DC-SP01;ZonaC;SRV-WEB-01;36.09;34359738368;24598186309;71.59;536870912000;290904486556;54.19;84.86;132383;89835;0;328;chrome.exe;26.33;python.exe;10.06;discord.exe;4.7;chrome.exe;3567218415;discord.exe;866205563;python.exe;839928698;32;44.05;12.47;1778599989;2026-05-31 22:33:09;Sunday;638059
SteamData;Rio de Janeiro;DC-RJ01;ZonaB;SRV-API-01;76.89;34359738368;22156063348;64.48;536870912000;336478832283;62.67;17.45;94996;273060;15;187;chrome.exe;21.31;python.exe;20.9;discord.exe;9.85;chrome.exe;3055317014;discord.exe;808792851;python.exe;425029247;16;28.23;6.58;1779895989;2026-05-31 22:33:09;Sunday;610620
SteamData;Porto Alegre;DC-POA01;ZonaA;SRV-API-01;43.17;34359738368;14616739699;42.54;536870912000;255535533118;47.6;72.24;198179;360036;4;256;chrome.exe;31.58;python.exe;24.11;discord.exe;3.01;chrome.exe;1728668902;discord.exe;1846171677;python.exe;340819662;8;23.87;24.13;1779550389;2026-05-31 22:33:09;Sunday;855115
SteamData;São Paulo;DC-SP01;ZonaB;SRV-WEB-01;81.46;34359738368;28196391650;82.06;536870912000;237166680407;44.18;75.67;218612;192543;27;249;chrome.exe;29.79;python.exe;19.43;discord.exe;2.86;chrome.exe;2494832439;discord.exe;1823957149;python.exe;930697801;8;63.36;5.55;1778513589;2026-05-31 22:53:09;Sunday;543144
SteamData;Rio de Janeiro;DC-RJ01;ZonaC;SRV-WEB-01;62.22;34359738368;21313568533;62.03;536870912000;215689587104;40.18;23.47;287731;352214;11;326;chrome.exe;39.23;python.exe;14.19;discord.exe;14.93;chrome.exe;2687502155;discord.exe;966764475;python.exe;952914432;32;42.77;18.67;1778859189;2026-05-31 22:53:09;Sunday;847320
SteamData;Porto Alegre;DC-POA01;ZonaC;SRV-API-01;56.65;34359738368;18088744400;52.65;536870912000;442458587853;82.41;35.32;204369;90976;28;221;chrome.exe;25.9;python.exe;10.46;discord.exe;12.58;chrome.exe;3667198229;discord.exe;1797927556;python.exe;868231464;8;68.08;19.18;1779118389;2026-05-31 22:53:09;Sunday;551745
SteamData;São Paulo;DC-SP01;ZonaA;SRV-DB-01;78.29;34359738368;23435948135;68.21;536870912000;328091345340;61.11;102.12;254340;171625;11;369;chrome.exe;10.87;python.exe;14.76;discord.exe;7.89;chrome.exe;1798816478;discord.exe;1737241684;python.exe;893333975;16;30.07;17.5;1778081589;2026-05-31 23:13:09;Sunday;514408
SteamData;Rio de Janeiro;DC-RJ01;ZonaB;SRV-API-01;90.63;34359738368;18465008147;53.74;536870912000;424200290261;79.01;85.42;122193;126655;7;196;chrome.exe;35.79;python.exe;22.84;discord.exe;11.39;chrome.exe;2104124271;discord.exe;626199698;python.exe;345882175;32;13.6;13.54;1779377589;2026-05-31 23:13:09;Sunday;663459
SteamData;Porto Alegre;DC-POA01;ZonaA;SRV-DB-01;47.76;34359738368;14989163427;43.62;536870912000;320286626925;59.66;64.41;134399;144751;18;172;chrome.exe;28.29;python.exe;16.29;discord.exe;8.62;chrome.exe;1842603647;discord.exe;1115027537;python.exe;685190266;32;64.39;9.82;1778254389;2026-05-31 23:13:09;Sunday;884043
SteamData;São Paulo;DC-SP01;ZonaA;SRV-API-01;39.38;34359738368;22478226643;65.42;536870912000;432021383366;80.47;89.07;118630;118690;25;283;chrome.exe;28.6;python.exe;12.86;discord.exe;8.92;chrome.exe;3071885150;discord.exe;901262702;python.exe;654353251;8;67.36;8.43;1779377589;2026-05-31 23:33:09;Sunday;600375
SteamData;Rio de Janeiro;DC-RJ01;ZonaB;SRV-API-01;92.25;34359738368;15913525727;46.31;536870912000;212317997154;39.55;87.59;295979;286752;3;351;chrome.exe;14.76;python.exe;21.39;discord.exe;9.96;chrome.exe;1585362946;discord.exe;1182530932;python.exe;914310011;8;49.84;14.02;1778254389;2026-05-31 23:33:09;Sunday;663452
SteamData;Porto Alegre;DC-POA01;ZonaC;SRV-DB-01;29.67;34359738368;28668401536;83.44;536870912000;231849900302;43.19;103.1;90505;68252;15;203;chrome.exe;16.29;python.exe;19.42;discord.exe;12.57;chrome.exe;3615243385;discord.exe;1279456096;python.exe;870231002;16;28.74;20.35;1778254389;2026-05-31 23:33:09;Sunday;732406
SteamData;São Paulo;DC-SP01;ZonaB;SRV-WEB-01;93.05;34359738368;13891557521;40.43;536870912000;299954487212;55.87;19.88;204439;174001;18;321;chrome.exe;15.85;python.exe;19.98;discord.exe;5.59;chrome.exe;2683623571;discord.exe;1682375171;python.exe;436901036;16;52.03;5.32;1777822389;2026-05-31 23:53:09;Sunday;758737
SteamData;Rio de Janeiro;DC-RJ01;ZonaC;SRV-DB-01;37.56;34359738368;22170068975;64.52;536870912000;222919294823;41.52;46.97;111212;186173;22;327;chrome.exe;36.54;python.exe;23.2;discord.exe;2.59;chrome.exe;2054110362;discord.exe;1099845891;python.exe;940930921;32;24.36;17.06;1778427189;2026-05-31 23:53:09;Sunday;836655
SteamData;Porto Alegre;DC-POA01;ZonaA;SRV-WEB-01;44.09;34359738368;27837334065;81.02;536870912000;410299800975;76.42;73.7;269398;345573;24;325;chrome.exe;28.01;python.exe;19.68;discord.exe;13.04;chrome.exe;2706878899;discord.exe;918719224;python.exe;504070544;16;44.28;26.22;1778513589;2026-05-31 23:53:09;Sunday;502181
SteamData;São Paulo;DC-SP01;ZonaB;SRV-API-01;73.65;34359738368;27002602751;78.59;536870912000;383963617700;71.52;97.57;264496;139466;8;231;chrome.exe;22.32;python.exe;6.82;discord.exe;5.89;chrome.exe;3977779456;discord.exe;1261463157;python.exe;518897161;16;13.16;7.81;1778081589;2026-06-01 00:13:09;Monday;639940
SteamData;Rio de Janeiro;DC-RJ01;ZonaB;SRV-DB-01;88.38;34359738368;13089906039;38.1;536870912000;335643329837;62.52;18.99;251221;86427;12;237;chrome.exe;23.32;python.exe;23.13;discord.exe;9.86;chrome.exe;3319721140;discord.exe;1121551512;python.exe;535510118;8;24.94;20.85;1779809589;2026-06-01 00:13:09;Monday;893843
SteamData;Porto Alegre;DC-POA01;ZonaA;SRV-API-01;94.14;34359738368;27838433588;81.02;536870912000;401443024533;74.77;57.01;61194;103290;4;354;chrome.exe;21.73;python.exe;9.08;discord.exe;2.0;chrome.exe;1312330862;discord.exe;753782742;python.exe;684415793;16;42.05;26.33;1777822389;2026-06-01 00:13:09;Monday;673205
SteamData;São Paulo;DC-SP01;ZonaA;SRV-DB-01;34.81;34359738368;20906093319;60.84;536870912000;287922224795;53.63;37.98;179622;255259;30;395;chrome.exe;38.71;python.exe;6.06;discord.exe;7.15;chrome.exe;3035450567;discord.exe;1884541362;python.exe;808662539;32;53.39;11.37;1778772789;2026-06-01 00:33:09;Monday;716824
SteamData;Rio de Janeiro;DC-RJ01;ZonaB;SRV-WEB-01;26.67;34359738368;21919476865;63.79;536870912000;438753136682;81.72;97.54;269848;326802;19;317;chrome.exe;39.76;python.exe;23.08;discord.exe;14.5;chrome.exe;3636197132;discord.exe;865383634;python.exe;592450805;8;10.19;14.53;1777995189;2026-06-01 00:33:09;Monday;540946
SteamData;Porto Alegre;DC-POA01;ZonaC;SRV-API-01;88.24;34359738368;13890184613;40.43;536870912000;400534601234;74.61;93.51;131706;330353;29;176;chrome.exe;17.17;python.exe;7.48;discord.exe;5.72;chrome.exe;2319250666;discord.exe;1651380755;python.exe;425418997;16;64.52;22.34;1779463989;2026-06-01 00:33:09;Monday;855754
SteamData;São Paulo;DC-SP01;ZonaA;SRV-API-01;51.84;34359738368;16052589932;46.72;536870912000;339379877572;63.21;30.95;149476;130754;18;213;chrome.exe;11.02;python.exe;20.01;discord.exe;13.15;chrome.exe;3645143379;discord.exe;834987352;python.exe;611723827;8;38.79;20.46;1777735989;2026-06-01 00:53:09;Monday;710822
SteamData;Rio de Janeiro;DC-RJ01;ZonaC;SRV-DB-01;87.94;34359738368;15733773881;45.79;536870912000;427053645668;79.54;19.96;58788;92351;23;268;chrome.exe;15.76;python.exe;16.25;discord.exe;13.44;chrome.exe;3093190147;discord.exe;703957670;python.exe;715588813;16;50.6;9.52;1778599989;2026-06-01 00:53:09;Monday;647817
SteamData;Porto Alegre;DC-POA01;ZonaA;SRV-DB-01;52.27;34359738368;28232957326;82.17;536870912000;364240388291;67.85;55.63;87992;355633;14;371;chrome.exe;20.64;python.exe;9.56;discord.exe;6.28;chrome.exe;2548578078;discord.exe;1869300389;python.exe;826664566;32;35.64;12.44;1779809589;2026-06-01 00:53:09;Monday;559547
SteamData;São Paulo;DC-SP01;ZonaA;SRV-API-01;60.37;34359738368;25443622653;74.05;536870912000;448504015347;83.54;56.35;218667;82888;24;317;chrome.exe;38.19;python.exe;7.95;discord.exe;11.75;chrome.exe;3674180243;discord.exe;567490109;python.exe;800321518;8;22.7;8.41;1778599989;2026-06-01 01:13:09;Monday;652080
SteamData;Rio de Janeiro;DC-RJ01;ZonaC;SRV-DB-01;30.24;34359738368;21233494477;61.8;536870912000;328603999839;61.21;112.94;89641;61122;11;302;chrome.exe;37.58;python.exe;15.35;discord.exe;4.82;chrome.exe;3872995803;discord.exe;754598586;python.exe;801404758;8;30.49;21.68;1777735989;2026-06-01 01:13:09;Monday;825966
SteamData;Porto Alegre;DC-POA01;ZonaB;SRV-API-01;69.53;34359738368;12735235587;37.06;536870912000;302364216513;56.32;14.02;197512;162440;11;162;chrome.exe;28.56;python.exe;21.58;discord.exe;3.68;chrome.exe;1724479757;discord.exe;530904701;python.exe;346992526;32;43.62;11.5;1778427189;2026-06-01 01:13:09;Monday;669104
SteamData;São Paulo;DC-SP01;ZonaA;SRV-DB-01;42.65;34359738368;22922235611;66.71;536870912000;371377761126;69.17;99.02;212061;201045;23;314;chrome.exe;38.96;python.exe;16.15;discord.exe;14.56;chrome.exe;3429747789;discord.exe;867320420;python.exe;564190925;8;22.89;19.99;1779204789;2026-06-01 01:33:09;Monday;821974
SteamData;Rio de Janeiro;DC-RJ01;ZonaB;SRV-API-01;79.78;34359738368;13763002823;40.06;536870912000;316427329902;58.94;114.63;126657;178016;22;159;chrome.exe;23.06;python.exe;19.87;discord.exe;9.38;chrome.exe;1663946202;discord.exe;937113383;python.exe;376744880;8;59.56;12.02;1779550389;2026-06-01 01:33:09;Monday;713734
SteamData;Porto Alegre;DC-POA01;ZonaA;SRV-WEB-01;56.48;34359738368;17595772759;51.21;536870912000;377403153775;70.3;100.45;183387;125989;26;212;chrome.exe;15.46;python.exe;18.96;discord.exe;5.09;chrome.exe;2960157696;discord.exe;1812618955;python.exe;542672310;32;55.58;29.38;1778340789;2026-06-01 01:33:09;Monday;862829
SteamData;São Paulo;DC-SP01;ZonaC;SRV-API-01;86.23;34359738368;20255400941;58.95;536870912000;441817440634;82.29;47.99;173051;179457;24;323;chrome.exe;28.2;python.exe;5.73;discord.exe;6.93;chrome.exe;3339091671;discord.exe;1742735023;python.exe;727826883;32;44.63;15.39;1778167989;2026-06-01 01:53:09;Monday;609151
SteamData;Rio de Janeiro;DC-RJ01;ZonaC;SRV-API-01;92.68;34359738368;24188842140;70.4;536870912000;406529738796;75.72;104.61;276728;251784;2;384;chrome.exe;21.29;python.exe;14.74;discord.exe;9.25;chrome.exe;1945797474;discord.exe;1602639127;python.exe;513305184;8;16.19;21.84;1778167989;2026-06-01 01:53:09;Monday;553595
SteamData;Porto Alegre;DC-POA01;ZonaA;SRV-DB-01;48.25;34359738368;18792572719;54.69;536870912000;313957061972;58.48;44.6;70800;81021;5;179;chrome.exe;37.95;python.exe;22.24;discord.exe;13.12;chrome.exe;3038569492;discord.exe;1415594807;python.exe;385971999;32;46.6;19.53;1779723189;2026-06-01 01:53:09;Monday;890497
SteamData;São Paulo;DC-SP01;ZonaC;SRV-WEB-01;48.16;34359738368;18752258377;54.58;536870912000;338057898805;62.97;22.73;107219;319842;22;183;chrome.exe;14.43;python.exe;21.16;discord.exe;14.26;chrome.exe;3864174198;discord.exe;1782954701;python.exe;446594784;8;34.2;11.97;1778081589;2026-06-01 02:13:09;Monday;692242
SteamData;Rio de Janeiro;DC-RJ01;ZonaC;SRV-API-01;68.96;34359738368;29744396628;86.57;536870912000;202733451175;37.76;26.17;273793;269934;19;221;chrome.exe;11.93;python.exe;15.8;discord.exe;7.68;chrome.exe;2085808451;discord.exe;1896687752;python.exe;780192148;16;14.1;7.66;1778945589;2026-06-01 02:13:09;Monday;811087
SteamData;Porto Alegre;DC-POA01;ZonaA;SRV-DB-01;93.89;34359738368;20210971802;58.82;536870912000;200934009089;37.43;70.83;88716;345032;0;394;chrome.exe;25.51;python.exe;15.52;discord.exe;7.88;chrome.exe;1534040935;discord.exe;1891271185;python.exe;426997187;32;26.14;6.68;1779377589;2026-06-01 02:13:09;Monday;592218
SteamData;São Paulo;DC-SP01;ZonaB;SRV-API-01;66.39;34359738368;13036278329;37.94;536870912000;428927655609;79.89;100.12;267802;134879;14;181;chrome.exe;30.89;python.exe;8.48;discord.exe;2.17;chrome.exe;1281912514;discord.exe;1404858059;python.exe;987824398;8;27.51;20.96;1779463989;2026-06-01 02:33:09;Monday;855926
SteamData;Rio de Janeiro;DC-RJ01;ZonaA;SRV-API-01;86.51;34359738368;23010704257;66.97;536870912000;435140793304;81.05;72.25;160637;255273;5;222;chrome.exe;26.95;python.exe;15.73;discord.exe;10.03;chrome.exe;3187924272;discord.exe;706859898;python.exe;944231876;8;67.09;16.97;1778945589;2026-06-01 02:33:09;Monday;565785
SteamData;Porto Alegre;DC-POA01;ZonaC;SRV-API-01;29.22;34359738368;13510674679;39.32;536870912000;298457845643;55.59;10.47;76761;250342;13;272;chrome.exe;34.36;python.exe;21.81;discord.exe;13.5;chrome.exe;2553334167;discord.exe;1662780369;python.exe;865910053;16;56.29;22.5;1779031989;2026-06-01 02:33:09;Monday;693773
SteamData;São Paulo;DC-SP01;ZonaC;SRV-WEB-01;39.33;34359738368;12299933150;35.8;536870912000;401364787136;74.76;21.86;94680;238181;3;292;chrome.exe;28.6;python.exe;21.31;discord.exe;5.2;chrome.exe;3661751437;discord.exe;1569801137;python.exe;577176818;16;55.31;9.52;1779809589;2026-06-01 02:53:09;Monday;758609
SteamData;Rio de Janeiro;DC-RJ01;ZonaA;SRV-DB-01;64.35;34359738368;14813096958;43.11;536870912000;354939235947;66.11;16.9;255777;270556;4;281;chrome.exe;19.71;python.exe;11.19;discord.exe;8.54;chrome.exe;3777887541;discord.exe;1251914698;python.exe;983855891;16;69.07;9.57;1778859189;2026-06-01 02:53:09;Monday;607991
SteamData;Porto Alegre;DC-POA01;ZonaC;SRV-DB-01;31.39;34359738368;29573468664;86.07;536870912000;440582757031;82.06;89.61;141020;307542;26;375;chrome.exe;20.26;python.exe;16.35;discord.exe;8.69;chrome.exe;3089042011;discord.exe;1795462399;python.exe;882915484;8;50.57;27.55;1779377589;2026-06-01 02:53:09;Monday;659583
SteamData;São Paulo;DC-SP01;ZonaB;SRV-DB-01;29.1;34359738368;22229657007;64.7;536870912000;299982031035;55.88;96.21;230808;58359;30;360;chrome.exe;21.84;python.exe;7.16;discord.exe;10.28;chrome.exe;2715642051;discord.exe;569002266;python.exe;585056205;16;68.28;13.16;1779982389;2026-06-01 03:13:09;Monday;721176
SteamData;Rio de Janeiro;DC-RJ01;ZonaB;SRV-WEB-01;85.5;34359738368;21383427001;62.23;536870912000;211510662539;39.4;115.14;261558;280777;24;296;chrome.exe;35.95;python.exe;8.94;discord.exe;9.65;chrome.exe;1024814738;discord.exe;1513857490;python.exe;601359555;16;56.1;13.25;1777822389;2026-06-01 03:13:09;Monday;809432
SteamData;Porto Alegre;DC-POA01;ZonaB;SRV-WEB-01;72.96;34359738368;13490880129;39.26;536870912000;430079440094;80.11;100.99;92800;207498;1;254;chrome.exe;11.14;python.exe;9.57;discord.exe;2.73;chrome.exe;2338378111;discord.exe;1685141311;python.exe;684014339;8;37.73;13.34;1778254389;2026-06-01 03:13:09;Monday;629094
SteamData;São Paulo;DC-SP01;ZonaA;SRV-WEB-01;43.01;34359738368;12359187401;35.97;536870912000;279100885853;51.99;107.09;170091;277631;17;221;chrome.exe;28.38;python.exe;7.02;discord.exe;11.73;chrome.exe;2714880079;discord.exe;1432788300;python.exe;929235552;32;17.39;26.13;1778859189;2026-06-01 03:33:09;Monday;732052
SteamData;Rio de Janeiro;DC-RJ01;ZonaC;SRV-DB-01;57.74;34359738368;14849498575;43.22;536870912000;366018277140;68.18;37.84;87529;219333;14;170;chrome.exe;39.85;python.exe;18.4;discord.exe;5.67;chrome.exe;1223723216;discord.exe;1534243989;python.exe;389466940;32;69.12;22.15;1779809589;2026-06-01 03:33:09;Monday;587217
SteamData;Porto Alegre;DC-POA01;ZonaC;SRV-API-01;67.66;34359738368;19852934918;57.78;536870912000;221498240420;41.26;37.21;77687;190665;9;170;chrome.exe;25.37;python.exe;21.62;discord.exe;10.35;chrome.exe;2960477695;discord.exe;1753839688;python.exe;332583337;16;65.71;8.55;1778167989;2026-06-01 03:33:09;Monday;649957
SteamData;São Paulo;DC-SP01;ZonaA;SRV-DB-01;76.26;34359738368;28940549070;84.23;536870912000;229992532991;42.84;77.37;193849;167305;23;160;chrome.exe;29.64;python.exe;21.61;discord.exe;6.15;chrome.exe;1435099416;discord.exe;977744811;python.exe;848154580;32;11.14;16.51;1779291189;2026-06-01 03:53:09;Monday;705102
SteamData;Rio de Janeiro;DC-RJ01;ZonaA;SRV-API-01;70.24;34359738368;16249284311;47.29;536870912000;374576992243;69.77;40.09;231266;133476;28;399;chrome.exe;10.43;python.exe;15.78;discord.exe;5.79;chrome.exe;3407101424;discord.exe;1208442289;python.exe;846097857;32;47.33;20.06;1777735989;2026-06-01 03:53:09;Monday;851166
SteamData;Porto Alegre;DC-POA01;ZonaC;SRV-WEB-01;36.84;34359738368;20821733259;60.6;536870912000;414758637761;77.25;56.36;248242;139769;17;269;chrome.exe;27.3;python.exe;7.67;discord.exe;9.05;chrome.exe;3463816726;discord.exe;759552452;python.exe;561878617;8;41.52;25.48;1778254389;2026-06-01 03:53:09;Monday;512394
SteamData;São Paulo;DC-SP01;ZonaA;SRV-DB-01;73.6;34359738368;12006743629;34.94;536870912000;248057102868;46.2;55.71;172082;209944;3;202;chrome.exe;24.06;python.exe;14.96;discord.exe;11.87;chrome.exe;1367343703;discord.exe;642094514;python.exe;794208723;16;10.28;21.46;1778859189;2026-06-01 04:13:09;Monday;517919
SteamData;Rio de Janeiro;DC-RJ01;ZonaA;SRV-WEB-01;83.3;34359738368;20421298088;59.43;536870912000;405435121131;75.52;98.47;177996;155831;3;347;chrome.exe;12.54;python.exe;8.76;discord.exe;8.67;chrome.exe;1687653087;discord.exe;1972273373;python.exe;993354600;16;12.46;5.37;1777995189;2026-06-01 04:13:09;Monday;626515
SteamData;Porto Alegre;DC-POA01;ZonaC;SRV-DB-01;81.16;34359738368;23811511182;69.3;536870912000;272608563585;50.78;89.17;159914;318987;29;205;chrome.exe;23.6;python.exe;17.63;discord.exe;3.03;chrome.exe;3776227902;discord.exe;546076599;python.exe;651609285;32;33.37;14.4;1778772789;2026-06-01 04:13:09;Monday;535682
SteamData;São Paulo;DC-SP01;ZonaC;SRV-WEB-01;61.82;34359738368;12453595606;36.24;536870912000;380427099602;70.86;92.62;90974;349290;30;200;chrome.exe;27.01;python.exe;22.46;discord.exe;2.33;chrome.exe;2953445830;discord.exe;1046043294;python.exe;563430941;16;24.23;20.41;1779118389;2026-06-01 04:33:09;Monday;534097
SteamData;Rio de Janeiro;DC-RJ01;ZonaC;SRV-DB-01;91.76;34359738368;27614553073;80.37;536870912000;311474114371;58.02;53.42;288479;281922;27;256;chrome.exe;13.26;python.exe;23.81;discord.exe;11.76;chrome.exe;2957372033;discord.exe;549100005;python.exe;869485929;8;43.02;12.73;1778859189;2026-06-01 04:33:09;Monday;644457
SteamData;Porto Alegre;DC-POA01;ZonaA;SRV-API-01;82.24;34359738368;26770786114;77.91;536870912000;400233366737;74.55;103.02;224331;81151;4;163;chrome.exe;37.31;python.exe;8.8;discord.exe;4.58;chrome.exe;3700674217;discord.exe;1235187588;python.exe;808671278;16;56.08;17.29;1777822389;2026-06-01 04:33:09;Monday;898691
SteamData;São Paulo;DC-SP01;ZonaB;SRV-DB-01;33.09;34359738368;15015293025;43.7;536870912000;443612553117;82.63;44.34;196431;399829;14;314;chrome.exe;35.47;python.exe;20.55;discord.exe;7.59;chrome.exe;3353495525;discord.exe;1659287742;python.exe;342282267;8;58.87;18.18;1778254389;2026-06-01 04:53:09;Monday;686068
SteamData;Rio de Janeiro;DC-RJ01;ZonaA;SRV-DB-01;46.91;34359738368;27889713652;81.17;536870912000;228858585453;42.63;108.8;203992;299489;2;298;chrome.exe;30.83;python.exe;14.13;discord.exe;5.41;chrome.exe;2009915498;discord.exe;845985314;python.exe;383053714;32;60.92;25.9;1779377589;2026-06-01 04:53:09;Monday;748296
SteamData;Porto Alegre;DC-POA01;ZonaC;SRV-API-01;79.32;34359738368;23635034032;68.79;536870912000;346354201887;64.51;81.74;167799;283431;25;249;chrome.exe;23.85;python.exe;6.78;discord.exe;8.84;chrome.exe;3338885424;discord.exe;1993215617;python.exe;313551946;32;33.12;20.42;1780068789;2026-06-01 04:53:09;Monday;531255
SteamData;São Paulo;DC-SP01;ZonaC;SRV-API-01;40.79;34359738368;16125720217;46.93;536870912000;273988543770;51.03;51.25;186999;157934;10;353;chrome.exe;34.44;python.exe;18.11;discord.exe;10.7;chrome.exe;3011289236;discord.exe;1441075374;python.exe;652257465;8;53.95;20.66;1779895989;2026-06-01 05:13:09;Monday;851496
SteamData;Rio de Janeiro;DC-RJ01;ZonaA;SRV-API-01;63.88;34359738368;21887007579;63.7;536870912000;332533770919;61.94;27.91;250238;280751;19;363;chrome.exe;18.98;python.exe;13.49;discord.exe;8.19;chrome.exe;1925428334;discord.exe;1939839304;python.exe;315479756;16;66.64;20.32;1779636789;2026-06-01 05:13:09;Monday;509654
SteamData;Porto Alegre;DC-POA01;ZonaB;SRV-WEB-01;36.83;34359738368;18942328909;55.13;536870912000;213270659515;39.72;39.99;289815;226860;24;207;chrome.exe;30.74;python.exe;9.69;discord.exe;10.02;chrome.exe;2388597892;discord.exe;1581389578;python.exe;924523263;16;44.81;25.53;1778340789;2026-06-01 05:13:09;Monday;606140
SteamData;São Paulo;DC-SP01;ZonaA;SRV-API-01;80.08;34359738368;24592922975;71.57;536870912000;403379124815;75.14;35.78;87423;193804;29;371;chrome.exe;38.25;python.exe;22.71;discord.exe;10.82;chrome.exe;2064302666;discord.exe;1709481634;python.exe;588875111;16;69.79;11.74;1779463989;2026-06-01 05:33:09;Monday;715572
SteamData;Rio de Janeiro;DC-RJ01;ZonaA;SRV-WEB-01;43.46;34359738368;25774599901;75.01;536870912000;266938049919;49.72;50.66;205424;108827;12;250;chrome.exe;20.53;python.exe;8.32;discord.exe;13.44;chrome.exe;2203920031;discord.exe;1920849366;python.exe;709620674;32;21.28;7.79;1779118389;2026-06-01 05:33:09;Monday;664858
SteamData;Porto Alegre;DC-POA01;ZonaA;SRV-WEB-01;75.3;34359738368;22718089014;66.12;536870912000;223395962006;41.61;80.97;102502;64794;21;328;chrome.exe;25.68;python.exe;20.45;discord.exe;6.74;chrome.exe;1327376799;discord.exe;600892388;python.exe;524845490;32;15.03;23.89;1778599989;2026-06-01 05:33:09;Monday;548065
SteamData;São Paulo;DC-SP01;ZonaA;SRV-DB-01;50.63;34359738368;28898216918;84.1;536870912000;396429419974;73.84;33.26;84644;368512;7;278;chrome.exe;26.69;python.exe;21.52;discord.exe;3.73;chrome.exe;3604050750;discord.exe;779173474;python.exe;330627093;32;55.76;28.12;1779463989;2026-06-01 05:53:09;Monday;643611
SteamData;Rio de Janeiro;DC-RJ01;ZonaA;SRV-WEB-01;45.36;34359738368;23664197913;68.87;536870912000;319957303819;59.6;117.77;262110;85913;12;317;chrome.exe;24.94;python.exe;10.18;discord.exe;13.49;chrome.exe;3833696783;discord.exe;702170542;python.exe;600098875;32;60.43;5.54;1778859189;2026-06-01 05:53:09;Monday;614726
SteamData;Porto Alegre;DC-POA01;ZonaB;SRV-WEB-01;77.04;34359738368;19940324616;58.03;536870912000;331748222351;61.79;37.43;185814;214714;15;325;chrome.exe;35.34;python.exe;19.1;discord.exe;5.14;chrome.exe;2642103711;discord.exe;1890123973;python.exe;305197760;16;62.15;25.97;1778254389;2026-06-01 05:53:09;Monday;531125
SteamData;São Paulo;DC-SP01;ZonaB;SRV-API-01;70.42;34359738368;12820889374;37.31;536870912000;218446296610;40.69;108.73;85022;334212;4;157;chrome.exe;18.31;python.exe;21.89;discord.exe;14.6;chrome.exe;3522483520;discord.exe;1460878856;python.exe;883102224;16;44.78;27.0;1778427189;2026-06-01 06:13:09;Monday;559961
SteamData;Rio de Janeiro;DC-RJ01;ZonaC;SRV-DB-01;53.79;34359738368;22719335762;66.12;536870912000;354915732401;66.11;32.1;115057;234900;2;207;chrome.exe;18.27;python.exe;5.27;discord.exe;10.92;chrome.exe;1745013800;discord.exe;906155720;python.exe;635579897;16;67.66;29.86;1778340789;2026-06-01 06:13:09;Monday;844540
SteamData;Porto Alegre;DC-POA01;ZonaB;SRV-DB-01;26.55;34359738368;22427840119;65.27;536870912000;336803124101;62.73;115.71;206720;197187;30;194;chrome.exe;20.25;python.exe;9.87;discord.exe;11.58;chrome.exe;2720735547;discord.exe;1652849720;python.exe;801455900;8;54.77;16.39;1779291189;2026-06-01 06:13:09;Monday;836241
SteamData;São Paulo;DC-SP01;ZonaC;SRV-WEB-01;85.78;34359738368;24472599674;71.22;536870912000;234387709833;43.66;14.89;242556;51168;26;195;chrome.exe;27.68;python.exe;7.52;discord.exe;5.75;chrome.exe;2425133856;discord.exe;1578721463;python.exe;921491843;8;53.3;17.8;1777822389;2026-06-01 06:33:09;Monday;774376
SteamData;Rio de Janeiro;DC-RJ01;ZonaB;SRV-DB-01;71.02;34359738368;26932821639;78.38;536870912000;243300159961;45.32;108.78;160549;295366;23;187;chrome.exe;29.77;python.exe;16.55;discord.exe;4.7;chrome.exe;3806713594;discord.exe;1811201033;python.exe;783256571;16;61.25;10.99;1778340789;2026-06-01 06:33:09;Monday;850919
SteamData;Porto Alegre;DC-POA01;ZonaC;SRV-DB-01;50.82;34359738368;24428402704;71.1;536870912000;415775139803;77.44;71.35;174050;383296;15;215;chrome.exe;23.71;python.exe;8.62;discord.exe;3.71;chrome.exe;2811228290;discord.exe;1262505824;python.exe;848864080;16;55.74;27.37;1778772789;2026-06-01 06:33:09;Monday;567899
SteamData;São Paulo;DC-SP01;ZonaC;SRV-DB-01;88.0;34359738368;12606346808;36.69;536870912000;284945107697;53.08;118.21;180270;170535;16;198;chrome.exe;14.17;python.exe;17.33;discord.exe;2.11;chrome.exe;2463798384;discord.exe;903442683;python.exe;892717134;8;42.54;23.1;1778340789;2026-06-01 06:53:09;Monday;563066
SteamData;Rio de Janeiro;DC-RJ01;ZonaB;SRV-API-01;71.18;34359738368;28879990959;84.05;536870912000;405812958403;75.59;27.9;86695;325823;12;387;chrome.exe;12.06;python.exe;24.9;discord.exe;6.96;chrome.exe;2407654236;discord.exe;1094582344;python.exe;347660941;16;11.34;29.62;1780241589;2026-06-01 06:53:09;Monday;634246
SteamData;Porto Alegre;DC-POA01;ZonaB;SRV-WEB-01;55.15;34359738368;29828411525;86.81;536870912000;415619132914;77.42;102.79;291556;345027;29;200;chrome.exe;35.99;python.exe;15.47;discord.exe;10.01;chrome.exe;3790889556;discord.exe;1133060623;python.exe;582778595;8;14.7;8.7;1779550389;2026-06-01 06:53:09;Monday;608300
SteamData;São Paulo;DC-SP01;ZonaC;SRV-WEB-01;45.75;34359738368;26627380265;77.5;536870912000;399702120980;74.45;13.92;257216;377659;1;222;chrome.exe;10.67;python.exe;12.51;discord.exe;9.17;chrome.exe;3515346437;discord.exe;1143041705;python.exe;339311048;16;25.92;13.11;1779291189;2026-06-01 07:13:09;Monday;851618
SteamData;Rio de Janeiro;DC-RJ01;ZonaB;SRV-DB-01;83.3;34359738368;21314495381;62.03;536870912000;334312034734;62.27;38.44;263649;116677;7;219;chrome.exe;11.33;python.exe;13.06;discord.exe;9.74;chrome.exe;3677441997;discord.exe;551665815;python.exe;862467624;16;37.05;9.15;1778686389;2026-06-01 07:13:09;Monday;875834
SteamData;Porto Alegre;DC-POA01;ZonaB;SRV-DB-01;72.29;34359738368;14264470910;41.52;536870912000;248947980154;46.37;104.42;143223;111691;17;331;chrome.exe;20.15;python.exe;15.99;discord.exe;6.16;chrome.exe;1857498547;discord.exe;1875612881;python.exe;494987447;8;53.13;13.86;1777822389;2026-06-01 07:13:09;Monday;852771
SteamData;São Paulo;DC-SP01;ZonaC;SRV-API-01;81.88;34359738368;24616774240;71.64;536870912000;417777633668;77.82;90.16;195558;111755;19;390;chrome.exe;13.72;python.exe;14.44;discord.exe;2.13;chrome.exe;3104636709;discord.exe;1968449839;python.exe;630551365;16;59.49;15.17;1778513589;2026-06-01 07:33:09;Monday;879357
SteamData;Rio de Janeiro;DC-RJ01;ZonaB;SRV-WEB-01;94.21;34359738368;14693419315;42.76;536870912000;258379744287;48.13;94.36;216360;394680;0;162;chrome.exe;17.73;python.exe;15.0;discord.exe;11.44;chrome.exe;3472078386;discord.exe;503458239;python.exe;793475409;16;14.79;21.82;1780241589;2026-06-01 07:33:09;Monday;615198
SteamData;Porto Alegre;DC-POA01;ZonaA;SRV-API-01;81.31;34359738368;15222202474;44.3;536870912000;350663142824;65.32;40.43;186812;65105;12;201;chrome.exe;12.39;python.exe;5.43;discord.exe;4.42;chrome.exe;3037387081;discord.exe;1955901541;python.exe;836477170;8;59.3;13.8;1777995189;2026-06-01 07:33:09;Monday;746624
SteamData;São Paulo;DC-SP01;ZonaA;SRV-DB-01;40.58;34359738368;29731268763;86.53;536870912000;330132480709;61.49;56.48;111157;298819;15;378;chrome.exe;20.8;python.exe;24.64;discord.exe;4.3;chrome.exe;2027164815;discord.exe;1307902967;python.exe;766242172;16;15.61;27.87;1779204789;2026-06-01 07:53:09;Monday;658741
SteamData;Rio de Janeiro;DC-RJ01;ZonaA;SRV-DB-01;25.81;34359738368;16781450399;48.84;536870912000;330866052335;61.63;53.24;233335;72243;23;382;chrome.exe;29.61;python.exe;15.97;discord.exe;14.37;chrome.exe;2697367345;discord.exe;1985188909;python.exe;583546305;16;30.88;17.07;1779377589;2026-06-01 07:53:09;Monday;536489
SteamData;Porto Alegre;DC-POA01;ZonaB;SRV-DB-01;34.22;34359738368;22074320768;64.24;536870912000;428710127336;79.85;85.14;271527;377304;7;321;chrome.exe;20.51;python.exe;8.55;discord.exe;12.84;chrome.exe;1160578520;discord.exe;1333339259;python.exe;989864095;16;38.93;26.79;1778340789;2026-06-01 07:53:09;Monday;733148
SteamData;São Paulo;DC-SP01;ZonaA;SRV-DB-01;30.03;34359738368;29033295513;84.5;536870912000;215953035835;40.22;54.44;223444;159311;18;226;chrome.exe;20.62;python.exe;9.46;discord.exe;13.66;chrome.exe;3475860802;discord.exe;911481825;python.exe;813278902;32;40.01;27.75;1778081589;2026-06-01 08:13:09;Monday;894738
SteamData;Rio de Janeiro;DC-RJ01;ZonaB;SRV-DB-01;38.92;34359738368;28740164261;83.64;536870912000;413748556602;77.07;24.5;272257;313702;10;279;chrome.exe;29.29;python.exe;5.62;discord.exe;7.88;chrome.exe;3068661615;discord.exe;1750890684;python.exe;897854256;32;16.42;23.38;1780068789;2026-06-01 08:13:09;Monday;519406
SteamData;Porto Alegre;DC-POA01;ZonaA;SRV-API-01;89.26;34359738368;15391923030;44.8;536870912000;392560328156;73.12;40.0;98886;73296;25;229;chrome.exe;15.3;python.exe;16.28;discord.exe;5.65;chrome.exe;2594809597;discord.exe;1237506854;python.exe;958116591;8;15.15;25.83;1779377589;2026-06-01 08:13:09;Monday;536334
SteamData;São Paulo;DC-SP01;ZonaC;SRV-WEB-01;38.15;34359738368;19211025119;55.91;536870912000;215210201333;40.09;113.72;51646;225177;24;151;chrome.exe;19.88;python.exe;9.3;discord.exe;4.13;chrome.exe;1545597475;discord.exe;1763113134;python.exe;868088838;32;33.75;17.17;1779895989;2026-06-01 08:33:09;Monday;565616
SteamData;Rio de Janeiro;DC-RJ01;ZonaC;SRV-WEB-01;65.0;34359738368;26665635577;77.61;536870912000;447689672568;83.39;46.92;116593;373382;25;306;chrome.exe;21.49;python.exe;9.58;discord.exe;7.09;chrome.exe;1558528578;discord.exe;1866170258;python.exe;461429188;8;24.03;27.08;1780155189;2026-06-01 08:33:09;Monday;765266
SteamData;Porto Alegre;DC-POA01;ZonaC;SRV-API-01;43.21;34359738368;19374418199;56.39;536870912000;439952614648;81.95;118.83;94028;195338;21;386;chrome.exe;39.74;python.exe;24.4;discord.exe;10.05;chrome.exe;1998931294;discord.exe;771485004;python.exe;904608068;8;62.16;20.15;1779982389;2026-06-01 08:33:09;Monday;549584
SteamData;São Paulo;DC-SP01;ZonaA;SRV-API-01;40.66;34359738368;13992323050;40.72;536870912000;424574463213;79.08;10.82;227415;142821;1;303;chrome.exe;13.57;python.exe;18.88;discord.exe;9.9;chrome.exe;3681120547;discord.exe;602746232;python.exe;787794550;32;34.05;23.81;1778599989;2026-06-01 08:53:09;Monday;528164
SteamData;Rio de Janeiro;DC-RJ01;ZonaC;SRV-WEB-01;86.07;34359738368;24061954996;70.03;536870912000;393223227435;73.24;104.34;136648;201113;5;182;chrome.exe;19.13;python.exe;22.24;discord.exe;10.82;chrome.exe;2654862590;discord.exe;1970518660;python.exe;484538125;32;68.08;29.04;1778686389;2026-06-01 08:53:09;Monday;569753
SteamData;Porto Alegre;DC-POA01;ZonaB;SRV-API-01;65.65;34359738368;22362964686;65.08;536870912000;296905772136;55.3;24.25;190727;66064;6;181;chrome.exe;37.71;python.exe;12.5;discord.exe;13.69;chrome.exe;3367160887;discord.exe;721952823;python.exe;988284409;32;14.86;7.35;1779809589;2026-06-01 08:53:09;Monday;825660
SteamData;São Paulo;DC-SP01;ZonaA;SRV-API-01;54.84;34359738368;12440650505;36.21;536870912000;340864757050;63.49;87.36;113911;95701;22;382;chrome.exe;13.6;python.exe;14.46;discord.exe;3.01;chrome.exe;1661213722;discord.exe;1005033816;python.exe;967886123;32;14.7;29.75;1779031989;2026-06-01 09:13:09;Monday;559156
SteamData;Rio de Janeiro;DC-RJ01;ZonaB;SRV-WEB-01;74.09;34359738368;15432215410;44.91;536870912000;420528501676;78.33;90.8;110425;153250;27;322;chrome.exe;11.5;python.exe;22.19;discord.exe;4.91;chrome.exe;3130866646;discord.exe;1735377788;python.exe;326948067;32;45.47;26.65;1779636789;2026-06-01 09:13:09;Monday;754326
SteamData;Porto Alegre;DC-POA01;ZonaB;SRV-WEB-01;47.64;34359738368;18212824646;53.01;536870912000;269348274475;50.17;100.54;175224;208177;5;391;chrome.exe;39.17;python.exe;17.5;discord.exe;14.64;chrome.exe;1717419775;discord.exe;872115096;python.exe;950155015;8;47.26;28.54;1778081589;2026-06-01 09:13:09;Monday;643766
SteamData;São Paulo;DC-SP01;ZonaA;SRV-API-01;34.533866767193345;34359738368;27414374023;79.79;536870912000;280597540432;52.27;108.2;123074;391826;14;345;chrome.exe;25.83;python.exe;11.8;discord.exe;11.4;chrome.exe;2817080490;discord.exe;1501136330;python.exe;576106170;32;14.11;17.26;1777995189;2026-06-01 09:33:09;Monday;763703
SteamData;Rio de Janeiro;DC-RJ01;ZonaB;SRV-WEB-01;55.67842512942922;34359738368;28726486481;83.61;536870912000;441850878679;82.3;76.48;182594;119032;16;174;chrome.exe;29.28;python.exe;6.35;discord.exe;8.38;chrome.exe;2126132469;discord.exe;526338625;python.exe;305322099;32;61.84;29.69;1778686389;2026-06-01 09:33:09;Monday;696681
SteamData;Porto Alegre;DC-POA01;ZonaC;SRV-API-01;71.24688654741252;34359738368;15379677544;44.76;536870912000;252296960273;46.99;105.97;260673;235197;6;227;chrome.exe;38.99;python.exe;14.05;discord.exe;4.46;chrome.exe;2416418033;discord.exe;1494487686;python.exe;325873494;8;11.04;26.15;1778081589;2026-06-01 09:33:09;Monday;618781
SteamData;São Paulo;DC-SP01;ZonaA;SRV-WEB-01;57.53578862335566;34359738368;14806589945;43.09;536870912000;350056290833;65.2;75.06;258661;144540;25;353;chrome.exe;39.35;python.exe;14.62;discord.exe;5.15;chrome.exe;2486409016;discord.exe;944443731;python.exe;485118619;16;18.18;18.66;1779291189;2026-06-01 09:53:09;Monday;842893
SteamData;Rio de Janeiro;DC-RJ01;ZonaC;SRV-WEB-01;94.71563490215728;34359738368;16568765359;48.22;536870912000;293622729561;54.69;84.67;194589;84641;23;382;chrome.exe;33.89;python.exe;18.99;discord.exe;11.35;chrome.exe;3025595602;discord.exe;611547562;python.exe;700396826;16;45.24;17.74;1777908789;2026-06-01 09:53:09;Monday;810480
SteamData;Porto Alegre;DC-POA01;ZonaA;SRV-API-01;77.76155591001127;34359738368;19506855007;56.77;536870912000;268237071233;49.96;22.68;144058;170328;3;355;chrome.exe;12.19;python.exe;22.63;discord.exe;9.34;chrome.exe;2058206583;discord.exe;1219134768;python.exe;335932397;8;66.48;19.89;1777822389;2026-06-01 09:53:09;Monday;766051
SteamData;São Paulo;DC-SP01;ZonaC;SRV-DB-01;44.652267124035106;34359738368;12912405401;37.58;536870912000;245714549845;45.77;84.92;268159;135149;25;271;chrome.exe;39.11;python.exe;18.14;discord.exe;5.69;chrome.exe;2924521276;discord.exe;943053610;python.exe;330958082;16;37.03;12.23;1779377589;2026-06-01 10:13:09;Monday;651599
SteamData;Rio de Janeiro;DC-RJ01;ZonaB;SRV-DB-01;99.0;34359738368;27192556770;79.14;536870912000;362790138562;67.57;21.45;109068;356007;28;293;chrome.exe;31.04;python.exe;6.49;discord.exe;6.81;chrome.exe;3354858284;discord.exe;640375568;python.exe;772069772;8;20.57;17.29;1777995189;2026-06-01 10:13:09;Monday;500269
SteamData;Porto Alegre;DC-POA01;ZonaC;SRV-WEB-01;35.15074531161977;34359738368;20742234238;60.37;536870912000;240509759918;44.8;34.55;112609;242587;27;297;chrome.exe;36.94;python.exe;14.69;discord.exe;10.55;chrome.exe;1965897553;discord.exe;937574305;python.exe;810996376;32;14.22;14.33;1777735989;2026-06-01 10:13:09;Monday;879489
SteamData;São Paulo;DC-SP01;ZonaA;SRV-DB-01;52.93854695816722;34359738368;18754486276;54.58;536870912000;440629767417;82.07;63.5;53373;266267;13;356;chrome.exe;18.32;python.exe;22.8;discord.exe;14.52;chrome.exe;1303601003;discord.exe;1099878805;python.exe;405479654;32;20.43;16.32;1778513589;2026-06-01 10:33:09;Monday;666508
SteamData;Rio de Janeiro;DC-RJ01;ZonaC;SRV-DB-01;49.591875713973344;34359738368;13350654173;38.86;536870912000;422785868095;78.75;79.52;259165;225205;29;262;chrome.exe;31.43;python.exe;24.82;discord.exe;14.94;chrome.exe;3078349709;discord.exe;1044398098;python.exe;768833380;8;56.12;10.77;1777822389;2026-06-01 10:33:09;Monday;806191
SteamData;Porto Alegre;DC-POA01;ZonaC;SRV-API-01;76.4371572702463;34359738368;25746103728;74.93;536870912000;292668755620;54.51;30.88;106007;296711;10;165;chrome.exe;16.89;python.exe;23.23;discord.exe;8.07;chrome.exe;1481777884;discord.exe;1535504879;python.exe;807510493;8;32.06;28.54;1779636789;2026-06-01 10:33:09;Monday;685808
SteamData;São Paulo;DC-SP01;ZonaB;SRV-API-01;47.57178593701245;34359738368;27346922866;79.59;536870912000;402323527938;74.94;83.87;151836;260042;23;339;chrome.exe;32.92;python.exe;19.53;discord.exe;8.28;chrome.exe;3094115767;discord.exe;1779913357;python.exe;795834526;16;58.75;25.74;1779031989;2026-06-01 10:53:09;Monday;876430
SteamData;Rio de Janeiro;DC-RJ01;ZonaA;SRV-DB-01;47.4998306903456;34359738368;14796566641;43.06;536870912000;297613774984;55.43;117.19;164441;293665;1;246;chrome.exe;22.52;python.exe;23.2;discord.exe;7.53;chrome.exe;1849741955;discord.exe;1964183297;python.exe;539218254;8;25.98;18.84;1777995189;2026-06-01 10:53:09;Monday;766232
SteamData;Porto Alegre;DC-POA01;ZonaB;SRV-API-01;74.54835910243233;34359738368;19239815388;56.0;536870912000;401788341942;74.84;26.51;288374;299615;12;357;chrome.exe;33.42;python.exe;18.98;discord.exe;4.4;chrome.exe;1125622745;discord.exe;1751722461;python.exe;508391866;16;12.69;12.17;1778599989;2026-06-01 10:53:09;Monday;808531
SteamData;São Paulo;DC-SP01;ZonaB;SRV-WEB-01;56.281253136410726;34359738368;16672160035;48.52;536870912000;205266085487;38.23;84.72;236517;391662;16;246;chrome.exe;15.57;python.exe;20.89;discord.exe;3.08;chrome.exe;1976126189;discord.exe;1654122784;python.exe;707512899;16;43.84;19.26;1779636789;2026-06-01 11:13:09;Monday;576188
SteamData;Rio de Janeiro;DC-RJ01;ZonaA;SRV-API-01;93.74092642432402;34359738368;23967938643;69.76;536870912000;396024567471;73.77;65.83;203824;223743;25;293;chrome.exe;28.64;python.exe;9.42;discord.exe;13.48;chrome.exe;1533135650;discord.exe;1314033401;python.exe;622958365;16;11.92;20.04;1779291189;2026-06-01 11:13:09;Monday;874513
SteamData;Porto Alegre;DC-POA01;ZonaC;SRV-API-01;86.63850519432418;34359738368;15547868613;45.25;536870912000;414019181763;77.12;45.19;129814;392542;18;173;chrome.exe;23.96;python.exe;21.55;discord.exe;9.63;chrome.exe;2455272404;discord.exe;863803549;python.exe;858792764;16;64.64;23.83;1779723189;2026-06-01 11:13:09;Monday;586539
SteamData;São Paulo;DC-SP01;ZonaC;SRV-WEB-01;68.35357025174673;34359738368;15957887489;46.44;536870912000;383685879670;71.47;98.69;63236;299538;12;337;chrome.exe;14.99;python.exe;7.57;discord.exe;3.06;chrome.exe;3347338865;discord.exe;535751665;python.exe;684469384;32;18.65;14.39;1779723189;2026-06-01 11:33:09;Monday;851331
SteamData;Rio de Janeiro;DC-RJ01;ZonaB;SRV-API-01;90.6179169502862;34359738368;29766221577;86.63;536870912000;322281761637;60.03;58.69;224585;366022;2;228;chrome.exe;21.24;python.exe;12.07;discord.exe;4.7;chrome.exe;3055652325;discord.exe;1204745134;python.exe;809174015;8;11.32;25.98;1779291189;2026-06-01 11:33:09;Monday;522914
SteamData;Porto Alegre;DC-POA01;ZonaC;SRV-DB-01;81.3292322563966;34359738368;16825412745;48.97;536870912000;207031538951;38.56;53.59;191754;291497;14;184;chrome.exe;31.12;python.exe;12.04;discord.exe;4.18;chrome.exe;1275211605;discord.exe;637318805;python.exe;349230997;8;32.08;29.57;1778945589;2026-06-01 11:33:09;Monday;652495
SteamData;São Paulo;DC-SP01;ZonaC;SRV-DB-01;56.68322116594211;34359738368;15242500437;44.36;536870912000;350093935125;65.21;100.52;173770;148669;8;314;chrome.exe;28.36;python.exe;21.91;discord.exe;6.94;chrome.exe;2136495870;discord.exe;1706633785;python.exe;439544633;16;23.93;25.7;1779895989;2026-06-01 11:53:09;Monday;717224
SteamData;Rio de Janeiro;DC-RJ01;ZonaA;SRV-API-01;34.62631442039578;34359738368;19063513277;55.48;536870912000;307422392686;57.26;62.37;217069;182140;9;196;chrome.exe;36.29;python.exe;22.59;discord.exe;2.53;chrome.exe;2709220639;discord.exe;1016311147;python.exe;638088698;16;51.39;18.3;1780241589;2026-06-01 11:53:09;Monday;573970
SteamData;Porto Alegre;DC-POA01;ZonaA;SRV-WEB-01;39.63181636412787;34359738368;17153294265;49.92;536870912000;311901350681;58.1;60.5;71777;81503;21;374;chrome.exe;20.12;python.exe;6.08;discord.exe;4.95;chrome.exe;3964869827;discord.exe;1108473325;python.exe;419995524;16;45.14;12.31;1779723189;2026-06-01 11:53:09;Monday;627633
SteamData;São Paulo;DC-SP01;ZonaB;SRV-DB-01;66.02870496098704;34359738368;20828901692;60.62;536870912000;254114690027;47.33;21.73;63402;65512;21;235;chrome.exe;19.61;python.exe;13.08;discord.exe;8.19;chrome.exe;1843269214;discord.exe;897491757;python.exe;414827373;16;15.6;17.56;1777822389;2026-06-01 12:13:09;Monday;707677
SteamData;Rio de Janeiro;DC-RJ01;ZonaC;SRV-API-01;67.85451697529582;34359738368;27806651038;80.93;536870912000;250992358308;46.75;42.87;216551;147210;10;243;chrome.exe;17.45;python.exe;18.09;discord.exe;11.33;chrome.exe;3570881064;discord.exe;1416538558;python.exe;596610778;32;55.88;28.4;1779118389;2026-06-01 12:13:09;Monday;540765
SteamData;Porto Alegre;DC-POA01;ZonaC;SRV-WEB-01;69.24709180939007;34359738368;23453905303;68.26;536870912000;310983910324;57.93;76.04;279495;285957;11;327;chrome.exe;34.75;python.exe;21.68;discord.exe;3.34;chrome.exe;1999731716;discord.exe;937199854;python.exe;568236680;8;25.03;28.62;1778081589;2026-06-01 12:13:09;Monday;679267
SteamData;São Paulo;DC-SP01;ZonaC;SRV-DB-01;98.69296014787719;34359738368;19505411369;56.77;536870912000;328596886744;61.21;16.78;241003;234800;5;156;chrome.exe;11.37;python.exe;18.82;discord.exe;2.96;chrome.exe;1158103014;discord.exe;1393378427;python.exe;559368847;32;55.93;8.32;1777822389;2026-06-01 12:33:09;Monday;564502
SteamData;Rio de Janeiro;DC-RJ01;ZonaB;SRV-WEB-01;63.03855672931281;34359738368;15052684640;43.81;536870912000;349785006030;65.15;105.31;251408;205180;27;265;chrome.exe;39.23;python.exe;10.05;discord.exe;6.69;chrome.exe;1792646691;discord.exe;1382884615;python.exe;980259694;8;68.49;28.46;1778513589;2026-06-01 12:33:09;Monday;545865
SteamData;Porto Alegre;DC-POA01;ZonaC;SRV-DB-01;91.83588133861882;34359738368;26310268308;76.57;536870912000;368636675277;68.66;94.84;123525;357583;1;283;chrome.exe;32.93;python.exe;22.99;discord.exe;8.65;chrome.exe;2625866375;discord.exe;784039021;python.exe;363487505;32;30.13;21.28;1778945589;2026-06-01 12:33:09;Monday;822799
SteamData;São Paulo;DC-SP01;ZonaC;SRV-WEB-01;90.9504457655733;34359738368;19647501347;57.18;536870912000;247643981195;46.13;79.81;177935;365259;25;206;chrome.exe;34.27;python.exe;21.45;discord.exe;3.13;chrome.exe;2324278408;discord.exe;1268321545;python.exe;882555313;32;40.89;26.31;1779809589;2026-06-01 12:53:09;Monday;543183
SteamData;Rio de Janeiro;DC-RJ01;ZonaA;SRV-DB-01;40.41005111460986;34359738368;20146559475;58.63;536870912000;245578048378;45.74;75.59;175514;384635;10;315;chrome.exe;10.41;python.exe;11.0;discord.exe;7.35;chrome.exe;3754062317;discord.exe;1378014138;python.exe;487744496;8;30.09;11.3;1778599989;2026-06-01 12:53:09;Monday;795583
SteamData;Porto Alegre;DC-POA01;ZonaA;SRV-WEB-01;45.12249226887163;34359738368;21395965659;62.27;536870912000;367411511793;68.44;28.49;76190;249969;1;383;chrome.exe;23.46;python.exe;21.59;discord.exe;14.3;chrome.exe;3682261754;discord.exe;1726948603;python.exe;825283603;8;46.6;15.92;1778340789;2026-06-01 12:53:09;Monday;881943
SteamData;São Paulo;DC-SP01;ZonaB;SRV-WEB-01;99.0;34359738368;13845929662;40.3;536870912000;316486891417;58.95;98.48;90057;183315;4;278;chrome.exe;32.23;python.exe;13.53;discord.exe;13.06;chrome.exe;3925202870;discord.exe;762127969;python.exe;417270414;16;60.9;5.83;1777995189;2026-06-01 13:13:09;Monday;574803
SteamData;Rio de Janeiro;DC-RJ01;ZonaA;SRV-WEB-01;84.80607107839927;34359738368;26317049716;76.59;536870912000;447813001738;83.41;68.52;114384;209292;25;318;chrome.exe;18.93;python.exe;6.1;discord.exe;11.98;chrome.exe;1871304701;discord.exe;610257658;python.exe;772040731;8;60.47;29.1;1779809589;2026-06-01 13:13:09;Monday;538987
SteamData;Porto Alegre;DC-POA01;ZonaB;SRV-DB-01;54.57425233766331;34359738368;26293547956;76.52;536870912000;360493221539;67.15;106.03;229484;318667;3;275;chrome.exe;39.52;python.exe;24.26;discord.exe;4.33;chrome.exe;1771357275;discord.exe;1200184667;python.exe;837374022;32;37.39;18.61;1778427189;2026-06-01 13:13:09;Monday;630977
SteamData;São Paulo;DC-SP01;ZonaA;SRV-DB-01;53.34980583336384;34359738368;19503656834;56.76;536870912000;207512290711;38.65;80.99;68888;393055;15;307;chrome.exe;35.85;python.exe;14.8;discord.exe;10.26;chrome.exe;3669337517;discord.exe;1481096692;python.exe;932630050;32;30.65;8.33;1778513589;2026-06-01 13:33:09;Monday;581146
SteamData;Rio de Janeiro;DC-RJ01;ZonaB;SRV-DB-01;53.98377018752343;34359738368;22546649405;65.62;536870912000;264732453817;49.31;69.64;105902;309537;2;310;chrome.exe;36.48;python.exe;15.91;discord.exe;10.77;chrome.exe;2564083107;discord.exe;1346283609;python.exe;352053966;32;13.72;13.04;1778167989;2026-06-01 13:33:09;Monday;765314
SteamData;Porto Alegre;DC-POA01;ZonaC;SRV-DB-01;72.57680576251697;34359738368;13591762354;39.56;536870912000;333718760954;62.16;55.32;97073;66021;3;290;chrome.exe;25.86;python.exe;16.13;discord.exe;7.45;chrome.exe;1795475515;discord.exe;1666105570;python.exe;532408917;32;10.2;8.45;1778081589;2026-06-01 13:33:09;Monday;766780
SteamData;São Paulo;DC-SP01;ZonaB;SRV-API-01;99.0;34359738368;29868714075;86.93;536870912000;448953180717;83.62;37.51;288407;263296;23;320;chrome.exe;27.1;python.exe;16.97;discord.exe;2.54;chrome.exe;3743307676;discord.exe;1035345820;python.exe;645069225;32;33.82;13.33;1779204789;2026-06-01 13:53:09;Monday;687490
SteamData;Rio de Janeiro;DC-RJ01;ZonaB;SRV-WEB-01;99.0;34359738368;18049871124;52.53;536870912000;203959596403;37.99;40.44;95237;226697;12;189;chrome.exe;16.32;python.exe;17.51;discord.exe;13.49;chrome.exe;3626116745;discord.exe;1909298089;python.exe;805705046;32;11.36;11.07;1777995189;2026-06-01 13:53:09;Monday;663304
SteamData;Porto Alegre;DC-POA01;ZonaB;SRV-WEB-01;67.90690335663955;34359738368;22801943041;66.36;536870912000;323955536511;60.34;54.39;221609;115228;10;279;chrome.exe;17.01;python.exe;15.04;discord.exe;2.51;chrome.exe;3129306921;discord.exe;1317398736;python.exe;712707884;16;37.09;19.63;1779204789;2026-06-01 13:53:09;Monday;795609
SteamData;São Paulo;DC-SP01;ZonaB;SRV-DB-01;89.40549617007446;34359738368;27746692198;80.75;536870912000;346247340117;64.49;45.42;131305;343792;2;358;chrome.exe;39.6;python.exe;13.27;discord.exe;15.0;chrome.exe;3153033783;discord.exe;1198249850;python.exe;304208982;8;32.01;9.06;1780155189;2026-06-01 14:13:09;Monday;602686
SteamData;Rio de Janeiro;DC-RJ01;ZonaB;SRV-DB-01;99.0;34359738368;25521028440;74.28;536870912000;430599679832;80.21;83.43;80420;383382;15;157;chrome.exe;28.66;python.exe;13.6;discord.exe;8.88;chrome.exe;1467355109;discord.exe;605858279;python.exe;313645713;32;11.77;24.88;1779982389;2026-06-01 14:13:09;Monday;583249
SteamData;Porto Alegre;DC-POA01;ZonaB;SRV-DB-01;89.97608987518943;34359738368;23359700034;67.99;536870912000;243706019130;45.39;26.83;267098;158436;27;394;chrome.exe;26.95;python.exe;18.99;discord.exe;3.97;chrome.exe;2238755491;discord.exe;1345500953;python.exe;560303298;8;67.36;9.02;1779118389;2026-06-01 14:13:09;Monday;784524
SteamData;São Paulo;DC-SP01;ZonaA;SRV-DB-01;88.8796005181128;34359738368;29266149474;85.18;536870912000;219510882364;40.89;80.5;176910;383025;24;294;chrome.exe;26.47;python.exe;19.27;discord.exe;14.51;chrome.exe;2420418311;discord.exe;1245336313;python.exe;846899621;16;19.16;6.9;1777822389;2026-06-01 14:33:09;Monday;780091
SteamData;Rio de Janeiro;DC-RJ01;ZonaC;SRV-API-01;72.65271936355968;34359738368;23752882919;69.13;536870912000;345829668633;64.42;94.42;111369;263527;9;242;chrome.exe;39.05;python.exe;5.5;discord.exe;14.61;chrome.exe;1469553862;discord.exe;841897351;python.exe;732899008;32;14.34;7.98;1778340789;2026-06-01 14:33:09;Monday;845608
SteamData;Porto Alegre;DC-POA01;ZonaA;SRV-DB-01;32.22606032221762;34359738368;12737016252;37.07;536870912000;441430773524;82.22;108.62;237983;242177;1;217;chrome.exe;27.35;python.exe;17.11;discord.exe;11.06;chrome.exe;2176672264;discord.exe;1607221473;python.exe;803115825;32;28.83;16.23;1780155189;2026-06-01 14:33:09;Monday;720032
SteamData;São Paulo;DC-SP01;ZonaC;SRV-API-01;52.46553164176625;34359738368;15434382204;44.92;536870912000;426559269655;79.45;107.37;136589;359875;7;301;chrome.exe;34.05;python.exe;14.19;discord.exe;11.78;chrome.exe;3702688364;discord.exe;979752684;python.exe;438831878;32;20.08;29.24;1778859189;2026-06-01 14:53:09;Monday;554569
SteamData;Rio de Janeiro;DC-RJ01;ZonaC;SRV-DB-01;40.14160006008333;34359738368;15858123963;46.15;536870912000;228717602665;42.6;12.81;233962;83759;8;288;chrome.exe;34.58;python.exe;20.63;discord.exe;11.1;chrome.exe;2015275483;discord.exe;1369472601;python.exe;501606924;16;53.29;19.78;1779377589;2026-06-01 14:53:09;Monday;564441
SteamData;Porto Alegre;DC-POA01;ZonaA;SRV-WEB-01;90.3856842325049;34359738368;16608017697;48.34;536870912000;343073828205;63.9;78.24;258909;123600;8;326;chrome.exe;35.39;python.exe;10.67;discord.exe;2.48;chrome.exe;1237917245;discord.exe;1020747632;python.exe;447936494;16;22.0;26.66;1779031989;2026-06-01 14:53:09;Monday;586668
SteamData;São Paulo;DC-SP01;ZonaA;SRV-API-01;92.59835972043138;34359738368;24833114344;72.27;536870912000;412866083990;76.9;70.54;285847;288585;24;358;chrome.exe;29.21;python.exe;6.92;discord.exe;13.84;chrome.exe;2247573945;discord.exe;1776511364;python.exe;425913063;16;25.37;24.13;1778599989;2026-06-01 15:13:09;Monday;736664
SteamData;Rio de Janeiro;DC-RJ01;ZonaC;SRV-DB-01;99.0;34359738368;21394322445;62.27;536870912000;387934660268;72.26;101.92;62278;161117;23;173;chrome.exe;28.43;python.exe;12.7;discord.exe;5.79;chrome.exe;1146936568;discord.exe;671373335;python.exe;942964583;8;69.67;25.92;1778081589;2026-06-01 15:13:09;Monday;738903
SteamData;Porto Alegre;DC-POA01;ZonaC;SRV-DB-01;83.50481402619988;34359738368;16637340820;48.42;536870912000;427846240903;79.69;17.86;97951;108104;13;226;chrome.exe;26.76;python.exe;17.28;discord.exe;6.12;chrome.exe;2398374390;discord.exe;527557451;python.exe;335990815;16;33.75;5.49;1778599989;2026-06-01 15:13:09;Monday;888063
SteamData;São Paulo;DC-SP01;ZonaB;SRV-WEB-01;86.94;34359738368;26922560473;78.35;536870912000;322511815378;60.07;24.4;197098;276592;23;299;chrome.exe;24.7;python.exe;18.15;discord.exe;2.34;chrome.exe;3817066615;discord.exe;715590192;python.exe;331948787;32;41.08;28.0;1780068789;2026-06-01 15:33:09;Monday;584455
SteamData;Rio de Janeiro;DC-RJ01;ZonaC;SRV-DB-01;84.56;34359738368;16484156787;47.98;536870912000;286107976999;53.29;18.05;184927;321612;18;193;chrome.exe;34.5;python.exe;24.03;discord.exe;14.37;chrome.exe;3007782795;discord.exe;1216102099;python.exe;595812816;16;57.48;7.45;1778254389;2026-06-01 15:33:09;Monday;780519
SteamData;Porto Alegre;DC-POA01;ZonaA;SRV-API-01;50.44;34359738368;12100906536;35.22;536870912000;447901085118;83.43;14.89;230344;154045;20;304;chrome.exe;26.63;python.exe;12.07;discord.exe;13.55;chrome.exe;3587338182;discord.exe;512417806;python.exe;490990188;8;58.97;23.78;1777735989;2026-06-01 15:33:09;Monday;765863
SteamData;São Paulo;DC-SP01;ZonaC;SRV-API-01;80.95;34359738368;13300402279;38.71;536870912000;327744571782;61.05;102.91;119090;298427;1;367;chrome.exe;16.18;python.exe;9.6;discord.exe;12.67;chrome.exe;1404921600;discord.exe;1910280025;python.exe;440849860;16;51.42;22.06;1778081589;2026-06-01 15:53:09;Monday;554304
SteamData;Rio de Janeiro;DC-RJ01;ZonaA;SRV-WEB-01;30.34;34359738368;20207443232;58.81;536870912000;282801613979;52.68;115.59;127570;166468;19;303;chrome.exe;20.37;python.exe;20.74;discord.exe;13.84;chrome.exe;2153946770;discord.exe;1394047416;python.exe;882954677;16;20.06;11.28;1780068789;2026-06-01 15:53:09;Monday;802929
SteamData;Porto Alegre;DC-POA01;ZonaC;SRV-WEB-01;62.1;34359738368;16110535706;46.89;536870912000;250696184103;46.7;108.3;85364;52619;4;393;chrome.exe;13.18;python.exe;20.58;discord.exe;2.97;chrome.exe;1791923048;discord.exe;1499946466;python.exe;885688933;8;56.52;11.78;1779463989;2026-06-01 15:53:09;Monday;621520
SteamData;São Paulo;DC-SP01;ZonaC;SRV-WEB-01;39.67;34359738368;20894547971;60.81;536870912000;441639446875;82.26;92.04;233717;395387;23;395;chrome.exe;32.8;python.exe;24.49;discord.exe;6.18;chrome.exe;3138140530;discord.exe;1281190301;python.exe;585020630;32;39.89;20.62;1779463989;2026-06-01 16:13:09;Monday;681162
SteamData;Rio de Janeiro;DC-RJ01;ZonaC;SRV-DB-01;48.14;34359738368;21090030013;61.38;536870912000;264537547413;49.27;118.51;262797;393570;18;192;chrome.exe;33.76;python.exe;5.12;discord.exe;10.64;chrome.exe;3890336839;discord.exe;1678696977;python.exe;495073580;16;42.02;9.17;1779031989;2026-06-01 16:13:09;Monday;713160
SteamData;Porto Alegre;DC-POA01;ZonaB;SRV-API-01;92.64;34359738368;28687088019;83.49;536870912000;306565000811;57.1;90.37;168348;82487;9;282;chrome.exe;24.98;python.exe;13.44;discord.exe;14.87;chrome.exe;1180961120;discord.exe;1098729835;python.exe;443855840;32;54.08;6.96;1778167989;2026-06-01 16:13:09;Monday;564118
SteamData;São Paulo;DC-SP01;ZonaC;SRV-DB-01;52.48;34359738368;22772302963;66.28;536870912000;414639790230;77.23;109.17;87014;309573;21;235;chrome.exe;36.13;python.exe;19.69;discord.exe;9.58;chrome.exe;1702990911;discord.exe;1959542978;python.exe;641148339;16;67.34;15.76;1779895989;2026-06-01 16:33:09;Monday;882913
SteamData;Rio de Janeiro;DC-RJ01;ZonaA;SRV-DB-01;30.38;34359738368;22571865407;65.69;536870912000;254234078395;47.35;28.98;212338;280219;23;154;chrome.exe;21.84;python.exe;24.55;discord.exe;10.05;chrome.exe;3138160645;discord.exe;513110561;python.exe;425335202;32;45.99;17.45;1777995189;2026-06-01 16:33:09;Monday;884622
SteamData;Porto Alegre;DC-POA01;ZonaA;SRV-DB-01;53.55;34359738368;14979957031;43.6;536870912000;228936826950;42.64;18.67;157646;293180;24;299;chrome.exe;14.87;python.exe;15.22;discord.exe;7.85;chrome.exe;1911955807;discord.exe;968241451;python.exe;862070762;16;65.02;7.67;1778772789;2026-06-01 16:33:09;Monday;763641
SteamData;São Paulo;DC-SP01;ZonaC;SRV-API-01;26.39;34359738368;20299798689;59.08;536870912000;336450792148;62.67;114.81;147572;302652;6;178;chrome.exe;16.53;python.exe;24.26;discord.exe;11.23;chrome.exe;2254677056;discord.exe;1575275850;python.exe;532204571;8;65.78;14.34;1779636789;2026-06-01 16:53:09;Monday;699666
SteamData;Rio de Janeiro;DC-RJ01;ZonaA;SRV-DB-01;56.3;34359738368;29015609799;84.45;536870912000;336510463467;62.68;70.08;200061;198944;12;201;chrome.exe;27.73;python.exe;22.01;discord.exe;8.29;chrome.exe;3427018434;discord.exe;1881735867;python.exe;859655701;8;23.44;28.12;1779636789;2026-06-01 16:53:09;Monday;766119
SteamData;Porto Alegre;DC-POA01;ZonaC;SRV-WEB-01;58.9;34359738368;17170658006;49.97;536870912000;426031728360;79.35;42.51;247177;182115;16;178;chrome.exe;30.09;python.exe;8.36;discord.exe;5.35;chrome.exe;2093077269;discord.exe;773992235;python.exe;444358411;16;26.38;13.5;1779550389;2026-06-01 16:53:09;Monday;666973
SteamData;São Paulo;DC-SP01;ZonaA;SRV-DB-01;36.16;34359738368;28283150522;82.31;536870912000;301669836730;56.19;106.23;134230;139025;6;251;chrome.exe;33.79;python.exe;13.07;discord.exe;4.4;chrome.exe;1741096834;discord.exe;1188077219;python.exe;800867193;8;16.32;21.19;1779031989;2026-06-01 17:13:09;Monday;868407
SteamData;Rio de Janeiro;DC-RJ01;ZonaC;SRV-DB-01;82.62;34359738368;22015539477;64.07;536870912000;201652375101;37.56;103.29;140701;57660;5;366;chrome.exe;14.57;python.exe;19.06;discord.exe;11.36;chrome.exe;2456624817;discord.exe;1609390070;python.exe;424578712;32;35.34;9.03;1779550389;2026-06-01 17:13:09;Monday;709539
SteamData;Porto Alegre;DC-POA01;ZonaA;SRV-WEB-01;61.58;34359738368;27918548100;81.25;536870912000;221920063653;41.34;83.79;107345;288091;24;235;chrome.exe;21.31;python.exe;24.41;discord.exe;5.51;chrome.exe;1376097961;discord.exe;516561155;python.exe;610914929;32;12.48;19.76;1778167989;2026-06-01 17:13:09;Monday;663566
SteamData;São Paulo;DC-SP01;ZonaA;SRV-DB-01;43.16;34359738368;15334394265;44.63;536870912000;415240831899;77.34;94.65;136060;329084;10;245;chrome.exe;22.77;python.exe;22.81;discord.exe;4.83;chrome.exe;3659111419;discord.exe;901890194;python.exe;839652688;8;27.46;22.35;1779636789;2026-06-01 17:33:09;Monday;879014
SteamData;Rio de Janeiro;DC-RJ01;ZonaA;SRV-API-01;45.54;34359738368;27714730117;80.66;536870912000;395023642231;73.58;34.75;129796;264312;23;325;chrome.exe;21.43;python.exe;24.83;discord.exe;3.57;chrome.exe;1769431998;discord.exe;1888503767;python.exe;741538130;8;52.09;18.51;1780068789;2026-06-01 17:33:09;Monday;672181
SteamData;Porto Alegre;DC-POA01;ZonaB;SRV-API-01;36.89;34359738368;23306751200;67.83;536870912000;214739532760;40.0;100.08;108673;340278;26;154;chrome.exe;33.55;python.exe;9.57;discord.exe;10.99;chrome.exe;2559263906;discord.exe;1271293411;python.exe;365114778;32;20.01;9.11;1779291189;2026-06-01 17:33:09;Monday;608628
SteamData;São Paulo;DC-SP01;ZonaC;SRV-DB-01;32.7;34359738368;21635821484;62.97;536870912000;367967334464;68.54;50.4;200728;149928;18;151;chrome.exe;17.72;python.exe;19.57;discord.exe;4.11;chrome.exe;2596486590;discord.exe;698574363;python.exe;921043190;8;12.34;15.84;1779723189;2026-06-01 17:53:09;Monday;862319
SteamData;Rio de Janeiro;DC-RJ01;ZonaC;SRV-WEB-01;89.3;34359738368;22835667781;66.46;536870912000;433829915269;80.81;105.06;63537;205982;30;302;chrome.exe;34.06;python.exe;19.51;discord.exe;12.95;chrome.exe;1364044050;discord.exe;1340664728;python.exe;493949565;32;45.28;26.17;1778772789;2026-06-01 17:53:09;Monday;872695
SteamData;Porto Alegre;DC-POA01;ZonaA;SRV-API-01;93.09;34359738368;28113614609;81.82;536870912000;204638671092;38.12;24.94;123304;92480;17;165;chrome.exe;16.32;python.exe;14.85;discord.exe;2.0;chrome.exe;2549150727;discord.exe;1699245645;python.exe;840127861;16;29.03;14.87;1778945589;2026-06-01 17:53:09;Monday;625329
SteamData;São Paulo;DC-SP01;ZonaA;SRV-DB-01;39.31;34359738368;15961643534;46.45;536870912000;343958183780;64.07;58.38;278729;333622;6;267;chrome.exe;21.63;python.exe;7.04;discord.exe;2.62;chrome.exe;2709664858;discord.exe;965284613;python.exe;888429697;8;28.58;8.47;1778254389;2026-06-01 18:13:09;Monday;527199
SteamData;Rio de Janeiro;DC-RJ01;ZonaA;SRV-API-01;47.57;34359738368;24013305047;69.89;536870912000;329747009005;61.42;77.23;149216;125519;14;242;chrome.exe;33.2;python.exe;10.76;discord.exe;6.92;chrome.exe;3451774598;discord.exe;798413397;python.exe;560903229;16;48.48;15.29;1779982389;2026-06-01 18:13:09;Monday;519047
SteamData;Porto Alegre;DC-POA01;ZonaA;SRV-DB-01;77.98;34359738368;20817549275;60.59;536870912000;266668253280;49.67;45.7;208834;393830;25;385;chrome.exe;26.41;python.exe;14.74;discord.exe;12.64;chrome.exe;3253650784;discord.exe;1419299023;python.exe;300766116;16;34.03;17.3;1779204789;2026-06-01 18:13:09;Monday;894831
SteamData;São Paulo;DC-SP01;ZonaA;SRV-API-01;42.67;34359738368;20738434740;60.36;536870912000;310819330473;57.89;106.75;282071;373287;24;242;chrome.exe;33.75;python.exe;22.14;discord.exe;4.08;chrome.exe;1415067522;discord.exe;1796378153;python.exe;808353438;8;11.99;16.95;1778859189;2026-06-01 18:33:09;Monday;696583
SteamData;Rio de Janeiro;DC-RJ01;ZonaC;SRV-WEB-01;41.32;34359738368;25979320071;75.61;536870912000;355129179360;66.15;24.47;241046;316636;20;273;chrome.exe;28.73;python.exe;13.23;discord.exe;6.06;chrome.exe;1778259766;discord.exe;779549716;python.exe;693972944;32;13.24;27.87;1778167989;2026-06-01 18:33:09;Monday;626173
SteamData;Porto Alegre;DC-POA01;ZonaB;SRV-DB-01;77.39;34359738368;19618463769;57.1;536870912000;343801786450;64.04;92.28;161087;183953;3;150;chrome.exe;23.34;python.exe;19.17;discord.exe;2.97;chrome.exe;3940458319;discord.exe;1767076716;python.exe;475185432;32;54.55;17.48;1778081589;2026-06-01 18:33:09;Monday;598519
SteamData;São Paulo;DC-SP01;ZonaC;SRV-WEB-01;49.03;34359738368;26127018628;76.04;536870912000;329605885261;61.39;110.02;273160;289955;15;298;chrome.exe;19.65;python.exe;12.18;discord.exe;9.81;chrome.exe;2298605194;discord.exe;1644851963;python.exe;453420325;32;26.4;6.39;1778686389;2026-06-01 18:53:09;Monday;557767
SteamData;Rio de Janeiro;DC-RJ01;ZonaC;SRV-DB-01;32.6;34359738368;29703063151;86.45;536870912000;305085385322;56.83;61.24;55420;92208;8;260;chrome.exe;34.63;python.exe;11.57;discord.exe;6.12;chrome.exe;3473731010;discord.exe;1333612969;python.exe;439188949;16;20.65;19.14;1778513589;2026-06-01 18:53:09;Monday;506865
SteamData;Porto Alegre;DC-POA01;ZonaA;SRV-WEB-01;60.02;34359738368;12834385524;37.35;536870912000;248103865793;46.21;37.52;238080;202107;21;353;chrome.exe;20.2;python.exe;11.06;discord.exe;11.92;chrome.exe;3027777095;discord.exe;1459513770;python.exe;873699860;32;46.28;16.43;1777822389;2026-06-01 18:53:09;Monday;619517
SteamData;São Paulo;DC-SP01;ZonaA;SRV-WEB-01;44.64;34359738368;14230156786;41.42;536870912000;276877913201;51.57;85.56;202876;95295;20;169;chrome.exe;37.43;python.exe;23.45;discord.exe;8.9;chrome.exe;1900097178;discord.exe;515577027;python.exe;806772386;32;66.4;29.09;1778427189;2026-06-01 19:13:09;Monday;812512
SteamData;Rio de Janeiro;DC-RJ01;ZonaB;SRV-API-01;49.85;34359738368;24985702118;72.72;536870912000;408676570865;76.12;95.87;272765;97025;1;180;chrome.exe;19.69;python.exe;13.12;discord.exe;3.49;chrome.exe;2946205282;discord.exe;732015120;python.exe;430412009;8;54.48;14.07;1778686389;2026-06-01 19:13:09;Monday;559664
SteamData;Porto Alegre;DC-POA01;ZonaB;SRV-DB-01;49.21;34359738368;25427854032;74.0;536870912000;273772004337;50.99;27.63;233271;103570;16;327;chrome.exe;27.39;python.exe;20.08;discord.exe;9.97;chrome.exe;3064510757;discord.exe;1979620899;python.exe;828898205;8;43.6;14.79;1780241589;2026-06-01 19:13:09;Monday;671436
SteamData;São Paulo;DC-SP01;ZonaB;SRV-WEB-01;37.24;34359738368;17320463121;50.41;536870912000;353186893104;65.79;18.93;135784;147450;22;346;chrome.exe;30.17;python.exe;14.22;discord.exe;14.13;chrome.exe;3401666185;discord.exe;1395571745;python.exe;367736905;8;61.77;29.09;1778599989;2026-06-01 19:33:09;Monday;587646
SteamData;Rio de Janeiro;DC-RJ01;ZonaA;SRV-WEB-01;43.91;34359738368;12596716134;36.66;536870912000;426269555456;79.4;80.89;245853;330633;25;200;chrome.exe;23.86;python.exe;23.25;discord.exe;4.34;chrome.exe;3755380286;discord.exe;732383303;python.exe;522418699;16;69.68;6.02;1778167989;2026-06-01 19:33:09;Monday;888864
SteamData;Porto Alegre;DC-POA01;ZonaC;SRV-WEB-01;94.67;34359738368;26422199393;76.9;536870912000;403690193836;75.19;53.01;282325;168518;30;337;chrome.exe;13.27;python.exe;17.13;discord.exe;10.79;chrome.exe;1480339005;discord.exe;836065087;python.exe;516614276;8;30.36;18.64;1779204789;2026-06-01 19:33:09;Monday;503539
SteamData;São Paulo;DC-SP01;ZonaA;SRV-API-01;40.55;34359738368;14809312875;43.1;536870912000;346899474798;64.62;95.98;57955;167129;2;239;chrome.exe;30.29;python.exe;24.7;discord.exe;14.52;chrome.exe;2200283658;discord.exe;1146981420;python.exe;365873693;32;59.88;26.65;1778340789;2026-06-01 19:53:09;Monday;890501
SteamData;Rio de Janeiro;DC-RJ01;ZonaB;SRV-DB-01;33.01;34359738368;14502907395;42.21;536870912000;244284263914;45.5;109.95;53905;63598;14;389;chrome.exe;17.34;python.exe;5.64;discord.exe;9.46;chrome.exe;3952145095;discord.exe;955799877;python.exe;652663773;32;46.98;21.72;1779291189;2026-06-01 19:53:09;Monday;618130
SteamData;Porto Alegre;DC-POA01;ZonaC;SRV-WEB-01;85.18;34359738368;14124761869;41.11;536870912000;279697414365;52.1;75.13;52728;187752;22;316;chrome.exe;20.69;python.exe;18.67;discord.exe;10.1;chrome.exe;3634771035;discord.exe;1359232966;python.exe;696216348;16;56.0;25.9;1777735989;2026-06-01 19:53:09;Monday;619475
SteamData;São Paulo;DC-SP01;ZonaA;SRV-API-01;93.95;34359738368;18015792138;52.43;536870912000;362775035844;67.57;98.46;185225;307729;11;312;chrome.exe;19.16;python.exe;6.24;discord.exe;3.63;chrome.exe;3519862438;discord.exe;1874594265;python.exe;498129105;32;12.52;11.03;1779723189;2026-06-01 20:13:09;Monday;727192
SteamData;Rio de Janeiro;DC-RJ01;ZonaB;SRV-WEB-01;77.74;34359738368;29853686265;86.89;536870912000;376400446833;70.11;94.29;234853;251486;2;237;chrome.exe;29.91;python.exe;12.74;discord.exe;5.95;chrome.exe;3882671040;discord.exe;673668198;python.exe;369923364;32;20.34;20.98;1779895989;2026-06-01 20:13:09;Monday;549895
SteamData;Porto Alegre;DC-POA01;ZonaC;SRV-DB-01;60.47;34359738368;27310054264;79.48;536870912000;379809014722;70.74;91.47;95372;233705;23;261;chrome.exe;34.9;python.exe;24.16;discord.exe;5.19;chrome.exe;2382474016;discord.exe;1868359051;python.exe;880031392;32;44.34;19.09;1779550389;2026-06-01 20:13:09;Monday;790045
SteamData;São Paulo;DC-SP01;ZonaA;SRV-DB-01;37.62;34359738368;20378178940;59.31;536870912000;378340186836;70.47;41.37;251586;255383;0;209;chrome.exe;31.16;python.exe;18.88;discord.exe;2.41;chrome.exe;3419239959;discord.exe;803891369;python.exe;381805567;8;24.46;6.65;1779895989;2026-06-01 20:33:09;Monday;786043
SteamData;Rio de Janeiro;DC-RJ01;ZonaA;SRV-WEB-01;33.72;34359738368;13375640576;38.93;536870912000;363749003042;67.75;41.72;131205;314383;3;229;chrome.exe;36.48;python.exe;6.59;discord.exe;8.95;chrome.exe;2803422626;discord.exe;1157368533;python.exe;630898686;32;48.79;14.76;1779031989;2026-06-01 20:33:09;Monday;683482
SteamData;Porto Alegre;DC-POA01;ZonaA;SRV-DB-01;34.59;34359738368;29820266741;86.79;536870912000;244537569422;45.55;108.86;178927;304116;23;303;chrome.exe;33.11;python.exe;20.09;discord.exe;8.34;chrome.exe;2232297680;discord.exe;1903195192;python.exe;578908986;8;42.04;15.98;1779118389;2026-06-01 20:33:09;Monday;808351
SteamData;São Paulo;DC-SP01;ZonaB;SRV-API-01;88.94;34359738368;20367319878;59.28;536870912000;273530414654;50.95;20.75;81304;213007;18;166;chrome.exe;27.9;python.exe;6.3;discord.exe;13.61;chrome.exe;2104613174;discord.exe;1103561184;python.exe;342923897;16;32.81;15.86;1778859189;2026-06-01 20:53:09;Monday;593832
SteamData;Rio de Janeiro;DC-RJ01;ZonaB;SRV-API-01;94.4;34359738368;17178717539;50.0;536870912000;318792439159;59.38;65.56;171601;283096;28;314;chrome.exe;36.23;python.exe;24.82;discord.exe;2.99;chrome.exe;3587359522;discord.exe;1703733964;python.exe;302846152;8;66.71;24.24;1778599989;2026-06-01 20:53:09;Monday;866402
SteamData;Porto Alegre;DC-POA01;ZonaC;SRV-API-01;94.07;34359738368;23889066889;69.53;536870912000;228916443700;42.64;57.15;159433;357406;22;174;chrome.exe;31.73;python.exe;16.14;discord.exe;9.85;chrome.exe;3117461394;discord.exe;1110149503;python.exe;593641452;8;17.44;7.14;1779377589;2026-06-01 20:53:09;Monday;595486
SteamData;São Paulo;DC-SP01;ZonaC;SRV-API-01;91.39;34359738368;17157533757;49.93;536870912000;221839012864;41.32;16.13;115457;148958;28;398;chrome.exe;10.06;python.exe;11.15;discord.exe;2.82;chrome.exe;3562193175;discord.exe;834937027;python.exe;386475890;32;61.52;22.93;1778081589;2026-06-01 21:13:09;Monday;788463
SteamData;Rio de Janeiro;DC-RJ01;ZonaC;SRV-WEB-01;28.47;34359738368;22234270622;64.71;536870912000;214330288755;39.92;118.69;201615;394857;18;275;chrome.exe;28.04;python.exe;8.02;discord.exe;11.81;chrome.exe;1599555697;discord.exe;1364260333;python.exe;630112391;8;42.96;29.41;1777908789;2026-06-01 21:13:09;Monday;814699
SteamData;Porto Alegre;DC-POA01;ZonaA;SRV-DB-01;27.18;34359738368;22270899779;64.82;536870912000;298269017573;55.56;10.45;283544;323686;6;220;chrome.exe;21.41;python.exe;7.44;discord.exe;4.84;chrome.exe;2526379312;discord.exe;700077840;python.exe;488381132;32;11.61;27.94;1779550389;2026-06-01 21:13:09;Monday;761136
SteamData;São Paulo;DC-SP01;ZonaB;SRV-API-01;30.98;34359738368;16683480251;48.56;536870912000;276160805626;51.44;115.85;266906;104067;6;249;chrome.exe;12.78;python.exe;22.6;discord.exe;11.58;chrome.exe;3237981029;discord.exe;739613631;python.exe;307890162;8;55.94;28.51;1780068789;2026-06-01 21:33:09;Monday;625492
SteamData;Rio de Janeiro;DC-RJ01;ZonaA;SRV-DB-01;86.56;34359738368;19156645497;55.75;536870912000;200749948679;37.39;119.15;231521;193253;11;228;chrome.exe;25.74;python.exe;23.67;discord.exe;4.92;chrome.exe;2315690382;discord.exe;1124238659;python.exe;468232741;8;32.88;6.96;1778859189;2026-06-01 21:33:09;Monday;600843
SteamData;Porto Alegre;DC-POA01;ZonaA;SRV-WEB-01;83.38;34359738368;24380521196;70.96;536870912000;200016569773;37.26;38.25;239858;349686;19;313;chrome.exe;35.27;python.exe;10.78;discord.exe;7.4;chrome.exe;2141640434;discord.exe;1183811634;python.exe;876122517;32;60.75;9.88;1778772789;2026-06-01 21:33:09;Monday;643919
SteamData;São Paulo;DC-SP01;ZonaC;SRV-DB-01;70.51;34359738368;19779922295;57.57;536870912000;445225018036;82.93;99.1;230589;105069;29;309;chrome.exe;31.64;python.exe;6.41;discord.exe;6.77;chrome.exe;3495212332;discord.exe;1546341659;python.exe;591554475;16;28.73;28.95;1779031989;2026-06-01 21:53:09;Monday;568410
SteamData;Rio de Janeiro;DC-RJ01;ZonaA;SRV-WEB-01;45.41;34359738368;25610097741;74.54;536870912000;320973341979;59.79;71.16;143845;176644;4;345;chrome.exe;21.78;python.exe;9.87;discord.exe;11.42;chrome.exe;2561125798;discord.exe;1571879241;python.exe;598217581;8;18.98;20.65;1778254389;2026-06-01 21:53:09;Monday;834828
SteamData;Porto Alegre;DC-POA01;ZonaA;SRV-DB-01;77.82;34359738368;24007376291;69.87;536870912000;404144096214;75.28;116.94;291366;321860;30;258;chrome.exe;26.28;python.exe;7.2;discord.exe;12.15;chrome.exe;3073695633;discord.exe;1087226874;python.exe;681880959;32;21.08;23.21;1779636789;2026-06-01 21:53:09;Monday;603906
SteamData;São Paulo;DC-SP01;ZonaA;SRV-WEB-01;53.54;34359738368;13627359997;39.66;536870912000;381532609293;71.07;88.55;253475;125375;15;312;chrome.exe;28.57;python.exe;5.23;discord.exe;10.21;chrome.exe;1874920510;discord.exe;1319665120;python.exe;609973532;16;63.14;12.94;1778081589;2026-06-01 22:13:09;Monday;811853
SteamData;Rio de Janeiro;DC-RJ01;ZonaC;SRV-API-01;33.9;34359738368;27947909016;81.34;536870912000;293952496330;54.75;110.99;208029;271650;20;301;chrome.exe;28.64;python.exe;10.96;discord.exe;4.67;chrome.exe;2256528234;discord.exe;1910851295;python.exe;422712509;8;55.59;7.16;1779031989;2026-06-01 22:13:09;Monday;730025
SteamData;Porto Alegre;DC-POA01;ZonaB;SRV-DB-01;86.87;34359738368;28311903539;82.4;536870912000;349279604075;65.06;28.32;151527;208608;8;226;chrome.exe;35.44;python.exe;7.08;discord.exe;11.99;chrome.exe;1142445654;discord.exe;1758286776;python.exe;487049188;8;66.85;17.73;1779982389;2026-06-01 22:13:09;Monday;662090
SteamData;São Paulo;DC-SP01;ZonaB;SRV-WEB-01;82.19;34359738368;23617754046;68.74;536870912000;315777960132;58.82;38.01;116637;286035;7;158;chrome.exe;30.62;python.exe;13.68;discord.exe;6.52;chrome.exe;3573277266;discord.exe;1149373152;python.exe;804494820;8;26.53;25.26;1779636789;2026-06-01 22:33:09;Monday;550446
SteamData;Rio de Janeiro;DC-RJ01;ZonaA;SRV-WEB-01;28.73;34359738368;25957882562;75.55;536870912000;209601500955;39.04;19.4;72390;166928;7;283;chrome.exe;14.24;python.exe;13.47;discord.exe;7.71;chrome.exe;3582036888;discord.exe;1324246941;python.exe;386003414;8;58.68;19.14;1779809589;2026-06-01 22:33:09;Monday;815508
SteamData;Porto Alegre;DC-POA01;ZonaA;SRV-API-01;42.94;34359738368;14321732617;41.68;536870912000;239325370123;44.58;36.9;98699;359948;30;398;chrome.exe;34.69;python.exe;15.67;discord.exe;14.02;chrome.exe;3947017218;discord.exe;558931167;python.exe;981735345;16;49.38;14.69;1778945589;2026-06-01 22:33:09;Monday;889695
SteamData;São Paulo;DC-SP01;ZonaA;SRV-WEB-01;33.95;34359738368;26206055660;76.27;536870912000;415190809893;77.34;87.03;64485;264313;25;398;chrome.exe;12.84;python.exe;9.53;discord.exe;10.54;chrome.exe;3947540219;discord.exe;957043879;python.exe;546081635;8;39.12;11.62;1778254389;2026-06-01 22:53:09;Monday;679818
SteamData;Rio de Janeiro;DC-RJ01;ZonaA;SRV-API-01;54.39;34359738368;27947382197;81.34;536870912000;342494726080;63.79;53.46;213689;281174;27;296;chrome.exe;38.63;python.exe;24.35;discord.exe;10.01;chrome.exe;1082612991;discord.exe;1889460217;python.exe;349060709;16;11.79;28.88;1777995189;2026-06-01 22:53:09;Monday;886935
SteamData;Porto Alegre;DC-POA01;ZonaA;SRV-WEB-01;34.96;34359738368;25282014479;73.58;536870912000;245864475510;45.8;40.77;269243;154102;24;347;chrome.exe;16.02;python.exe;5.09;discord.exe;11.48;chrome.exe;3554884219;discord.exe;837723284;python.exe;922526341;16;34.32;9.24;1780155189;2026-06-01 22:53:09;Monday;851670
SteamData;São Paulo;DC-SP01;ZonaA;SRV-DB-01;44.55;34359738368;22724117690;66.14;536870912000;369507810316;68.83;96.86;157765;308468;10;176;chrome.exe;10.8;python.exe;6.57;discord.exe;4.44;chrome.exe;2583384013;discord.exe;809313128;python.exe;626854108;16;35.67;10.31;1778427189;2026-06-01 23:13:09;Monday;657490
SteamData;Rio de Janeiro;DC-RJ01;ZonaC;SRV-WEB-01;72.04;34359738368;17242863127;50.18;536870912000;329009871008;61.28;40.07;109252;388691;30;338;chrome.exe;30.17;python.exe;17.09;discord.exe;12.55;chrome.exe;2225245547;discord.exe;1341340195;python.exe;585500004;16;52.3;13.83;1779982389;2026-06-01 23:13:09;Monday;741925
SteamData;Porto Alegre;DC-POA01;ZonaA;SRV-WEB-01;87.86;34359738368;19240448643;56.0;536870912000;230009333060;42.84;64.84;76975;157381;11;190;chrome.exe;26.28;python.exe;17.88;discord.exe;9.06;chrome.exe;3489395783;discord.exe;1624742629;python.exe;523343822;8;55.26;6.03;1778945589;2026-06-01 23:13:09;Monday;567625
SteamData;São Paulo;DC-SP01;ZonaA;SRV-WEB-01;60.37;34359738368;13850239735;40.31;536870912000;258449180646;48.14;95.21;234173;127415;26;356;chrome.exe;33.91;python.exe;11.29;discord.exe;4.84;chrome.exe;3278317628;discord.exe;977183404;python.exe;519679519;32;46.56;24.79;1777822389;2026-06-01 23:33:09;Monday;687911
SteamData;Rio de Janeiro;DC-RJ01;ZonaA;SRV-WEB-01;31.02;34359738368;13226821913;38.5;536870912000;317143358021;59.07;97.14;66494;185531;5;203;chrome.exe;28.44;python.exe;17.57;discord.exe;9.77;chrome.exe;2421106500;discord.exe;1752529484;python.exe;815110300;8;42.86;22.79;1779118389;2026-06-01 23:33:09;Monday;723764
SteamData;Porto Alegre;DC-POA01;ZonaA;SRV-WEB-01;50.83;34359738368;24764289883;72.07;536870912000;408411715267;76.07;71.26;153919;316679;17;326;chrome.exe;24.93;python.exe;12.04;discord.exe;2.48;chrome.exe;3110996762;discord.exe;1998856780;python.exe;946767426;32;11.61;28.26;1779118389;2026-06-01 23:33:09;Monday;783729
SteamData;São Paulo;DC-SP01;ZonaA;SRV-WEB-01;75.07;34359738368;29012828900;84.44;536870912000;258021768025;48.06;99.5;163540;253087;1;289;chrome.exe;36.56;python.exe;17.48;discord.exe;14.02;chrome.exe;3368725170;discord.exe;1135550832;python.exe;768756405;8;57.78;13.56;1779204789;2026-06-01 23:53:09;Monday;776390
SteamData;Rio de Janeiro;DC-RJ01;ZonaC;SRV-API-01;82.3;34359738368;25961543255;75.56;536870912000;436327698550;81.27;118.63;227014;196671;0;334;chrome.exe;24.66;python.exe;18.69;discord.exe;13.81;chrome.exe;2082374631;discord.exe;713543413;python.exe;935390381;32;33.5;8.98;1778599989;2026-06-01 23:53:09;Monday;547984
SteamData;Porto Alegre;DC-POA01;ZonaB;SRV-DB-01;38.44;34359738368;27691836858;80.59;536870912000;240766000252;44.85;100.23;71092;164803;19;305;chrome.exe;38.49;python.exe;8.87;discord.exe;8.15;chrome.exe;2864782319;discord.exe;1433247259;python.exe;784968173;8;57.8;5.41;1778686389;2026-06-01 23:53:09;Monday;674130
SteamData;São Paulo;DC-SP01;ZonaA;SRV-API-01;50.04;34359738368;26155307043;76.12;536870912000;397710480795;74.08;13.71;96596;231727;0;184;chrome.exe;12.82;python.exe;11.87;discord.exe;3.69;chrome.exe;1408736968;discord.exe;1006026761;python.exe;950324810;32;54.79;14.1;1779723189;2026-06-02 00:13:09;Tuesday;798131
SteamData;Rio de Janeiro;DC-RJ01;ZonaC;SRV-API-01;35.55;34359738368;29306884351;85.29;536870912000;347533342754;64.73;72.49;154439;179731;17;314;chrome.exe;19.47;python.exe;13.0;discord.exe;8.14;chrome.exe;1912578918;discord.exe;1996000622;python.exe;551318829;8;23.2;20.18;1780241589;2026-06-02 00:13:09;Tuesday;678363
SteamData;Porto Alegre;DC-POA01;ZonaA;SRV-API-01;69.96;34359738368;26152398257;76.11;536870912000;285968503981;53.27;117.8;58300;251902;17;246;chrome.exe;10.08;python.exe;20.71;discord.exe;3.42;chrome.exe;1939658165;discord.exe;1031291319;python.exe;575540935;16;23.75;7.61;1779550389;2026-06-02 00:13:09;Tuesday;825522
SteamData;São Paulo;DC-SP01;ZonaC;SRV-DB-01;70.25;34359738368;27071967757;78.79;536870912000;259586243887;48.35;92.81;139719;256566;15;190;chrome.exe;28.55;python.exe;9.24;discord.exe;6.1;chrome.exe;1191845889;discord.exe;1367992644;python.exe;458143455;16;25.93;28.36;1780241589;2026-06-02 00:33:09;Tuesday;688719
SteamData;Rio de Janeiro;DC-RJ01;ZonaB;SRV-WEB-01;44.79;34359738368;16816950826;48.94;536870912000;275236493988;51.27;103.13;177698;103220;4;227;chrome.exe;34.46;python.exe;6.15;discord.exe;8.23;chrome.exe;2819292369;discord.exe;896392369;python.exe;301537071;8;67.54;20.51;1778772789;2026-06-02 00:33:09;Tuesday;879487
SteamData;Porto Alegre;DC-POA01;ZonaA;SRV-API-01;73.02;34359738368;24134568967;70.24;536870912000;413168999483;76.96;40.48;210600;126836;29;364;chrome.exe;34.98;python.exe;22.15;discord.exe;6.82;chrome.exe;2109285018;discord.exe;517410434;python.exe;713035705;16;13.46;24.12;1780241589;2026-06-02 00:33:09;Tuesday;875861
SteamData;São Paulo;DC-SP01;ZonaA;SRV-DB-01;91.08;34359738368;24386230731;70.97;536870912000;252181275555;46.97;70.52;217814;310922;3;272;chrome.exe;13.41;python.exe;7.96;discord.exe;11.25;chrome.exe;3882486473;discord.exe;1922071596;python.exe;738229400;8;68.72;8.78;1778599989;2026-06-02 00:53:09;Tuesday;788591
SteamData;Rio de Janeiro;DC-RJ01;ZonaC;SRV-API-01;91.15;34359738368;27405701910;79.76;536870912000;316871684781;59.02;12.62;273420;168494;17;323;chrome.exe;18.51;python.exe;14.76;discord.exe;7.04;chrome.exe;1500087329;discord.exe;1843163549;python.exe;949308096;16;55.59;8.47;1779895989;2026-06-02 00:53:09;Tuesday;894463
SteamData;Porto Alegre;DC-POA01;ZonaC;SRV-DB-01;93.21;34359738368;17834991842;51.91;536870912000;440674393721;82.08;43.08;144331;101579;30;352;chrome.exe;29.63;python.exe;6.94;discord.exe;2.43;chrome.exe;1598571345;discord.exe;577588061;python.exe;943407388;16;34.76;6.76;1778772789;2026-06-02 00:53:09;Tuesday;883849
SteamData;São Paulo;DC-SP01;ZonaA;SRV-DB-01;83.02;34359738368;24052499139;70.0;536870912000;356934584164;66.48;105.49;237382;224669;30;254;chrome.exe;23.02;python.exe;18.13;discord.exe;2.72;chrome.exe;1696837926;discord.exe;880252192;python.exe;474421441;32;43.46;25.56;1778513589;2026-06-02 01:13:09;Tuesday;867354
SteamData;Rio de Janeiro;DC-RJ01;ZonaB;SRV-WEB-01;45.95;34359738368;27416981803;79.79;536870912000;325172806795;60.57;100.31;60448;372596;23;251;chrome.exe;19.5;python.exe;10.38;discord.exe;11.76;chrome.exe;2343169795;discord.exe;974102809;python.exe;570830607;8;44.4;22.05;1779550389;2026-06-02 01:13:09;Tuesday;564962
SteamData;Porto Alegre;DC-POA01;ZonaB;SRV-DB-01;63.36;34359738368;29427444160;85.65;536870912000;353811346672;65.9;42.37;121817;71818;11;345;chrome.exe;30.99;python.exe;23.45;discord.exe;14.37;chrome.exe;2057047657;discord.exe;522795139;python.exe;675607210;16;63.67;9.49;1777735989;2026-06-02 01:13:09;Tuesday;850734
SteamData;São Paulo;DC-SP01;ZonaB;SRV-DB-01;52.95;34359738368;26354911008;76.7;536870912000;242823001037;45.23;48.82;154858;191611;22;327;chrome.exe;31.68;python.exe;5.56;discord.exe;9.84;chrome.exe;2854220164;discord.exe;1734078795;python.exe;874152379;32;22.51;25.18;1777822389;2026-06-02 01:33:09;Tuesday;602031
SteamData;Rio de Janeiro;DC-RJ01;ZonaC;SRV-DB-01;32.43;34359738368;14107365155;41.06;536870912000;249371372902;46.45;45.43;166929;314886;15;289;chrome.exe;37.5;python.exe;17.81;discord.exe;5.98;chrome.exe;2909274137;discord.exe;589959753;python.exe;542789807;8;63.45;27.69;1780155189;2026-06-02 01:33:09;Tuesday;711339
SteamData;Porto Alegre;DC-POA01;ZonaA;SRV-DB-01;66.75;34359738368;29739988691;86.55;536870912000;447822137544;83.41;78.61;233851;279005;12;217;chrome.exe;27.34;python.exe;7.16;discord.exe;4.57;chrome.exe;3469395661;discord.exe;1650599759;python.exe;745726749;32;60.09;9.54;1779118389;2026-06-02 01:33:09;Tuesday;725485
SteamData;São Paulo;DC-SP01;ZonaB;SRV-DB-01;64.32;34359738368;12013506061;34.96;536870912000;262327503573;48.86;77.82;116406;282304;4;246;chrome.exe;29.67;python.exe;15.35;discord.exe;2.57;chrome.exe;2718233036;discord.exe;1947530879;python.exe;794713769;32;55.73;18.18;1779377589;2026-06-02 01:53:09;Tuesday;803174
SteamData;Rio de Janeiro;DC-RJ01;ZonaA;SRV-WEB-01;47.73;34359738368;17439432569;50.76;536870912000;417297161653;77.73;68.89;158526;355485;18;162;chrome.exe;12.66;python.exe;13.74;discord.exe;7.97;chrome.exe;3342662125;discord.exe;554180429;python.exe;833145811;16;35.3;10.61;1778254389;2026-06-02 01:53:09;Tuesday;606296
SteamData;Porto Alegre;DC-POA01;ZonaB;SRV-WEB-01;78.15;34359738368;21133381203;61.51;536870912000;286999237134;53.46;13.57;117388;117155;2;366;chrome.exe;12.24;python.exe;11.65;discord.exe;12.75;chrome.exe;3805794863;discord.exe;1989611387;python.exe;357438774;8;10.73;7.0;1779982389;2026-06-02 01:53:09;Tuesday;710648
SteamData;São Paulo;DC-SP01;ZonaA;SRV-API-01;94.34;34359738368;18816465885;54.76;536870912000;391096189757;72.85;118.9;279343;128378;24;315;chrome.exe;27.91;python.exe;24.34;discord.exe;7.5;chrome.exe;3160264173;discord.exe;1422407511;python.exe;515324655;8;27.3;11.28;1778945589;2026-06-02 02:13:09;Tuesday;887999
SteamData;Rio de Janeiro;DC-RJ01;ZonaC;SRV-DB-01;74.84;34359738368;24925058824;72.54;536870912000;449789474732;83.78;12.41;273040;210624;14;343;chrome.exe;30.46;python.exe;23.69;discord.exe;14.6;chrome.exe;2080069245;discord.exe;1933885033;python.exe;915313566;8;20.96;11.7;1778427189;2026-06-02 02:13:09;Tuesday;858086
SteamData;Porto Alegre;DC-POA01;ZonaA;SRV-WEB-01;92.53;34359738368;19842179111;57.75;536870912000;259467932415;48.33;10.61;149391;358057;27;275;chrome.exe;33.28;python.exe;6.36;discord.exe;13.53;chrome.exe;3772594265;discord.exe;1358573350;python.exe;899446123;16;28.54;10.52;1777822389;2026-06-02 02:13:09;Tuesday;702367
SteamData;São Paulo;DC-SP01;ZonaC;SRV-DB-01;94.79;34359738368;27742645876;80.74;536870912000;395203032918;73.61;34.74;59550;62355;17;342;chrome.exe;29.15;python.exe;19.57;discord.exe;7.64;chrome.exe;2124640395;discord.exe;1990290325;python.exe;556671257;16;34.98;16.78;1777822389;2026-06-02 02:33:09;Tuesday;663100
SteamData;Rio de Janeiro;DC-RJ01;ZonaC;SRV-DB-01;58.21;34359738368;16676836386;48.54;536870912000;220298994223;41.03;13.66;232907;338945;23;212;chrome.exe;30.78;python.exe;7.1;discord.exe;2.56;chrome.exe;2551258841;discord.exe;901778100;python.exe;330191635;16;45.77;21.16;1780155189;2026-06-02 02:33:09;Tuesday;538287
SteamData;Porto Alegre;DC-POA01;ZonaC;SRV-DB-01;69.45;34359738368;20969774157;61.03;536870912000;385933088249;71.89;58.29;105904;152067;28;243;chrome.exe;28.18;python.exe;5.69;discord.exe;14.6;chrome.exe;1523383391;discord.exe;1957511543;python.exe;665019373;8;51.29;19.21;1779723189;2026-06-02 02:33:09;Tuesday;853454
SteamData;São Paulo;DC-SP01;ZonaA;SRV-API-01;65.96;34359738368;19484806358;56.71;536870912000;262897206622;48.97;85.03;115572;391676;6;329;chrome.exe;36.14;python.exe;20.7;discord.exe;13.85;chrome.exe;2859265993;discord.exe;1624290609;python.exe;744737924;8;49.92;11.52;1778945589;2026-06-02 02:53:09;Tuesday;742019
SteamData;Rio de Janeiro;DC-RJ01;ZonaA;SRV-DB-01;93.78;34359738368;27253242747;79.32;536870912000;268340915569;49.98;75.85;270828;117110;13;351;chrome.exe;18.02;python.exe;8.32;discord.exe;11.56;chrome.exe;1944331451;discord.exe;1165268879;python.exe;860064271;16;37.26;6.91;1779895989;2026-06-02 02:53:09;Tuesday;894381
SteamData;Porto Alegre;DC-POA01;ZonaA;SRV-WEB-01;36.95;34359738368;20388591709;59.34;536870912000;402698682635;75.01;100.04;127714;217947;29;206;chrome.exe;27.73;python.exe;24.95;discord.exe;8.07;chrome.exe;1350650670;discord.exe;1660087448;python.exe;658699817;8;68.93;15.69;1778167989;2026-06-02 02:53:09;Tuesday;520069
SteamData;São Paulo;DC-SP01;ZonaB;SRV-DB-01;77.0;34359738368;26913726897;78.33;536870912000;428950300786;79.9;25.15;57019;55917;18;205;chrome.exe;26.27;python.exe;24.04;discord.exe;13.27;chrome.exe;3582677784;discord.exe;1685239263;python.exe;634331823;8;56.85;28.73;1779291189;2026-06-02 03:13:09;Tuesday;721602
SteamData;Rio de Janeiro;DC-RJ01;ZonaA;SRV-WEB-01;64.87;34359738368;29284706331;85.23;536870912000;275188460220;51.26;42.07;100710;86598;10;290;chrome.exe;39.72;python.exe;15.33;discord.exe;12.97;chrome.exe;3073483131;discord.exe;745165533;python.exe;321482447;32;69.54;12.95;1778686389;2026-06-02 03:13:09;Tuesday;571804
SteamData;Porto Alegre;DC-POA01;ZonaB;SRV-API-01;51.64;34359738368;26391531813;76.81;536870912000;261783234630;48.76;41.23;190930;323780;3;237;chrome.exe;35.02;python.exe;14.41;discord.exe;9.03;chrome.exe;1527771708;discord.exe;770900746;python.exe;391517623;32;16.82;21.14;1777908789;2026-06-02 03:13:09;Tuesday;611875
SteamData;São Paulo;DC-SP01;ZonaB;SRV-DB-01;33.53;34359738368;19137558949;55.7;536870912000;397852481890;74.11;100.62;158208;64089;20;366;chrome.exe;38.31;python.exe;18.71;discord.exe;3.4;chrome.exe;1343764163;discord.exe;1302643565;python.exe;872846121;16;39.23;28.58;1779982389;2026-06-02 03:33:09;Tuesday;847822
SteamData;Rio de Janeiro;DC-RJ01;ZonaA;SRV-API-01;84.3;34359738368;16946558279;49.32;536870912000;250841414738;46.72;41.57;289987;233520;10;171;chrome.exe;38.09;python.exe;5.02;discord.exe;8.83;chrome.exe;1255589836;discord.exe;1248248025;python.exe;840197547;16;48.98;26.57;1779895989;2026-06-02 03:33:09;Tuesday;644085
SteamData;Porto Alegre;DC-POA01;ZonaA;SRV-WEB-01;48.59;34359738368;27144510214;79.0;536870912000;429718306237;80.04;52.6;191611;341994;7;327;chrome.exe;33.1;python.exe;12.72;discord.exe;6.38;chrome.exe;1317728594;discord.exe;592878815;python.exe;556494931;8;57.2;28.35;1779118389;2026-06-02 03:33:09;Tuesday;752463
SteamData;São Paulo;DC-SP01;ZonaC;SRV-DB-01;72.31;34359738368;13409801586;39.03;536870912000;208242044103;38.79;64.67;105693;228826;12;300;chrome.exe;16.19;python.exe;8.43;discord.exe;4.36;chrome.exe;2738739006;discord.exe;1888617197;python.exe;851491176;32;69.22;9.76;1779895989;2026-06-02 03:53:09;Tuesday;838690
SteamData;Rio de Janeiro;DC-RJ01;ZonaC;SRV-WEB-01;56.45;34359738368;27564601234;80.22;536870912000;328766590607;61.24;110.25;140551;346276;14;160;chrome.exe;16.02;python.exe;14.97;discord.exe;12.98;chrome.exe;3865160474;discord.exe;1017298936;python.exe;407024242;32;11.48;13.38;1777822389;2026-06-02 03:53:09;Tuesday;534849
SteamData;Porto Alegre;DC-POA01;ZonaA;SRV-WEB-01;30.57;34359738368;29189843475;84.95;536870912000;404260584691;75.3;95.64;206513;57934;2;271;chrome.exe;30.89;python.exe;9.2;discord.exe;8.26;chrome.exe;1109666273;discord.exe;1247882433;python.exe;820574187;8;60.95;25.3;1777908789;2026-06-02 03:53:09;Tuesday;711720
SteamData;São Paulo;DC-SP01;ZonaA;SRV-API-01;48.55;34359738368;16834203504;48.99;536870912000;441234366310;82.19;112.85;238833;399908;15;262;chrome.exe;32.46;python.exe;5.62;discord.exe;14.19;chrome.exe;3469989953;discord.exe;1368762894;python.exe;927350031;32;44.4;19.27;1777822389;2026-06-02 04:13:09;Tuesday;619644
SteamData;Rio de Janeiro;DC-RJ01;ZonaB;SRV-DB-01;92.34;34359738368;21626145582;62.94;536870912000;202927397847;37.8;96.92;86063;388455;18;287;chrome.exe;28.51;python.exe;21.17;discord.exe;10.63;chrome.exe;1403681767;discord.exe;1040256833;python.exe;619725459;32;69.27;13.32;1779031989;2026-06-02 04:13:09;Tuesday;665336
SteamData;Porto Alegre;DC-POA01;ZonaC;SRV-API-01;60.25;34359738368;29677429027;86.37;536870912000;290268157991;54.07;96.36;217786;50739;30;270;chrome.exe;32.85;python.exe;7.44;discord.exe;12.92;chrome.exe;1897855342;discord.exe;1375035212;python.exe;555321878;16;56.12;28.97;1777822389;2026-06-02 04:13:09;Tuesday;697372
SteamData;São Paulo;DC-SP01;ZonaA;SRV-WEB-01;56.06;34359738368;20370568276;59.29;536870912000;319014652913;59.42;101.85;199755;312083;9;359;chrome.exe;32.43;python.exe;16.11;discord.exe;7.43;chrome.exe;1395839872;discord.exe;848220501;python.exe;533886744;16;55.1;5.79;1779463989;2026-06-02 04:33:09;Tuesday;880870
SteamData;Rio de Janeiro;DC-RJ01;ZonaC;SRV-DB-01;28.24;34359738368;15008889107;43.68;536870912000;218038457529;40.61;87.95;180135;184102;7;326;chrome.exe;30.06;python.exe;11.6;discord.exe;12.33;chrome.exe;3642164001;discord.exe;1375225969;python.exe;507393929;8;27.83;28.73;1779895989;2026-06-02 04:33:09;Tuesday;774739
SteamData;Porto Alegre;DC-POA01;ZonaA;SRV-API-01;28.83;34359738368;14903106005;43.37;536870912000;251707176276;46.88;49.04;94161;396363;26;354;chrome.exe;27.94;python.exe;5.19;discord.exe;7.02;chrome.exe;1422509625;discord.exe;1274361404;python.exe;828773260;32;18.63;25.97;1780068789;2026-06-02 04:33:09;Tuesday;777566
SteamData;São Paulo;DC-SP01;ZonaB;SRV-WEB-01;72.95;34359738368;20962879824;61.01;536870912000;346719460511;64.58;29.2;98052;354242;28;268;chrome.exe;17.23;python.exe;13.77;discord.exe;9.64;chrome.exe;3519185792;discord.exe;1731468212;python.exe;911139054;16;27.57;17.97;1777908789;2026-06-02 04:53:09;Tuesday;591103
SteamData;Rio de Janeiro;DC-RJ01;ZonaB;SRV-WEB-01;85.97;34359738368;19821139648;57.69;536870912000;352104716310;65.58;33.42;196952;323186;27;257;chrome.exe;27.38;python.exe;8.64;discord.exe;13.17;chrome.exe;1288837941;discord.exe;1106307120;python.exe;580910096;8;20.67;17.28;1779291189;2026-06-02 04:53:09;Tuesday;803894
SteamData;Porto Alegre;DC-POA01;ZonaB;SRV-DB-01;53.7;34359738368;19844241167;57.75;536870912000;400860181778;74.67;103.64;175211;308161;5;350;chrome.exe;33.99;python.exe;24.29;discord.exe;4.45;chrome.exe;2844353703;discord.exe;734557568;python.exe;476424672;16;10.37;5.17;1779118389;2026-06-02 04:53:09;Tuesday;803716
SteamData;São Paulo;DC-SP01;ZonaB;SRV-API-01;34.6;34359738368;13669074938;39.78;536870912000;224220589307;41.76;37.04;114562;203432;16;214;chrome.exe;39.33;python.exe;19.44;discord.exe;3.07;chrome.exe;3829451476;discord.exe;1948521163;python.exe;821639612;8;40.0;8.62;1778254389;2026-06-02 05:13:09;Tuesday;780112
SteamData;Rio de Janeiro;DC-RJ01;ZonaC;SRV-DB-01;79.59;34359738368;27920051073;81.26;536870912000;268575229372;50.03;86.7;265020;52729;11;196;chrome.exe;16.63;python.exe;16.98;discord.exe;8.76;chrome.exe;3868827495;discord.exe;1011130399;python.exe;881227412;32;13.2;8.12;1777908789;2026-06-02 05:13:09;Tuesday;667672
SteamData;Porto Alegre;DC-POA01;ZonaA;SRV-DB-01;91.75;34359738368;25362049694;73.81;536870912000;319696451719;59.55;32.1;264112;70914;13;251;chrome.exe;25.91;python.exe;18.88;discord.exe;12.32;chrome.exe;1854383015;discord.exe;1166669548;python.exe;515985038;8;17.54;21.54;1778167989;2026-06-02 05:13:09;Tuesday;634862
SteamData;São Paulo;DC-SP01;ZonaA;SRV-DB-01;55.46;34359738368;23319690686;67.87;536870912000;380899737320;70.95;103.6;241163;152056;2;196;chrome.exe;27.72;python.exe;12.86;discord.exe;8.46;chrome.exe;3274164790;discord.exe;1523345163;python.exe;618451547;16;55.05;21.76;1780068789;2026-06-02 05:33:09;Tuesday;589407
SteamData;Rio de Janeiro;DC-RJ01;ZonaA;SRV-WEB-01;84.68;34359738368;20412806446;59.41;536870912000;384560023131;71.63;64.18;87829;289989;19;319;chrome.exe;18.79;python.exe;6.85;discord.exe;7.82;chrome.exe;2761186827;discord.exe;587930982;python.exe;675655427;16;38.01;26.87;1778686389;2026-06-02 05:33:09;Tuesday;728359
SteamData;Porto Alegre;DC-POA01;ZonaA;SRV-WEB-01;91.64;34359738368;24023520630;69.92;536870912000;365185755116;68.02;118.95;262974;379719;24;258;chrome.exe;36.74;python.exe;15.32;discord.exe;10.06;chrome.exe;3067631032;discord.exe;1367449612;python.exe;306568536;16;30.42;24.28;1779031989;2026-06-02 05:33:09;Tuesday;817306
SteamData;São Paulo;DC-SP01;ZonaA;SRV-DB-01;87.49;34359738368;25279039254;73.57;536870912000;371305319859;69.16;87.23;87490;329899;25;396;chrome.exe;17.67;python.exe;22.74;discord.exe;7.49;chrome.exe;2246206346;discord.exe;502393569;python.exe;837184920;16;66.74;17.03;1778081589;2026-06-02 05:53:09;Tuesday;786686
SteamData;Rio de Janeiro;DC-RJ01;ZonaB;SRV-WEB-01;79.27;34359738368;22146950848;64.46;536870912000;311857398489;58.09;100.46;91325;198094;19;256;chrome.exe;24.66;python.exe;10.83;discord.exe;4.22;chrome.exe;3059404528;discord.exe;526414815;python.exe;830095477;16;39.9;25.75;1779291189;2026-06-02 05:53:09;Tuesday;708958
SteamData;Porto Alegre;DC-POA01;ZonaA;SRV-DB-01;54.86;34359738368;27501167852;80.04;536870912000;292323350679;54.45;98.12;213261;207162;20;295;chrome.exe;26.59;python.exe;11.24;discord.exe;9.88;chrome.exe;1672197485;discord.exe;870709940;python.exe;529159283;32;11.38;20.84;1779809589;2026-06-02 05:53:09;Tuesday;599916
SteamData;São Paulo;DC-SP01;ZonaA;SRV-DB-01;29.98;34359738368;28635437873;83.34;536870912000;275759974471;51.36;108.11;127982;253393;14;217;chrome.exe;20.14;python.exe;22.14;discord.exe;2.19;chrome.exe;2525084457;discord.exe;1406086662;python.exe;695384258;8;34.11;9.37;1779031989;2026-06-02 06:13:09;Tuesday;772641
SteamData;Rio de Janeiro;DC-RJ01;ZonaC;SRV-API-01;55.86;34359738368;22163783210;64.51;536870912000;281536957985;52.44;86.42;238062;311359;15;349;chrome.exe;19.96;python.exe;6.87;discord.exe;8.49;chrome.exe;3186051650;discord.exe;1903946268;python.exe;812024527;32;53.97;29.98;1779982389;2026-06-02 06:13:09;Tuesday;784570
SteamData;Porto Alegre;DC-POA01;ZonaC;SRV-DB-01;56.58;34359738368;22060560355;64.2;536870912000;388134075890;72.3;34.02;73524;380525;2;253;chrome.exe;21.69;python.exe;7.11;discord.exe;4.75;chrome.exe;3367483425;discord.exe;589268362;python.exe;853668782;16;51.55;11.53;1778599989;2026-06-02 06:13:09;Tuesday;833145
SteamData;São Paulo;DC-SP01;ZonaB;SRV-DB-01;80.07;34359738368;18984068604;55.25;536870912000;278626332049;51.9;76.7;61087;316363;13;209;chrome.exe;24.14;python.exe;12.81;discord.exe;6.31;chrome.exe;2875340821;discord.exe;1273654708;python.exe;504477918;16;67.72;9.63;1779550389;2026-06-02 06:33:09;Tuesday;791202
SteamData;Rio de Janeiro;DC-RJ01;ZonaA;SRV-DB-01;62.07;34359738368;14209000493;41.35;536870912000;260435784131;48.51;85.55;176054;297725;12;221;chrome.exe;33.54;python.exe;24.41;discord.exe;14.28;chrome.exe;2429398301;discord.exe;1629014167;python.exe;392222167;16;16.36;5.53;1778427189;2026-06-02 06:33:09;Tuesday;757691
SteamData;Porto Alegre;DC-POA01;ZonaA;SRV-API-01;79.04;34359738368;22488533078;65.45;536870912000;397089445580;73.96;89.89;104224;130425;25;337;chrome.exe;18.03;python.exe;10.22;discord.exe;12.71;chrome.exe;2186753638;discord.exe;1995703921;python.exe;343124370;32;42.69;12.69;1779291189;2026-06-02 06:33:09;Tuesday;863223
SteamData;São Paulo;DC-SP01;ZonaC;SRV-WEB-01;60.43;34359738368;15720889635;45.75;536870912000;351921824047;65.55;78.12;124973;141059;21;152;chrome.exe;28.42;python.exe;18.84;discord.exe;8.84;chrome.exe;3241322660;discord.exe;1714807404;python.exe;863540277;8;12.16;8.35;1779636789;2026-06-02 06:53:09;Tuesday;683066
SteamData;Rio de Janeiro;DC-RJ01;ZonaA;SRV-API-01;84.86;34359738368;26643290477;77.54;536870912000;275257359757;51.27;67.79;107255;380285;22;206;chrome.exe;37.94;python.exe;20.52;discord.exe;12.29;chrome.exe;3466364848;discord.exe;1192089874;python.exe;999025675;32;38.85;10.85;1778167989;2026-06-02 06:53:09;Tuesday;775892
SteamData;Porto Alegre;DC-POA01;ZonaA;SRV-API-01;56.95;34359738368;18503454766;53.85;536870912000;207841024108;38.71;82.32;168670;382974;5;177;chrome.exe;35.29;python.exe;22.29;discord.exe;12.38;chrome.exe;3366936258;discord.exe;661328655;python.exe;964767354;8;35.75;21.65;1778859189;2026-06-02 06:53:09;Tuesday;635864
SteamData;São Paulo;DC-SP01;ZonaB;SRV-WEB-01;56.48;34359738368;19228683730;55.96;536870912000;358064585623;66.69;37.35;181880;58960;0;282;chrome.exe;12.44;python.exe;13.08;discord.exe;8.04;chrome.exe;2299752564;discord.exe;1775805062;python.exe;520719101;8;49.32;8.51;1780068789;2026-06-02 07:13:09;Tuesday;868179
SteamData;Rio de Janeiro;DC-RJ01;ZonaA;SRV-DB-01;68.19;34359738368;21736866260;63.26;536870912000;274240450252;51.08;36.25;194554;317392;6;211;chrome.exe;35.66;python.exe;22.27;discord.exe;2.04;chrome.exe;1327447964;discord.exe;965693637;python.exe;977244057;16;22.42;24.56;1778686389;2026-06-02 07:13:09;Tuesday;884523
SteamData;Porto Alegre;DC-POA01;ZonaC;SRV-DB-01;44.68;34359738368;14932538899;43.46;536870912000;223042468970;41.54;114.83;100696;77697;11;176;chrome.exe;31.38;python.exe;14.12;discord.exe;3.07;chrome.exe;3340900196;discord.exe;1438256747;python.exe;572749015;32;11.76;21.31;1778686389;2026-06-02 07:13:09;Tuesday;718551
SteamData;São Paulo;DC-SP01;ZonaB;SRV-DB-01;63.99;34359738368;14142528278;41.16;536870912000;360197895091;67.09;99.84;168272;192526;0;155;chrome.exe;11.15;python.exe;9.61;discord.exe;2.35;chrome.exe;1064423287;discord.exe;714120010;python.exe;689713791;16;67.16;26.2;1779463989;2026-06-02 07:33:09;Tuesday;654651
SteamData;Rio de Janeiro;DC-RJ01;ZonaB;SRV-DB-01;69.81;34359738368;21641316987;62.98;536870912000;262622540891;48.92;90.29;110660;217850;2;186;chrome.exe;38.45;python.exe;10.65;discord.exe;9.05;chrome.exe;2210568656;discord.exe;1929316872;python.exe;438066688;16;54.25;24.12;1779463989;2026-06-02 07:33:09;Tuesday;700301
SteamData;Porto Alegre;DC-POA01;ZonaC;SRV-WEB-01;58.47;34359738368;13894003805;40.44;536870912000;260111999371;48.45;91.24;168423;352629;15;354;chrome.exe;32.94;python.exe;15.15;discord.exe;14.24;chrome.exe;3379629080;discord.exe;725106613;python.exe;418529450;32;40.34;16.51;1778859189;2026-06-02 07:33:09;Tuesday;855720
SteamData;São Paulo;DC-SP01;ZonaC;SRV-WEB-01;53.44;34359738368;28903175960;84.12;536870912000;233297943644;43.46;37.42;282873;248148;9;194;chrome.exe;33.07;python.exe;11.94;discord.exe;7.72;chrome.exe;1994960886;discord.exe;1380845710;python.exe;576520308;32;49.68;6.99;1779118389;2026-06-02 07:53:09;Tuesday;654233
SteamData;Rio de Janeiro;DC-RJ01;ZonaC;SRV-WEB-01;82.11;34359738368;14265992458;41.52;536870912000;375254639072;69.9;90.27;225902;190669;12;388;chrome.exe;19.83;python.exe;7.81;discord.exe;4.25;chrome.exe;1808209725;discord.exe;1758500370;python.exe;688959218;16;52.68;17.52;1778254389;2026-06-02 07:53:09;Tuesday;730824
SteamData;Porto Alegre;DC-POA01;ZonaC;SRV-API-01;76.81;34359738368;12351204183;35.95;536870912000;321427719855;59.87;23.17;263764;118418;16;183;chrome.exe;25.33;python.exe;16.57;discord.exe;9.51;chrome.exe;1004766059;discord.exe;1966141047;python.exe;892843114;32;31.44;10.2;1777735989;2026-06-02 07:53:09;Tuesday;692176
SteamData;São Paulo;DC-SP01;ZonaC;SRV-API-01;66.05;34359738368;26326937803;76.62;536870912000;412045473231;76.75;17.29;81368;385689;26;247;chrome.exe;21.48;python.exe;23.61;discord.exe;12.28;chrome.exe;1360504574;discord.exe;1587468708;python.exe;672082116;16;58.56;28.79;1778772789;2026-06-02 08:13:09;Tuesday;827241
SteamData;Rio de Janeiro;DC-RJ01;ZonaA;SRV-DB-01;60.71;34359738368;15731478074;45.78;536870912000;283654929197;52.83;22.28;82400;313215;23;247;chrome.exe;18.56;python.exe;8.12;discord.exe;7.52;chrome.exe;3512974009;discord.exe;584345863;python.exe;860344903;8;26.78;29.31;1778772789;2026-06-02 08:13:09;Tuesday;760627
SteamData;Porto Alegre;DC-POA01;ZonaC;SRV-API-01;83.07;34359738368;18480826616;53.79;536870912000;223711080395;41.67;113.1;185587;133006;21;356;chrome.exe;23.26;python.exe;19.35;discord.exe;2.75;chrome.exe;3942494086;discord.exe;941997421;python.exe;799679831;32;14.97;26.61;1779895989;2026-06-02 08:13:09;Tuesday;529524
SteamData;São Paulo;DC-SP01;ZonaB;SRV-DB-01;41.37;34359738368;16079957802;46.8;536870912000;364708660670;67.93;94.89;196331;198830;14;314;chrome.exe;14.14;python.exe;24.53;discord.exe;9.81;chrome.exe;1701774127;discord.exe;1739423510;python.exe;873773718;16;34.39;10.68;1779377589;2026-06-02 08:33:09;Tuesday;832944
SteamData;Rio de Janeiro;DC-RJ01;ZonaA;SRV-API-01;94.91;34359738368;15274652370;44.46;536870912000;258394475657;48.13;86.62;200963;72484;13;375;chrome.exe;19.89;python.exe;16.39;discord.exe;4.98;chrome.exe;3586156758;discord.exe;628591919;python.exe;653195555;8;57.9;9.39;1778859189;2026-06-02 08:33:09;Tuesday;517589
SteamData;Porto Alegre;DC-POA01;ZonaC;SRV-API-01;76.96;34359738368;16004413500;46.58;536870912000;330089697617;61.48;88.47;172881;257063;14;160;chrome.exe;25.12;python.exe;24.75;discord.exe;6.55;chrome.exe;2460313739;discord.exe;742686596;python.exe;676732397;8;43.95;9.41;1779809589;2026-06-02 08:33:09;Tuesday;798836
SteamData;São Paulo;DC-SP01;ZonaB;SRV-API-01;65.52;34359738368;29338722179;85.39;536870912000;282286969774;52.58;91.36;282231;81465;29;158;chrome.exe;35.24;python.exe;23.15;discord.exe;2.29;chrome.exe;3380745112;discord.exe;1112831758;python.exe;858694520;8;10.61;18.56;1779377589;2026-06-02 08:53:09;Tuesday;781324
SteamData;Rio de Janeiro;DC-RJ01;ZonaC;SRV-DB-01;42.16;34359738368;13968318365;40.65;536870912000;257382189561;47.94;116.38;129057;103805;18;259;chrome.exe;39.61;python.exe;5.4;discord.exe;2.67;chrome.exe;1536203641;discord.exe;1385166018;python.exe;598443122;8;38.84;25.11;1777908789;2026-06-02 08:53:09;Tuesday;640520
SteamData;Porto Alegre;DC-POA01;ZonaA;SRV-DB-01;63.03;34359738368;17514372445;50.97;536870912000;305746804975;56.95;59.33;286803;222548;13;262;chrome.exe;21.16;python.exe;13.0;discord.exe;11.87;chrome.exe;1289799452;discord.exe;875607166;python.exe;725340917;16;36.59;18.39;1777822389;2026-06-02 08:53:09;Tuesday;766235
SteamData;São Paulo;DC-SP01;ZonaB;SRV-WEB-01;82.06;34359738368;12942305114;37.67;536870912000;310373493758;57.81;41.5;252365;298016;0;297;chrome.exe;26.81;python.exe;11.77;discord.exe;6.46;chrome.exe;1194556746;discord.exe;797290166;python.exe;928449821;8;38.5;16.69;1779982389;2026-06-02 09:13:09;Tuesday;536661
SteamData;Rio de Janeiro;DC-RJ01;ZonaA;SRV-DB-01;35.4;34359738368;22623639142;65.84;536870912000;236502379007;44.05;97.64;233565;134150;1;283;chrome.exe;16.53;python.exe;19.06;discord.exe;7.6;chrome.exe;2595785197;discord.exe;1120195886;python.exe;841540742;16;59.49;26.4;1777908789;2026-06-02 09:13:09;Tuesday;785262
SteamData;Porto Alegre;DC-POA01;ZonaA;SRV-WEB-01;46.86;34359738368;26442607409;76.96;536870912000;345945752496;64.44;96.29;85980;232957;8;204;chrome.exe;16.47;python.exe;13.11;discord.exe;10.26;chrome.exe;2442803759;discord.exe;1000612322;python.exe;792464490;32;25.54;14.34;1778167989;2026-06-02 09:13:09;Tuesday;852985
SteamData;São Paulo;DC-SP01;ZonaA;SRV-API-01;94.67509616147558;34359738368;27202373454;79.17;536870912000;307791807006;57.33;13.49;137847;287918;14;357;chrome.exe;21.09;python.exe;16.39;discord.exe;7.94;chrome.exe;2499383019;discord.exe;1699323154;python.exe;699019790;8;31.82;18.33;1778081589;2026-06-02 09:33:09;Tuesday;814894
SteamData;Rio de Janeiro;DC-RJ01;ZonaC;SRV-WEB-01;63.62106470334707;34359738368;17768580185;51.71;536870912000;411160946138;76.58;56.45;199020;351160;12;299;chrome.exe;31.84;python.exe;18.48;discord.exe;14.24;chrome.exe;3283928774;discord.exe;907359576;python.exe;864513939;16;47.05;8.66;1780155189;2026-06-02 09:33:09;Tuesday;685570
SteamData;Porto Alegre;DC-POA01;ZonaA;SRV-DB-01;39.89021503932827;34359738368;26124226891;76.03;536870912000;253295676116;47.18;103.17;247041;80363;8;377;chrome.exe;23.69;python.exe;21.95;discord.exe;12.83;chrome.exe;2291721518;discord.exe;828371173;python.exe;403313583;16;48.1;12.62;1779031989;2026-06-02 09:33:09;Tuesday;663478
SteamData;São Paulo;DC-SP01;ZonaB;SRV-DB-01;37.727307622285174;34359738368;28548070979;83.09;536870912000;371856988431;69.26;62.26;238611;382293;3;297;chrome.exe;11.98;python.exe;12.67;discord.exe;8.52;chrome.exe;2034769431;discord.exe;1568535207;python.exe;449765735;8;22.23;10.7;1778254389;2026-06-02 09:53:09;Tuesday;683888
SteamData;Rio de Janeiro;DC-RJ01;ZonaA;SRV-API-01;92.49235010447103;34359738368;22690761486;66.04;536870912000;419126495300;78.07;42.62;99468;322515;21;209;chrome.exe;16.62;python.exe;7.68;discord.exe;6.95;chrome.exe;2090247914;discord.exe;684641686;python.exe;541101658;16;37.35;24.49;1779291189;2026-06-02 09:53:09;Tuesday;638803
SteamData;Porto Alegre;DC-POA01;ZonaC;SRV-DB-01;79.01012126974571;34359738368;19576025857;56.97;536870912000;416839512757;77.64;39.44;90149;218525;30;182;chrome.exe;37.64;python.exe;19.07;discord.exe;13.65;chrome.exe;1805948195;discord.exe;1571227644;python.exe;380876565;32;57.32;21.47;1779377589;2026-06-02 09:53:09;Tuesday;630989
SteamData;São Paulo;DC-SP01;ZonaC;SRV-WEB-01;51.367130367604446;34359738368;19116596029;55.64;536870912000;384319607920;71.59;11.08;115156;153732;0;179;chrome.exe;31.59;python.exe;14.94;discord.exe;9.67;chrome.exe;1514516325;discord.exe;1291227391;python.exe;456973595;32;29.31;19.65;1779982389;2026-06-02 10:13:09;Tuesday;808793
SteamData;Rio de Janeiro;DC-RJ01;ZonaC;SRV-WEB-01;58.17520805632669;34359738368;13171437853;38.33;536870912000;313002564786;58.3;104.01;80098;315092;11;353;chrome.exe;15.72;python.exe;9.3;discord.exe;4.0;chrome.exe;3003379733;discord.exe;1205415059;python.exe;692392397;8;58.13;6.49;1778340789;2026-06-02 10:13:09;Tuesday;690409
SteamData;Porto Alegre;DC-POA01;ZonaA;SRV-DB-01;98.0873812647971;34359738368;15772892628;45.91;536870912000;301197240643;56.1;61.46;267370;268290;1;320;chrome.exe;29.29;python.exe;14.76;discord.exe;6.02;chrome.exe;3374762793;discord.exe;1018107218;python.exe;470945891;32;57.33;17.0;1778513589;2026-06-02 10:13:09;Tuesday;759006
SteamData;São Paulo;DC-SP01;ZonaA;SRV-WEB-01;51.68129447501151;34359738368;17356358189;50.51;536870912000;347532785142;64.73;106.1;155532;213055;12;324;chrome.exe;13.56;python.exe;23.77;discord.exe;6.69;chrome.exe;1403824456;discord.exe;1458099695;python.exe;623416050;16;56.23;20.26;1778427189;2026-06-02 10:33:09;Tuesday;542442
SteamData;Rio de Janeiro;DC-RJ01;ZonaC;SRV-DB-01;84.17220247273433;34359738368;20540134720;59.78;536870912000;346995971298;64.63;107.16;273710;398730;27;348;chrome.exe;19.33;python.exe;5.37;discord.exe;2.69;chrome.exe;2206939424;discord.exe;1624773825;python.exe;944509928;16;55.1;6.88;1778254389;2026-06-02 10:33:09;Tuesday;628129
SteamData;Porto Alegre;DC-POA01;ZonaB;SRV-DB-01;94.9611071490024;34359738368;23722904624;69.04;536870912000;337714461339;62.9;107.38;296985;126474;3;363;chrome.exe;28.02;python.exe;10.06;discord.exe;6.45;chrome.exe;2987539017;discord.exe;540637268;python.exe;542560921;32;14.22;12.28;1777995189;2026-06-02 10:33:09;Tuesday;617693
SteamData;São Paulo;DC-SP01;ZonaB;SRV-DB-01;52.82857900625861;34359738368;12061073410;35.1;536870912000;223676713491;41.66;28.38;290614;188115;11;209;chrome.exe;30.56;python.exe;20.24;discord.exe;14.37;chrome.exe;1957347381;discord.exe;1493830677;python.exe;606090856;16;28.98;23.51;1779031989;2026-06-02 10:53:09;Tuesday;827288
SteamData;Rio de Janeiro;DC-RJ01;ZonaC;SRV-WEB-01;69.93486102329818;34359738368;25995297027;75.66;536870912000;370316758914;68.98;53.09;278885;170451;14;357;chrome.exe;17.71;python.exe;16.08;discord.exe;10.08;chrome.exe;1917795437;discord.exe;1092918924;python.exe;331930322;32;43.38;9.98;1779982389;2026-06-02 10:53:09;Tuesday;547416
SteamData;Porto Alegre;DC-POA01;ZonaA;SRV-DB-01;93.21962185567413;34359738368;29895962498;87.01;536870912000;371793499422;69.25;35.93;66013;328520;3;206;chrome.exe;16.18;python.exe;23.87;discord.exe;5.16;chrome.exe;2638550107;discord.exe;575885409;python.exe;568385586;16;64.43;25.57;1777908789;2026-06-02 10:53:09;Tuesday;579292
SteamData;São Paulo;DC-SP01;ZonaC;SRV-WEB-01;48.128241179082536;34359738368;17468499671;50.84;536870912000;371330219709;69.17;51.86;165774;179802;9;366;chrome.exe;23.42;python.exe;16.97;discord.exe;6.77;chrome.exe;2976501952;discord.exe;1826193331;python.exe;592709161;16;16.27;22.94;1778427189;2026-06-02 11:13:09;Tuesday;884657
SteamData;Rio de Janeiro;DC-RJ01;ZonaC;SRV-WEB-01;55.40401754780176;34359738368;12651278416;36.82;536870912000;344044455503;64.08;35.34;247215;336368;22;178;chrome.exe;33.87;python.exe;19.87;discord.exe;8.06;chrome.exe;1067242734;discord.exe;811809379;python.exe;768768652;8;24.44;9.53;1777995189;2026-06-02 11:13:09;Tuesday;765869
SteamData;Porto Alegre;DC-POA01;ZonaB;SRV-WEB-01;69.49463845569173;34359738368;29573399343;86.07;536870912000;360981402914;67.24;61.31;225928;90659;29;264;chrome.exe;16.48;python.exe;10.42;discord.exe;11.42;chrome.exe;3060890909;discord.exe;1140690977;python.exe;549301023;16;67.08;17.63;1778167989;2026-06-02 11:13:09;Tuesday;897449
SteamData;São Paulo;DC-SP01;ZonaB;SRV-WEB-01;96.65921882985577;34359738368;19585180021;57.0;536870912000;229513294311;42.75;41.07;141698;267827;19;198;chrome.exe;21.75;python.exe;5.65;discord.exe;6.51;chrome.exe;2610224150;discord.exe;973807512;python.exe;685932335;32;33.29;10.55;1779118389;2026-06-02 11:33:09;Tuesday;628922
SteamData;Rio de Janeiro;DC-RJ01;ZonaA;SRV-DB-01;88.49773348294055;34359738368;12061278454;35.1;536870912000;280297019367;52.21;104.48;139139;346545;10;369;chrome.exe;21.6;python.exe;5.62;discord.exe;8.92;chrome.exe;1301136064;discord.exe;595344216;python.exe;529754800;8;50.8;5.12;1778081589;2026-06-02 11:33:09;Tuesday;620405
SteamData;Porto Alegre;DC-POA01;ZonaC;SRV-API-01;66.66662259310421;34359738368;26995617886;78.57;536870912000;211673855918;39.43;107.99;135383;399509;21;307;chrome.exe;32.19;python.exe;19.08;discord.exe;11.75;chrome.exe;3847202063;discord.exe;1506237116;python.exe;677541273;32;28.67;17.32;1778427189;2026-06-02 11:33:09;Tuesday;591544
SteamData;São Paulo;DC-SP01;ZonaB;SRV-WEB-01;94.27100004533477;34359738368;17359086926;50.52;536870912000;335596661379;62.51;56.4;226439;199764;17;327;chrome.exe;39.56;python.exe;7.38;discord.exe;5.29;chrome.exe;2902231765;discord.exe;1336056506;python.exe;414789410;32;62.15;16.46;1779291189;2026-06-02 11:53:09;Tuesday;806612
SteamData;Rio de Janeiro;DC-RJ01;ZonaB;SRV-API-01;99.0;34359738368;12085642690;35.17;536870912000;373107379720;69.5;116.48;176685;230214;11;306;chrome.exe;28.72;python.exe;20.16;discord.exe;13.63;chrome.exe;3507630859;discord.exe;967538081;python.exe;312702161;8;61.96;10.46;1777822389;2026-06-02 11:53:09;Tuesday;849501
SteamData;Porto Alegre;DC-POA01;ZonaC;SRV-API-01;58.433158477411006;34359738368;28729044159;83.61;536870912000;419866462908;78.21;71.77;176267;125812;17;197;chrome.exe;24.23;python.exe;9.64;discord.exe;4.5;chrome.exe;2271443116;discord.exe;1689767582;python.exe;714614266;8;39.11;5.83;1779809589;2026-06-02 11:53:09;Tuesday;688864
SteamData;São Paulo;DC-SP01;ZonaC;SRV-DB-01;99.0;34359738368;17690921366;51.49;536870912000;326597624263;60.83;25.51;158802;321997;2;296;chrome.exe;31.16;python.exe;13.74;discord.exe;12.13;chrome.exe;3461397434;discord.exe;568271710;python.exe;462871893;8;35.18;16.58;1778254389;2026-06-02 12:13:09;Tuesday;640117
SteamData;Rio de Janeiro;DC-RJ01;ZonaB;SRV-WEB-01;88.3277863557297;34359738368;18973131331;55.22;536870912000;225805773857;42.06;49.25;155190;222274;14;219;chrome.exe;12.44;python.exe;15.14;discord.exe;3.54;chrome.exe;2209413048;discord.exe;1053019631;python.exe;871044395;16;33.01;29.64;1779118389;2026-06-02 12:13:09;Tuesday;596758
SteamData;Porto Alegre;DC-POA01;ZonaB;SRV-API-01;92.71554838537902;34359738368;15458273921;44.99;536870912000;290792058052;54.16;37.22;256013;287947;19;270;chrome.exe;17.64;python.exe;13.82;discord.exe;6.82;chrome.exe;2274495679;discord.exe;544640715;python.exe;600233033;8;57.34;25.88;1778945589;2026-06-02 12:13:09;Tuesday;598093
SteamData;São Paulo;DC-SP01;ZonaB;SRV-DB-01;83.9769341769429;34359738368;17487193429;50.89;536870912000;321044437949;59.8;104.26;186395;261417;8;175;chrome.exe;18.15;python.exe;9.82;discord.exe;13.44;chrome.exe;3666703304;discord.exe;1897711404;python.exe;859360937;16;15.89;18.95;1779031989;2026-06-02 12:33:09;Tuesday;769074
SteamData;Rio de Janeiro;DC-RJ01;ZonaC;SRV-WEB-01;84.63148180702875;34359738368;13972702051;40.67;536870912000;384684676577;71.65;16.65;249844;293814;4;315;chrome.exe;36.23;python.exe;21.01;discord.exe;13.16;chrome.exe;2859909105;discord.exe;1128623924;python.exe;416185569;8;23.19;20.61;1779550389;2026-06-02 12:33:09;Tuesday;606599
SteamData;Porto Alegre;DC-POA01;ZonaA;SRV-WEB-01;90.14676483716744;34359738368;18774068774;54.64;536870912000;246965107467;46.0;32.41;130935;396811;8;329;chrome.exe;20.82;python.exe;14.52;discord.exe;3.0;chrome.exe;3156628939;discord.exe;1508157319;python.exe;929609345;8;66.17;25.7;1778081589;2026-06-02 12:33:09;Tuesday;773448
SteamData;São Paulo;DC-SP01;ZonaC;SRV-WEB-01;49.75207603367001;34359738368;18628952609;54.22;536870912000;279982326666;52.15;43.41;129097;220145;15;398;chrome.exe;27.52;python.exe;21.09;discord.exe;6.34;chrome.exe;2745983745;discord.exe;1343951756;python.exe;694683288;32;10.71;12.52;1779377589;2026-06-02 12:53:09;Tuesday;851007
SteamData;Rio de Janeiro;DC-RJ01;ZonaA;SRV-WEB-01;99.0;34359738368;22786030060;66.32;536870912000;285373746177;53.16;74.9;187559;317817;29;386;chrome.exe;23.25;python.exe;23.97;discord.exe;9.96;chrome.exe;3119154194;discord.exe;1509044851;python.exe;388852820;32;16.45;10.51;1778772789;2026-06-02 12:53:09;Tuesday;631336
SteamData;Porto Alegre;DC-POA01;ZonaA;SRV-DB-01;95.574305340266;34359738368;25788103279;75.05;536870912000;335989967926;62.58;40.6;86457;149395;6;162;chrome.exe;35.27;python.exe;24.35;discord.exe;10.0;chrome.exe;2715973707;discord.exe;1261474239;python.exe;533641402;32;50.94;17.75;1779463989;2026-06-02 12:53:09;Tuesday;799035
SteamData;São Paulo;DC-SP01;ZonaB;SRV-WEB-01;91.55454688343846;34359738368;17119251926;49.82;536870912000;439348696994;81.84;44.6;138810;174271;16;289;chrome.exe;12.83;python.exe;7.14;discord.exe;9.47;chrome.exe;1102596242;discord.exe;1792316098;python.exe;624448688;16;26.88;23.09;1778340789;2026-06-02 13:13:09;Tuesday;752506
SteamData;Rio de Janeiro;DC-RJ01;ZonaA;SRV-DB-01;44.53409270361693;34359738368;29501737892;85.86;536870912000;340897367375;63.5;100.92;54908;317784;29;236;chrome.exe;16.43;python.exe;8.28;discord.exe;7.63;chrome.exe;3151898635;discord.exe;1669633137;python.exe;828079995;8;49.33;16.7;1777735989;2026-06-02 13:13:09;Tuesday;563150
SteamData;Porto Alegre;DC-POA01;ZonaC;SRV-WEB-01;83.08908033874974;34359738368;16032611295;46.66;536870912000;423232481243;78.83;67.48;93681;251181;1;243;chrome.exe;33.09;python.exe;17.74;discord.exe;5.87;chrome.exe;3945688702;discord.exe;1773978508;python.exe;946228951;32;18.41;26.86;1779809589;2026-06-02 13:13:09;Tuesday;566219
SteamData;São Paulo;DC-SP01;ZonaC;SRV-WEB-01;86.01758189408284;34359738368;23870752072;69.47;536870912000;262945274797;48.98;118.83;138400;356400;28;156;chrome.exe;22.61;python.exe;5.57;discord.exe;12.61;chrome.exe;2533641289;discord.exe;810600223;python.exe;533166050;8;14.77;8.55;1778599989;2026-06-02 13:33:09;Tuesday;727019
SteamData;Rio de Janeiro;DC-RJ01;ZonaC;SRV-WEB-01;51.02790411384393;34359738368;22450221998;65.34;536870912000;377611236554;70.34;104.51;249634;133935;3;159;chrome.exe;32.56;python.exe;16.45;discord.exe;7.23;chrome.exe;1760464459;discord.exe;760896713;python.exe;770230748;8;60.89;24.52;1778859189;2026-06-02 13:33:09;Tuesday;723812
SteamData;Porto Alegre;DC-POA01;ZonaC;SRV-DB-01;44.905333402120206;34359738368;19050786990;55.45;536870912000;402606168107;74.99;100.7;208758;329051;10;395;chrome.exe;17.45;python.exe;10.37;discord.exe;4.11;chrome.exe;2633668643;discord.exe;915955572;python.exe;397597705;8;26.61;9.4;1779636789;2026-06-02 13:33:09;Tuesday;668936
SteamData;São Paulo;DC-SP01;ZonaB;SRV-WEB-01;75.58226853404261;34359738368;29477559173;85.79;536870912000;316571192642;58.97;23.57;211431;125813;14;342;chrome.exe;39.95;python.exe;24.88;discord.exe;6.62;chrome.exe;3500780165;discord.exe;1427843590;python.exe;795696138;32;20.01;24.4;1778254389;2026-06-02 13:53:09;Tuesday;693256
SteamData;Rio de Janeiro;DC-RJ01;ZonaA;SRV-API-01;39.07225927683908;34359738368;26497878602;77.12;536870912000;294292319830;54.82;79.1;272475;64736;4;195;chrome.exe;25.47;python.exe;13.22;discord.exe;13.75;chrome.exe;1088667699;discord.exe;1015910457;python.exe;366684945;32;33.03;29.74;1779809589;2026-06-02 13:53:09;Tuesday;794531
SteamData;Porto Alegre;DC-POA01;ZonaC;SRV-WEB-01;44.812112339875426;34359738368;24842044390;72.3;536870912000;402096975358;74.9;14.49;72916;287728;21;380;chrome.exe;14.1;python.exe;19.51;discord.exe;13.9;chrome.exe;3841088844;discord.exe;1382867737;python.exe;326007612;16;13.35;12.23;1778513589;2026-06-02 13:53:09;Tuesday;795933
SteamData;São Paulo;DC-SP01;ZonaB;SRV-WEB-01;97.136021655935;34359738368;24380532333;70.96;536870912000;208735668580;38.88;84.86;114134;328366;25;389;chrome.exe;10.4;python.exe;21.63;discord.exe;2.85;chrome.exe;2346880954;discord.exe;1735008266;python.exe;860437630;8;57.11;12.61;1780241589;2026-06-02 14:13:09;Tuesday;703744
SteamData;Rio de Janeiro;DC-RJ01;ZonaB;SRV-WEB-01;57.26095015306957;34359738368;15632978492;45.5;536870912000;423621091734;78.91;11.16;66551;220465;14;288;chrome.exe;25.21;python.exe;16.73;discord.exe;11.42;chrome.exe;2555018401;discord.exe;781605883;python.exe;447987168;16;39.79;22.99;1778167989;2026-06-02 14:13:09;Tuesday;708599
SteamData;Porto Alegre;DC-POA01;ZonaB;SRV-WEB-01;50.41517108037752;34359738368;29393611772;85.55;536870912000;347801378154;64.78;52.49;235769;110531;30;299;chrome.exe;39.83;python.exe;13.4;discord.exe;2.27;chrome.exe;3989667789;discord.exe;1405542767;python.exe;960174043;32;58.98;29.04;1780155189;2026-06-02 14:13:09;Tuesday;686005
SteamData;São Paulo;DC-SP01;ZonaA;SRV-WEB-01;64.70432810666696;34359738368;23507672251;68.42;536870912000;240351519698;44.77;29.55;237186;233228;11;348;chrome.exe;23.73;python.exe;15.09;discord.exe;10.06;chrome.exe;2600493985;discord.exe;1591359985;python.exe;955507406;8;51.83;18.68;1780155189;2026-06-02 14:33:09;Tuesday;544631
SteamData;Rio de Janeiro;DC-RJ01;ZonaC;SRV-WEB-01;99.0;34359738368;29072521907;84.61;536870912000;387903259372;72.25;118.64;83872;115937;25;295;chrome.exe;39.89;python.exe;6.41;discord.exe;12.38;chrome.exe;2414274243;discord.exe;1399402618;python.exe;661436699;32;14.17;23.95;1777908789;2026-06-02 14:33:09;Tuesday;823021
SteamData;Porto Alegre;DC-POA01;ZonaA;SRV-DB-01;75.70922665529831;34359738368;19535822553;56.86;536870912000;321203694323;59.83;101.69;163073;385789;20;342;chrome.exe;15.24;python.exe;12.57;discord.exe;10.51;chrome.exe;3997739787;discord.exe;976294603;python.exe;927123404;16;43.84;12.35;1778686389;2026-06-02 14:33:09;Tuesday;801447
SteamData;São Paulo;DC-SP01;ZonaC;SRV-API-01;86.42266620404469;34359738368;16603540940;48.32;536870912000;440214243705;82.0;14.08;106754;177935;30;225;chrome.exe;16.06;python.exe;24.48;discord.exe;8.34;chrome.exe;3904629017;discord.exe;1993944349;python.exe;340782677;32;69.34;26.48;1779204789;2026-06-02 14:53:09;Tuesday;755778
SteamData;Rio de Janeiro;DC-RJ01;ZonaA;SRV-WEB-01;42.59070892832479;34359738368;21472098413;62.49;536870912000;296921579837;55.31;21.62;135603;81680;13;368;chrome.exe;22.33;python.exe;20.8;discord.exe;12.97;chrome.exe;2105038972;discord.exe;1479437186;python.exe;419951198;8;43.4;13.3;1778340789;2026-06-02 14:53:09;Tuesday;798084
SteamData;Porto Alegre;DC-POA01;ZonaB;SRV-DB-01;44.2798188153375;34359738368;25873398969;75.3;536870912000;311495572082;58.02;39.62;73766;122664;0;372;chrome.exe;17.64;python.exe;24.21;discord.exe;13.52;chrome.exe;1165905805;discord.exe;1447302429;python.exe;899280378;8;13.91;20.76;1779291189;2026-06-02 14:53:09;Tuesday;628088
SteamData;São Paulo;DC-SP01;ZonaC;SRV-WEB-01;48.38464250822939;34359738368;18541791024;53.96;536870912000;440950983892;82.13;118.09;191964;344703;23;185;chrome.exe;14.77;python.exe;13.22;discord.exe;9.46;chrome.exe;1895164285;discord.exe;1040872046;python.exe;536482367;32;60.96;24.97;1779982389;2026-06-02 15:13:09;Tuesday;710907
SteamData;Rio de Janeiro;DC-RJ01;ZonaA;SRV-WEB-01;59.655896182149576;34359738368;13038078761;37.95;536870912000;410504558612;76.46;11.31;58469;195562;25;375;chrome.exe;12.8;python.exe;21.28;discord.exe;9.35;chrome.exe;1261899633;discord.exe;1796827133;python.exe;583536702;8;46.46;22.85;1778772789;2026-06-02 15:13:09;Tuesday;815644
SteamData;Porto Alegre;DC-POA01;ZonaA;SRV-DB-01;46.60102291329748;34359738368;24485249775;71.26;536870912000;342017381070;63.71;116.58;217047;327019;14;307;chrome.exe;31.06;python.exe;17.2;discord.exe;7.21;chrome.exe;1949371186;discord.exe;828323475;python.exe;918534008;32;26.1;7.68;1779550389;2026-06-02 15:13:09;Tuesday;843838
